id,name,phone,avatar,email,Email,Residence
11870,Jane Miller,2.54798E+11,,,,
11869,Henry Rodriguez,2.54799E+11,,,,
11868,Carlos Martinez,2.54786E+11,,,,
11867,Alice Jones,2.54728E+11,,,,
11866,Bob Jones,2.54794E+11,,,,
11865,Alice Williams,2.54774E+11,,,,
11864,Carlos Williams,2.5477E+11,,,,
11863,Eve Smith,2.54748E+11,,,,
11862,Diana Garcia,2.54759E+11,,,,
11861,Carlos Rodriguez,2.54752E+11,,,,
11860,Henry Miller,2.54766E+11,,,,
11859,Frank Jones,2.54791E+11,,,,
11858,Jane Garcia,2.54789E+11,,,,
11857,Eve Miller,2.54776E+11,,,,
11856,John Brown,2.54765E+11,,,,
11855,Frank Williams,2.54737E+11,,,,
11854,Henry Rodriguez,2.54792E+11,,,,
11853,Bob Rodriguez,2.54797E+11,,,,
11852,Bob Davis,2.54788E+11,,,,
11851,John Brown,2.54756E+11,,,,
11850,Carlos Brown,2.54794E+11,,,,
11849,Eve Rodriguez,2.54791E+11,,,,
11848,Frank Davis,2.54789E+11,,,,
11847,Grace Williams,2.54714E+11,,,,
11846,Frank Garcia,2.548E+11,,,,
11845,Bob Miller,2.54799E+11,,,,
11844,Carlos Johnson,2.54761E+11,,,,
11843,Eve Johnson,2.54759E+11,,,,
11842,Jane Davis,2.5478E+11,,,,
11841,Carlos Martinez,2.54725E+11,,,,
11840,Alice Jones,2.5477E+11,,,,
11839,John Johnson,2.54779E+11,,,,
11838,Jane Martinez,2.54764E+11,,,,
11837,Diana Martinez,2.54781E+11,,,,
11836,Alice Rodriguez,2.54752E+11,,,,
11835,Eve Garcia,2.54762E+11,,,,
11834,Bob Garcia,2.54774E+11,,,,
11833,John Davis,2.54793E+11,,,,
11832,Carlos Williams,2.5477E+11,,,,
11831,Frank Johnson,2.54746E+11,,,,
11830,Carlos Rodriguez,2.5479E+11,,,,
11829,Bob Johnson,2.54782E+11,,,,
11828,Bob Martinez,2.54763E+11,,,,
11827,Diana Garcia,2.5478E+11,,,,
11826,Grace Johnson,2.54726E+11,,,,
11825,Frank Williams,2.54758E+11,,,,
11824,Jane Smith,2.54764E+11,,,,
11823,Frank Brown,2.5473E+11,,,,
11822,Bob Williams,2.54797E+11,,,,
11821,Bob Brown,2.54724E+11,,,,
11820,Carlos Smith,2.54776E+11,,,,
11819,John Rodriguez,2.54743E+11,,,,
11818,Eve Miller,2.54735E+11,,,,
11817,Bob Miller,2.54782E+11,,,,
11816,John Rodriguez,2.54772E+11,,,,
11815,Diana Brown,2.54736E+11,,,,
11814,Frank Martinez,2.54737E+11,,,,
11813,Jane Johnson,2.54729E+11,,,,
11812,Carlos Martinez,2.54795E+11,,,,
11811,Eve Jones,2.54725E+11,,,,
11810,Grace Miller,2.5473E+11,,,,
11809,Frank Martinez,2.54752E+11,,,,
11808,Jane Williams,2.54727E+11,,,,
11807,John Brown,2.54715E+11,,,,
11806,Eve Davis,2.54731E+11,,,,
11805,John Johnson,2.548E+11,,,,
11804,Frank Garcia,2.54713E+11,,,,
11803,John Miller,2.54716E+11,,,,
11802,Henry Brown,2.54789E+11,,,,
11801,Eve Smith,2.54778E+11,,,,
11800,Alice Davis,2.54788E+11,,,,
11799,John Brown,2.54776E+11,,,,
11798,Jane Smith,2.54759E+11,,,,
11797,Grace Smith,2.5478E+11,,,,
11796,Jane Johnson,2.54718E+11,,,,
11795,Jane Johnson,2.5476E+11,,,,
11794,Jane Davis,2.54735E+11,,,,
11793,Eve Jones,2.54785E+11,,,,
11792,Henry Miller,2.54755E+11,,,,
11791,Frank Smith,2.54792E+11,,,,
11790,Grace Miller,2.54786E+11,,,,
11789,Henry Smith,2.54754E+11,,,,
11788,Diana Johnson,2.54797E+11,,,,
11787,Carlos Smith,2.54725E+11,,,,
11786,Alice Rodriguez,2.54714E+11,,,,
11785,Henry Johnson,2.54738E+11,,,,
11784,Carlos Rodriguez,2.54744E+11,,,,
11783,Frank Smith,2.5471E+11,,,,
11782,Alice Brown,2.54727E+11,,,,
11781,Diana Garcia,2.54738E+11,,,,
11780,John Davis,2.5478E+11,,,,
11779,Grace Williams,2.54714E+11,,,,
11778,Jane Johnson,2.54799E+11,,,,
11777,Eve Rodriguez,2.54777E+11,,,,
11776,Bob Garcia,2.54783E+11,,,,
11775,Grace Rodriguez,2.54775E+11,,,,
11774,Frank Miller,2.54755E+11,,,,
11773,Carlos Johnson,2.54717E+11,,,,
11772,Alice Smith,2.54745E+11,,,,
11771,Alice Garcia,2.54744E+11,,,,
11770,Bob Brown,2.54757E+11,,,,
11769,Alice Williams,2.54727E+11,,,,
11768,Henry Garcia,2.54766E+11,,,,
11767,Carlos Martinez,2.54766E+11,,,,
11766,Henry Johnson,2.54717E+11,,,,
11765,Frank Brown,2.54788E+11,,,,
11764,Diana Miller,2.54797E+11,,,,
11763,John Rodriguez,2.54796E+11,,,,
11762,Alice Brown,2.54732E+11,,,,
11761,Carlos Smith,2.54763E+11,,,,
11760,Carlos Martinez,2.5477E+11,,,,
11759,Frank Garcia,2.54765E+11,,,,
11758,Carlos Davis,2.54723E+11,,,,
11757,Grace Miller,2.5475E+11,,,,
11756,Eve Rodriguez,2.54747E+11,,,,
11755,John Jones,2.54769E+11,,,,
11754,Eve Jones,2.5474E+11,,,,
11753,Bob Johnson,2.54745E+11,,,,
11752,Grace Martinez,2.54736E+11,,,,
11751,Eve Davis,2.54745E+11,,,,
11750,Diana Jones,2.54735E+11,,,,
11749,Carlos Johnson,2.54779E+11,,,,
11748,Frank Garcia,2.54791E+11,,,,
11747,Bob Johnson,2.54791E+11,,,,
11746,Frank Johnson,2.54726E+11,,,,
11745,Grace Williams,2.54798E+11,,,,
11744,Bob Miller,2.54787E+11,,,,
11743,Henry Jones,2.54799E+11,,,,
11742,Eve Garcia,2.54798E+11,,,,
11741,Henry Davis,2.54756E+11,,,,
11740,Frank Davis,2.54745E+11,,,,
11739,Eve Martinez,2.5473E+11,,,,
11738,Carlos Brown,2.54777E+11,,,,
11737,Carlos Jones,2.54725E+11,,,,
11736,Jane Johnson,2.54735E+11,,,,
11735,Jane Garcia,2.54737E+11,,,,
11734,Jane Brown,2.5472E+11,,,,
11733,John Johnson,2.5476E+11,,,,
11732,Jane Miller,2.54716E+11,,,,
11731,Frank Garcia,2.54774E+11,,,,
11730,Diana Jones,2.54726E+11,,,,
11729,Carlos Brown,2.54779E+11,,,,
11728,Jane Jones,2.5475E+11,,,,
11727,Eve Jones,2.54757E+11,,,,
11726,Jane Miller,2.54751E+11,,,,
11725,Henry Miller,2.54752E+11,,,,
11724,Diana Smith,2.54792E+11,,,,
11723,Carlos Jones,2.54759E+11,,,,
11722,Henry Garcia,2.54732E+11,,,,
11721,Frank Garcia,2.54712E+11,,,,
11720,Carlos Brown,2.54779E+11,,,,
11719,Carlos Davis,2.5477E+11,,,,
11718,Grace Miller,2.54724E+11,,,,
11717,Jane Brown,2.54714E+11,,,,
11716,Diana Miller,2.54726E+11,,,,
11715,Eve Garcia,2.54752E+11,,,,
11714,Jane Brown,2.54789E+11,,,,
11713,Henry Rodriguez,2.5472E+11,,,,
11712,Carlos Brown,2.54772E+11,,,,
11711,Henry Davis,2.54718E+11,,,,
11710,Diana Martinez,2.54734E+11,,,,
11709,John Williams,2.54778E+11,,,,
11708,Frank Jones,2.54787E+11,,,,
11707,Carlos Martinez,2.54739E+11,,,,
11706,John Miller,2.54766E+11,,,,
11705,Frank Garcia,2.54771E+11,,,,
11704,Henry Martinez,2.54725E+11,,,,
11703,Frank Rodriguez,2.54799E+11,,,,
11702,Grace Garcia,2.54731E+11,,,,
11701,Bob Miller,2.54736E+11,,,,
11700,Henry Rodriguez,2.54731E+11,,,,
11699,Alice Miller,2.54757E+11,,,,
11698,Grace Jones,2.54725E+11,,,,
11697,Alice Johnson,2.54741E+11,,,,
11696,Henry Smith,2.54725E+11,,,,
11695,Alice Martinez,2.54787E+11,,,,
11694,Jane Rodriguez,2.54743E+11,,,,
11693,Bob Brown,2.54714E+11,,,,
11692,Jane Johnson,2.54739E+11,,,,
11691,Henry Brown,2.54759E+11,,,,
11690,Eve Garcia,2.54788E+11,,,,
11689,Henry Brown,2.54724E+11,,,,
11688,Frank Rodriguez,2.54724E+11,,,,
11687,Alice Garcia,2.54715E+11,,,,
11686,Jane Davis,2.54747E+11,,,,
11685,Diana Garcia,2.54764E+11,,,,
11684,Bob Davis,2.5475E+11,,,,
11683,John Johnson,2.54751E+11,,,,
11682,Eve Smith,2.54727E+11,,,,
11681,Diana Williams,2.54721E+11,,,,
11680,Jane Brown,2.54768E+11,,,,
11679,Jane Garcia,2.54731E+11,,,,
11678,Carlos Davis,2.54796E+11,,,,
11677,Bob Garcia,2.54735E+11,,,,
11676,John Garcia,2.54769E+11,,,,
11675,Alice Martinez,2.54746E+11,,,,
11674,Eve Martinez,2.54733E+11,,,,
11673,Frank Garcia,2.54772E+11,,,,
11672,Jane Johnson,2.54768E+11,,,,
11671,Jane Smith,2.5479E+11,,,,
11670,Frank Jones,2.54712E+11,,,,
11669,Grace Garcia,2.54759E+11,,,,
11668,Diana Jones,2.54737E+11,,,,
11667,Frank Martinez,2.5472E+11,,,,
11666,Henry Martinez,2.54739E+11,,,,
11665,Carlos Brown,2.54736E+11,,,,
11664,Henry Garcia,2.54727E+11,,,,
11663,Henry Johnson,2.54787E+11,,,,
11662,Diana Johnson,2.54753E+11,,,,
11661,John Garcia,2.54767E+11,,,,
11660,Henry Brown,2.54752E+11,,,,
11659,Bob Brown,2.54744E+11,,,,
11658,Frank Miller,2.54737E+11,,,,
11657,Jane Smith,2.5478E+11,,,,
11656,Eve Smith,2.54783E+11,,,,
11655,John Williams,2.54779E+11,,,,
11654,Henry Garcia,2.54767E+11,,,,
11653,Grace Williams,2.54794E+11,,,,
11652,John Davis,2.54758E+11,,,,
11651,Alice Jones,2.54762E+11,,,,
11650,John Smith,2.54729E+11,,,,
11649,Diana Williams,2.54799E+11,,,,
11648,Carlos Davis,2.54716E+11,,,,
11647,Bob Williams,2.54767E+11,,,,
11646,Frank Williams,2.54768E+11,,,,
11645,John Davis,2.5476E+11,,,,
11644,Bob Williams,2.54766E+11,,,,
11643,Bob Miller,2.54726E+11,,,,
11642,Jane Davis,2.54777E+11,,,,
11641,Jane Garcia,2.54725E+11,,,,
11640,Bob Rodriguez,2.54715E+11,,,,
11639,Grace Johnson,2.54731E+11,,,,
11638,Jane Williams,2.54717E+11,,,,
11637,Bob Garcia,2.54782E+11,,,,
11636,Diana Garcia,2.54721E+11,,,,
11635,Henry Jones,2.54728E+11,,,,
11634,Frank Smith,2.54776E+11,,,,
11633,Frank Jones,2.54761E+11,,,,
11632,Frank Smith,2.54786E+11,,,,
11631,Bob Garcia,2.54774E+11,,,,
11630,Henry Smith,2.54745E+11,,,,
11629,John Martinez,2.54774E+11,,,,
11628,Eve Jones,2.54729E+11,,,,
11627,Frank Jones,2.54779E+11,,,,
11626,Jane Rodriguez,2.54766E+11,,,,
11625,Frank Rodriguez,2.54787E+11,,,,
11624,Bob Davis,2.54715E+11,,,,
11623,Frank Jones,2.54714E+11,,,,
11622,Henry Jones,2.54748E+11,,,,
11621,Grace Jones,2.54754E+11,,,,
11620,Frank Miller,2.54737E+11,,,,
11619,Eve Rodriguez,2.5476E+11,,,,
11618,Jane Smith,2.54712E+11,,,,
11617,Frank Davis,2.5477E+11,,,,
11616,Eve Brown,2.54737E+11,,,,
11615,Eve Davis,2.54756E+11,,,,
11614,Henry Garcia,2.54793E+11,,,,
11613,John Williams,2.54714E+11,,,,
11612,Henry Williams,2.54763E+11,,,,
11611,Jane Martinez,2.54742E+11,,,,
11610,Carlos Williams,2.54726E+11,,,,
11609,Alice Williams,2.54717E+11,,,,
11608,Carlos Johnson,2.54776E+11,,,,
11607,Diana Jones,2.54731E+11,,,,
11606,Diana Jones,2.548E+11,,,,
11605,Diana Williams,2.54757E+11,,,,
11604,Bob Rodriguez,2.54759E+11,,,,
11603,Grace Jones,2.54756E+11,,,,
11602,Grace Jones,2.54753E+11,,,,
11601,Frank Davis,2.54723E+11,,,,
11600,Alice Johnson,2.54754E+11,,,,
11599,Bob Williams,2.5477E+11,,,,
11598,Jane Garcia,2.54771E+11,,,,
11597,Alice Williams,2.54777E+11,,,,
11596,John Davis,2.54744E+11,,,,
11595,Grace Brown,2.54748E+11,,,,
11594,Carlos Miller,2.54795E+11,,,,
11593,Frank Martinez,2.54741E+11,,,,
11592,John Smith,2.54732E+11,,,,
11591,Carlos Miller,2.54717E+11,,,,
11590,Alice Garcia,2.54744E+11,,,,
11589,Alice Smith,2.54776E+11,,,,
11588,John Rodriguez,2.54762E+11,,,,
11587,Grace Jones,2.54721E+11,,,,
11586,Bob Miller,2.54776E+11,,,,
11585,Grace Davis,2.54722E+11,,,,
11584,Henry Brown,2.54772E+11,,,,
11583,Carlos Smith,2.54718E+11,,,,
11582,Henry Jones,2.54744E+11,,,,
11581,Henry Garcia,2.54731E+11,,,,
11580,Diana Miller,2.54747E+11,,,,
11579,John Martinez,2.54771E+11,,,,
11578,Diana Miller,2.54769E+11,,,,
11577,Eve Martinez,2.54746E+11,,,,
11576,Alice Johnson,2.54712E+11,,,,
11575,Carlos Rodriguez,2.5472E+11,,,,
11574,Henry Rodriguez,2.54744E+11,,,,
11573,Grace Johnson,2.54725E+11,,,,
11572,Bob Smith,2.54746E+11,,,,
11571,Henry Brown,2.54778E+11,,,,
11570,Henry Jones,2.5477E+11,,,,
11569,Diana Johnson,2.548E+11,,,,
11568,Grace Williams,2.54751E+11,,,,
11567,Bob Davis,2.54793E+11,,,,
11566,Frank Johnson,2.54796E+11,,,,
11565,Frank Rodriguez,2.54728E+11,,,,
11564,Grace Rodriguez,2.54784E+11,,,,
11563,Eve Jones,2.54717E+11,,,,
11562,Bob Smith,2.54741E+11,,,,
11561,Grace Williams,2.54731E+11,,,,
11560,Alice Jones,2.54775E+11,,,,
11559,Grace Miller,2.5472E+11,,,,
11558,Alice Martinez,2.54718E+11,,,,
11557,Eve Brown,2.54723E+11,,,,
11556,Alice Smith,2.5473E+11,,,,
11555,Frank Davis,2.54798E+11,,,,
11554,Grace Davis,2.54748E+11,,,,
11553,John Rodriguez,2.54742E+11,,,,
11552,Bob Rodriguez,2.54762E+11,,,,
11551,Diana Martinez,2.54762E+11,,,,
11550,Frank Smith,2.54766E+11,,,,
11549,Henry Williams,2.54762E+11,,,,
11548,Jane Williams,2.54795E+11,,,,
11547,Eve Johnson,2.54786E+11,,,,
11546,Henry Rodriguez,2.54734E+11,,,,
11545,Jane Brown,2.54718E+11,,,,
11544,John Smith,2.54735E+11,,,,
11543,Henry Davis,2.54718E+11,,,,
11542,Bob Williams,2.54783E+11,,,,
11541,Eve Davis,2.5473E+11,,,,
11540,Diana Garcia,2.54759E+11,,,,
11539,Jane Rodriguez,2.54768E+11,,,,
11538,Carlos Martinez,2.54744E+11,,,,
11537,Jane Jones,2.54717E+11,,,,
11536,Bob Miller,2.54719E+11,,,,
11535,Carlos Garcia,2.54774E+11,,,,
11534,Jane Johnson,2.54783E+11,,,,
11533,Diana Johnson,2.54759E+11,,,,
11532,Carlos Davis,2.54744E+11,,,,
11531,Carlos Miller,2.5475E+11,,,,
11530,Henry Miller,2.54793E+11,,,,
11529,Carlos Johnson,2.54752E+11,,,,
11528,Jane Johnson,2.54785E+11,,,,
11527,Frank Brown,2.54741E+11,,,,
11526,Eve Rodriguez,2.54722E+11,,,,
11525,John Rodriguez,2.54728E+11,,,,
11524,Henry Brown,2.54717E+11,,,,
11523,Diana Smith,2.54787E+11,,,,
11522,Diana Davis,2.54727E+11,,,,
11521,Frank Rodriguez,2.54737E+11,,,,
11520,Carlos Brown,2.54738E+11,,,,
11519,Alice Williams,2.54729E+11,,,,
11518,Carlos Jones,2.5473E+11,,,,
11517,Bob Smith,2.54759E+11,,,,
11516,Henry Smith,2.5471E+11,,,,
11515,Eve Davis,2.54763E+11,,,,
11514,Jane Johnson,2.54719E+11,,,,
11513,Frank Garcia,2.5472E+11,,,,
11512,Henry Smith,2.54785E+11,,,,
11511,Diana Williams,2.54745E+11,,,,
11510,Alice Davis,2.5479E+11,,,,
11509,Eve Williams,2.54722E+11,,,,
11508,Carlos Jones,2.54783E+11,,,,
11507,Grace Jones,2.54793E+11,,,,
11506,Diana Davis,2.54775E+11,,,,
11505,Jane Smith,2.54744E+11,,,,
11504,John Jones,2.54778E+11,,,,
11503,Grace Rodriguez,2.54732E+11,,,,
11502,Frank Miller,2.54784E+11,,,,
11501,Carlos Davis,2.54733E+11,,,,
11500,Henry Miller,2.54792E+11,,,,
11499,Alice Miller,2.54731E+11,,,,
11498,Bob Garcia,2.54781E+11,,,,
11497,Carlos Brown,2.54712E+11,,,,
11496,Frank Davis,2.54793E+11,,,,
11495,Frank Jones,2.5471E+11,,,,
11494,Eve Rodriguez,2.54722E+11,,,,
11493,Carlos Smith,2.54741E+11,,,,
11492,Henry Rodriguez,2.54798E+11,,,,
11491,Carlos Brown,2.54751E+11,,,,
11490,Grace Davis,2.54722E+11,,,,
11489,Grace Smith,2.54795E+11,,,,
11488,Frank Martinez,2.5473E+11,,,,
11487,Eve Davis,2.54728E+11,,,,
11486,John Garcia,2.54782E+11,,,,
11485,Frank Brown,2.54764E+11,,,,
11484,Bob Jones,2.54751E+11,,,,
11483,Jane Jones,2.54765E+11,,,,
11482,Bob Williams,2.54733E+11,,,,
11481,Eve Miller,2.54751E+11,,,,
11480,Diana Miller,2.54713E+11,,,,
11479,John Martinez,2.54729E+11,,,,
11478,John Smith,2.54728E+11,,,,
11477,Jane Brown,2.54745E+11,,,,
11476,Carlos Martinez,2.54715E+11,,,,
11475,Frank Davis,2.54736E+11,,,,
11474,John Smith,2.54781E+11,,,,
11473,John Smith,2.54787E+11,,,,
11472,Carlos Brown,2.54778E+11,,,,
11471,Alice Martinez,2.54776E+11,,,,
11470,Eve Davis,2.54764E+11,,,,
11469,Henry Jones,2.54781E+11,,,,
11468,Frank Garcia,2.54732E+11,,,,
11467,Eve Williams,2.54726E+11,,,,
11466,Henry Rodriguez,2.54711E+11,,,,
11465,Eve Garcia,2.5479E+11,,,,
11464,Grace Davis,2.54739E+11,,,,
11463,Jane Brown,2.54737E+11,,,,
11462,Frank Brown,2.5477E+11,,,,
11461,Frank Smith,2.54716E+11,,,,
11460,Grace Rodriguez,2.54779E+11,,,,
11459,Frank Jones,2.54756E+11,,,,
11458,Alice Smith,2.5474E+11,,,,
11457,Alice Williams,2.54732E+11,,,,
11456,Eve Martinez,2.5477E+11,,,,
11455,John Miller,2.54778E+11,,,,
11454,Eve Williams,2.54794E+11,,,,
11453,Jane Williams,2.54731E+11,,,,
11452,Diana Williams,2.54722E+11,,,,
11451,Carlos Jones,2.54768E+11,,,,
11450,Carlos Davis,2.54784E+11,,,,
11449,Henry Davis,2.54716E+11,,,,
11448,Bob Jones,2.5473E+11,,,,
11447,Eve Brown,2.54782E+11,,,,
11446,Frank Johnson,2.54741E+11,,,,
11445,Diana Johnson,2.54751E+11,,,,
11444,Grace Brown,2.5472E+11,,,,
11443,Henry Jones,2.54752E+11,,,,
11442,Bob Davis,2.5477E+11,,,,
11441,Diana Williams,2.54753E+11,,,,
11440,John Rodriguez,2.54753E+11,,,,
11439,Henry Miller,2.54748E+11,,,,
11438,Henry Johnson,2.54777E+11,,,,
11437,Eve Garcia,2.54766E+11,,,,
11436,Frank Johnson,2.5473E+11,,,,
11435,Alice Williams,2.54798E+11,,,,
11434,Jane Smith,2.54773E+11,,,,
11433,Henry Miller,2.5471E+11,,,,
11432,Alice Garcia,2.54745E+11,,,,
11431,Jane Jones,2.54752E+11,,,,
11430,Grace Brown,2.54739E+11,,,,
11429,John Martinez,2.54785E+11,,,,
11428,Grace Jones,2.54737E+11,,,,
11427,Bob Miller,2.54777E+11,,,,
11426,Henry Johnson,2.54791E+11,,,,
11425,Jane Williams,2.54725E+11,,,,
11424,Bob Martinez,2.54798E+11,,,,
11423,Jane Williams,2.5472E+11,,,,
11422,Carlos Brown,2.5473E+11,,,,
11421,Grace Williams,2.5479E+11,,,,
11420,Eve Garcia,2.54789E+11,,,,
11419,Alice Miller,2.54746E+11,,,,
11418,John Brown,2.54791E+11,,,,
11417,Eve Garcia,2.54794E+11,,,,
11416,Alice Martinez,2.54778E+11,,,,
11415,Bob Williams,2.54741E+11,,,,
11414,Jane Jones,2.54793E+11,,,,
11413,Diana Brown,2.54781E+11,,,,
11412,Diana Jones,2.54784E+11,,,,
11411,Alice Miller,2.54726E+11,,,,
11410,Carlos Martinez,2.5475E+11,,,,
11409,John Williams,2.54729E+11,,,,
11408,Grace Rodriguez,2.54731E+11,,,,
11407,Frank Johnson,2.54755E+11,,,,
11406,John Smith,2.54784E+11,,,,
11405,Henry Williams,2.5473E+11,,,,
11404,Eve Smith,2.54773E+11,,,,
11403,Frank Davis,2.54744E+11,,,,
11402,Carlos Rodriguez,2.54794E+11,,,,
11401,John Davis,2.54742E+11,,,,
11400,Bob Garcia,2.54752E+11,,,,
11399,Henry Williams,2.54774E+11,,,,
11398,Alice Davis,2.54774E+11,,,,
11397,Alice Williams,2.5472E+11,,,,
11396,Frank Garcia,2.54746E+11,,,,
11395,Henry Rodriguez,2.54788E+11,,,,
11394,Bob Davis,2.54793E+11,,,,
11393,Jane Williams,2.54773E+11,,,,
11392,Alice Brown,2.54756E+11,,,,
11391,Bob Williams,2.54753E+11,,,,
11390,Frank Jones,2.54733E+11,,,,
11389,Diana Johnson,2.54715E+11,,,,
11388,Jane Martinez,2.54759E+11,,,,
11387,Diana Martinez,2.54765E+11,,,,
11386,Diana Brown,2.54762E+11,,,,
11385,Henry Miller,2.54711E+11,,,,
11384,Bob Smith,2.54796E+11,,,,
11383,Grace Miller,2.54718E+11,,,,
11382,Eve Garcia,2.54756E+11,,,,
11381,Carlos Brown,2.54788E+11,,,,
11380,Eve Brown,2.54713E+11,,,,
11379,Diana Martinez,2.54722E+11,,,,
11378,Alice Jones,2.5473E+11,,,,
11377,Diana Brown,2.54712E+11,,,,
11376,Jane Brown,2.54744E+11,,,,
11375,Bob Martinez,2.54728E+11,,,,
11374,Alice Smith,2.54751E+11,,,,
11373,Eve Jones,2.54715E+11,,,,
11372,Diana Garcia,2.54757E+11,,,,
11371,Frank Jones,2.54716E+11,,,,
11370,Grace Williams,2.54784E+11,,,,
11369,Bob Smith,2.54792E+11,,,,
11368,Henry Williams,2.5479E+11,,,,
11367,Frank Williams,2.54733E+11,,,,
11366,Jane Rodriguez,2.54747E+11,,,,
11365,Grace Jones,2.54742E+11,,,,
11364,John Davis,2.54794E+11,,,,
11363,Frank Davis,2.54763E+11,,,,
11362,Grace Jones,2.54754E+11,,,,
11361,Frank Davis,2.54782E+11,,,,
11360,Frank Rodriguez,2.54765E+11,,,,
11359,Alice Williams,2.54716E+11,,,,
11358,Carlos Martinez,2.54766E+11,,,,
11357,Eve Garcia,2.54726E+11,,,,
11356,Jane Johnson,2.54798E+11,,,,
11355,Frank Williams,2.54798E+11,,,,
11354,Henry Rodriguez,2.54796E+11,,,,
11353,Alice Smith,2.54735E+11,,,,
11352,John Johnson,2.54726E+11,,,,
11351,Bob Garcia,2.54732E+11,,,,
11350,John Smith,2.54775E+11,,,,
11349,Eve Davis,2.54724E+11,,,,
11348,John Johnson,2.54764E+11,,,,
11347,Carlos Johnson,2.54716E+11,,,,
11346,Henry Williams,2.54719E+11,,,,
11345,Grace Williams,2.5479E+11,,,,
11344,Jane Smith,2.54733E+11,,,,
11343,Alice Williams,2.54776E+11,,,,
11342,Jane Johnson,2.54729E+11,,,,
11341,Jane Williams,2.54764E+11,,,,
11340,Grace Miller,2.54757E+11,,,,
11339,Jane Jones,2.54781E+11,,,,
11338,Diana Williams,2.54751E+11,,,,
11337,Bob Brown,2.54767E+11,,,,
11336,Eve Rodriguez,2.5471E+11,,,,
11335,Diana Miller,2.54739E+11,,,,
11334,Bob Smith,2.54712E+11,,,,
11333,Henry Martinez,2.54715E+11,,,,
11332,Carlos Brown,2.54777E+11,,,,
11331,Grace Miller,2.54768E+11,,,,
11330,Bob Jones,2.54773E+11,,,,
11329,Eve Miller,2.54749E+11,,,,
11328,Eve Martinez,2.54765E+11,,,,
11327,Carlos Davis,2.5472E+11,,,,
11326,Frank Miller,2.54794E+11,,,,
11325,Diana Johnson,2.54778E+11,,,,
11324,Alice Garcia,2.54711E+11,,,,
11323,Frank Garcia,2.5473E+11,,,,
11322,Bob Miller,2.5472E+11,,,,
11321,Bob Martinez,2.54773E+11,,,,
11320,Grace Smith,2.5478E+11,,,,
11319,Bob Smith,2.54712E+11,,,,
11318,Jane Johnson,2.54722E+11,,,,
11317,Diana Davis,2.54721E+11,,,,
11316,Diana Martinez,2.54741E+11,,,,
11315,Grace Martinez,2.54771E+11,,,,
11314,John Rodriguez,2.54725E+11,,,,
11313,Eve Johnson,2.5478E+11,,,,
11312,Alice Miller,2.54729E+11,,,,
11311,Alice Brown,2.5474E+11,,,,
11310,John Garcia,2.54774E+11,,,,
11309,Eve Smith,2.54738E+11,,,,
11308,Carlos Brown,2.54759E+11,,,,
11307,Henry Martinez,2.54732E+11,,,,
11306,Bob Smith,2.54793E+11,,,,
11305,Alice Brown,2.54754E+11,,,,
11304,Frank Davis,2.54724E+11,,,,
11303,Eve Garcia,2.54721E+11,,,,
11302,Diana Martinez,2.54722E+11,,,,
11301,John Garcia,2.5477E+11,,,,
11300,Bob Rodriguez,2.54769E+11,,,,
11299,John Smith,2.54777E+11,,,,
11298,Grace Garcia,2.54767E+11,,,,
11297,Henry Brown,2.54761E+11,,,,
11296,Jane Brown,2.54787E+11,,,,
11295,Carlos Jones,2.54784E+11,,,,
11294,Diana Williams,2.54779E+11,,,,
11293,Bob Davis,2.5473E+11,,,,
11292,Carlos Smith,2.54754E+11,,,,
11291,Carlos Garcia,2.54717E+11,,,,
11290,Diana Jones,2.54724E+11,,,,
11289,Eve Jones,2.54732E+11,,,,
11288,Henry Jones,2.54717E+11,,,,
11287,Frank Garcia,2.54769E+11,,,,
11286,Grace Martinez,2.54741E+11,,,,
11285,Carlos Garcia,2.54732E+11,,,,
11284,Henry Williams,2.54722E+11,,,,
11283,John Smith,2.54773E+11,,,,
11282,Bob Smith,2.54756E+11,,,,
11281,Henry Davis,2.5477E+11,,,,
11280,Carlos Garcia,2.54763E+11,,,,
11279,Carlos Johnson,2.54729E+11,,,,
11278,Grace Smith,2.54758E+11,,,,
11277,Alice Rodriguez,2.5477E+11,,,,
11276,John Johnson,2.54749E+11,,,,
11275,Bob Davis,2.54725E+11,,,,
11274,Henry Martinez,2.54739E+11,,,,
11273,Carlos Garcia,2.54751E+11,,,,
11272,Alice Smith,2.54772E+11,,,,
11271,Alice Garcia,2.5479E+11,,,,
11270,Diana Smith,2.54741E+11,,,,
11269,Henry Jones,2.5477E+11,,,,
11268,Bob Johnson,2.54757E+11,,,,
11267,John Rodriguez,2.54765E+11,,,,
11266,Alice Johnson,2.54747E+11,,,,
11265,Frank Martinez,2.54726E+11,,,,
11264,Henry Smith,2.54773E+11,,,,
11263,Henry Rodriguez,2.54747E+11,,,,
11262,John Brown,2.54775E+11,,,,
11261,Henry Rodriguez,2.54717E+11,,,,
11260,Diana Johnson,2.54733E+11,,,,
11259,Frank Davis,2.54732E+11,,,,
11258,Diana Rodriguez,2.54727E+11,,,,
11257,Carlos Rodriguez,2.54788E+11,,,,
11256,Grace Brown,2.54748E+11,,,,
11255,Alice Rodriguez,2.54741E+11,,,,
11254,Alice Rodriguez,2.54796E+11,,,,
11253,Henry Johnson,2.54799E+11,,,,
11252,Frank Johnson,2.54781E+11,,,,
11251,Frank Davis,2.54786E+11,,,,
11250,John Johnson,2.5473E+11,,,,
11249,Bob Rodriguez,2.54755E+11,,,,
11248,Eve Rodriguez,2.54775E+11,,,,
11247,Jane Garcia,2.54762E+11,,,,
11246,John Davis,2.54734E+11,,,,
11245,Jane Rodriguez,2.54722E+11,,,,
11244,John Davis,2.54714E+11,,,,
11243,Jane Rodriguez,2.54734E+11,,,,
11242,Bob Rodriguez,2.54777E+11,,,,
11241,Henry Jones,2.54754E+11,,,,
11240,Carlos Miller,2.54795E+11,,,,
11239,Bob Miller,2.54784E+11,,,,
11238,Diana Jones,2.54733E+11,,,,
11237,Diana Davis,2.54756E+11,,,,
11236,Eve Rodriguez,2.54727E+11,,,,
11235,Henry Martinez,2.54797E+11,,,,
11234,Jane Jones,2.54719E+11,,,,
11233,Jane Jones,2.54731E+11,,,,
11232,Frank Rodriguez,2.54752E+11,,,,
11231,Diana Johnson,2.5472E+11,,,,
11230,Bob Williams,2.54745E+11,,,,
11229,Bob Brown,2.5478E+11,,,,
11228,Henry Garcia,2.54724E+11,,,,
11227,Carlos Williams,2.54751E+11,,,,
11226,Frank Davis,2.54735E+11,,,,
11225,Jane Rodriguez,2.54761E+11,,,,
11224,Diana Johnson,2.54726E+11,,,,
11223,Bob Johnson,2.54739E+11,,,,
11222,John Williams,2.5476E+11,,,,
11221,Eve Davis,2.54783E+11,,,,
11220,Carlos Williams,2.54726E+11,,,,
11219,Frank Garcia,2.54784E+11,,,,
11218,Frank Williams,2.54747E+11,,,,
11217,John Williams,2.54734E+11,,,,
11216,Grace Rodriguez,2.54798E+11,,,,
11215,Alice Smith,2.5477E+11,,,,
11214,Bob Miller,2.54757E+11,,,,
11213,Henry Jones,2.54727E+11,,,,
11212,Frank Rodriguez,2.54729E+11,,,,
11211,Eve Garcia,2.54734E+11,,,,
11210,Diana Johnson,2.54736E+11,,,,
11209,Grace Smith,2.54762E+11,,,,
11208,John Jones,2.54735E+11,,,,
11207,Carlos Miller,2.54723E+11,,,,
11206,Jane Johnson,2.5475E+11,,,,
11205,Diana Martinez,2.54771E+11,,,,
11204,Grace Smith,2.54755E+11,,,,
11203,Jane Williams,2.54757E+11,,,,
11202,Frank Martinez,2.54783E+11,,,,
11201,Bob Smith,2.54773E+11,,,,
11200,Bob Garcia,2.54757E+11,,,,
11199,Diana Brown,2.54722E+11,,,,
11198,Eve Brown,2.54743E+11,,,,
11197,Alice Smith,2.54781E+11,,,,
11196,Jane Davis,2.54714E+11,,,,
11195,John Williams,2.54748E+11,,,,
11194,Henry Martinez,2.54758E+11,,,,
11193,John Brown,2.54736E+11,,,,
11192,Eve Miller,2.5477E+11,,,,
11191,John Garcia,2.54783E+11,,,,
11190,Bob Williams,2.54776E+11,,,,
11189,Bob Brown,2.54727E+11,,,,
11188,Henry Jones,2.54721E+11,,,,
11187,Henry Martinez,2.54744E+11,,,,
11186,Carlos Williams,2.54725E+11,,,,
11185,Eve Smith,2.54793E+11,,,,
11184,Alice Martinez,2.5477E+11,,,,
11183,Diana Smith,2.54771E+11,,,,
11182,Diana Miller,2.54789E+11,,,,
11181,John Garcia,2.54735E+11,,,,
11180,Carlos Williams,2.5478E+11,,,,
11179,Alice Jones,2.54789E+11,,,,
11178,Carlos Johnson,2.54713E+11,,,,
11177,Alice Jones,2.54771E+11,,,,
11176,Jane Martinez,2.54712E+11,,,,
11175,Diana Garcia,2.54718E+11,,,,
11174,Grace Garcia,2.54756E+11,,,,
11173,Jane Garcia,2.54768E+11,,,,
11172,Diana Martinez,2.54736E+11,,,,
11171,Carlos Garcia,2.54799E+11,,,,
11170,Bob Martinez,2.54766E+11,,,,
11169,Carlos Jones,2.54759E+11,,,,
11168,Carlos Brown,2.54728E+11,,,,
11167,Henry Davis,2.54773E+11,,,,
11166,Bob Garcia,2.54732E+11,,,,
11165,Grace Rodriguez,2.54763E+11,,,,
11164,Grace Brown,2.54778E+11,,,,
11163,Henry Miller,2.54787E+11,,,,
11162,Bob Miller,2.54715E+11,,,,
11161,Carlos Brown,2.5471E+11,,,,
11160,Bob Miller,2.54732E+11,,,,
11159,Henry Rodriguez,2.54711E+11,,,,
11158,Alice Williams,2.54718E+11,,,,
11157,Alice Martinez,2.54764E+11,,,,
11156,Henry Miller,2.54753E+11,,,,
11155,Carlos Martinez,2.54728E+11,,,,
11154,Diana Miller,2.54762E+11,,,,
11153,Grace Rodriguez,2.5475E+11,,,,
11152,Alice Rodriguez,2.54725E+11,,,,
11151,Diana Miller,2.54786E+11,,,,
11150,Bob Miller,2.54794E+11,,,,
11149,Grace Garcia,2.5479E+11,,,,
11148,Grace Rodriguez,2.54762E+11,,,,
11147,Jane Rodriguez,2.54784E+11,,,,
11146,Grace Brown,2.54718E+11,,,,
11145,John Garcia,2.54778E+11,,,,
11144,Jane Martinez,2.54756E+11,,,,
11143,Bob Williams,2.54787E+11,,,,
11142,John Jones,2.54715E+11,,,,
11141,Grace Martinez,2.54788E+11,,,,
11140,Eve Brown,2.54748E+11,,,,
11139,Eve Miller,2.54719E+11,,,,
11138,Jane Davis,2.54768E+11,,,,
11137,Grace Miller,2.54777E+11,,,,
11136,Henry Davis,2.54786E+11,,,,
11135,Alice Williams,2.54712E+11,,,,
11134,Diana Brown,2.54766E+11,,,,
11133,John Rodriguez,2.54767E+11,,,,
11132,Jane Smith,2.54721E+11,,,,
11131,Henry Jones,2.54755E+11,,,,
11130,Frank Martinez,2.54793E+11,,,,
11129,John Jones,2.54772E+11,,,,
11128,Frank Garcia,2.54732E+11,,,,
11127,Jane Smith,2.54724E+11,,,,
11126,Grace Rodriguez,2.54729E+11,,,,
11125,Jane Brown,2.54755E+11,,,,
11124,John Miller,2.54718E+11,,,,
11123,Eve Johnson,2.54713E+11,,,,
11122,Frank Williams,2.54776E+11,,,,
11121,Grace Garcia,2.54783E+11,,,,
11120,Henry Garcia,2.54782E+11,,,,
11119,Eve Williams,2.54745E+11,,,,
11118,Frank Rodriguez,2.54735E+11,,,,
11117,Eve Smith,2.54754E+11,,,,
11116,Carlos Miller,2.54753E+11,,,,
11115,Bob Johnson,2.54785E+11,,,,
11114,Carlos Williams,2.54759E+11,,,,
11113,Carlos Johnson,2.54781E+11,,,,
11112,Jane Williams,2.5472E+11,,,,
11111,Carlos Smith,2.54771E+11,,,,
11110,Henry Martinez,2.54769E+11,,,,
11109,Grace Smith,2.54783E+11,,,,
11108,Bob Martinez,2.54775E+11,,,,
11107,Diana Smith,2.54762E+11,,,,
11106,Bob Rodriguez,2.54797E+11,,,,
11105,Jane Jones,2.54733E+11,,,,
11104,Jane Brown,2.54782E+11,,,,
11103,Alice Jones,2.5474E+11,,,,
11102,Bob Martinez,2.54718E+11,,,,
11101,Henry Smith,2.54746E+11,,,,
11100,Eve Johnson,2.5471E+11,,,,
11099,John Rodriguez,2.54714E+11,,,,
11098,Grace Miller,2.54731E+11,,,,
11097,Jane Rodriguez,2.54737E+11,,,,
11096,Grace Rodriguez,2.54712E+11,,,,
11095,Alice Jones,2.54751E+11,,,,
11094,Carlos Jones,2.54774E+11,,,,
11093,Grace Jones,2.54742E+11,,,,
11092,Grace Brown,2.54781E+11,,,,
11091,Jane Miller,2.54762E+11,,,,
11090,John Johnson,2.54776E+11,,,,
11089,Grace Smith,2.54797E+11,,,,
11088,Jane Miller,2.54792E+11,,,,
11087,Frank Brown,2.54756E+11,,,,
11086,Alice Miller,2.54756E+11,,,,
11085,Carlos Garcia,2.54758E+11,,,,
11084,Carlos Smith,2.54738E+11,,,,
11083,Alice Davis,2.54764E+11,,,,
11082,Carlos Garcia,2.54754E+11,,,,
11081,Frank Johnson,2.54776E+11,,,,
11080,Carlos Johnson,2.54723E+11,,,,
11079,Carlos Jones,2.54779E+11,,,,
11078,Frank Johnson,2.54794E+11,,,,
11077,Frank Garcia,2.54796E+11,,,,
11076,Carlos Davis,2.54713E+11,,,,
11075,Bob Rodriguez,2.54721E+11,,,,
11074,Diana Garcia,2.54771E+11,,,,
11073,John Jones,2.54715E+11,,,,
11072,John Garcia,2.54747E+11,,,,
11071,Carlos Miller,2.54785E+11,,,,
11070,John Martinez,2.54732E+11,,,,
11069,Eve Jones,2.54741E+11,,,,
11068,Carlos Jones,2.54732E+11,,,,
11067,Alice Davis,2.5473E+11,,,,
11066,Grace Jones,2.54718E+11,,,,
11065,Grace Smith,2.54784E+11,,,,
11064,Carlos Johnson,2.54792E+11,,,,
11063,Henry Jones,2.54723E+11,,,,
11062,Henry Williams,2.54724E+11,,,,
11061,Henry Williams,2.54769E+11,,,,
11060,Eve Garcia,2.54749E+11,,,,
11059,Eve Miller,2.5476E+11,,,,
11058,Grace Jones,2.54771E+11,,,,
11057,Bob Rodriguez,2.54791E+11,,,,
11056,John Williams,2.54787E+11,,,,
11055,Grace Garcia,2.5475E+11,,,,
11054,Henry Davis,2.54731E+11,,,,
11053,Diana Miller,2.54756E+11,,,,
11052,Bob Smith,2.54792E+11,,,,
11051,Grace Davis,2.54788E+11,,,,
11050,Frank Williams,2.54712E+11,,,,
11049,Eve Smith,2.54762E+11,,,,
11048,Frank Rodriguez,2.54798E+11,,,,
11047,Diana Martinez,2.54741E+11,,,,
11046,Diana Jones,2.54751E+11,,,,
11045,Henry Brown,2.54779E+11,,,,
11044,Eve Johnson,2.5473E+11,,,,
11043,Carlos Johnson,2.54752E+11,,,,
11042,Diana Rodriguez,2.54788E+11,,,,
11041,Grace Rodriguez,2.5472E+11,,,,
11040,Diana Davis,2.54712E+11,,,,
11039,Alice Rodriguez,2.54778E+11,,,,
11038,John Jones,2.54771E+11,,,,
11037,Jane Rodriguez,2.54796E+11,,,,
11036,Eve Miller,2.54771E+11,,,,
11035,Jane Rodriguez,2.54778E+11,,,,
11034,Frank Johnson,2.54762E+11,,,,
11033,Diana Smith,2.5473E+11,,,,
11032,Grace Miller,2.54734E+11,,,,
11031,Jane Miller,2.54748E+11,,,,
11030,Carlos Brown,2.54724E+11,,,,
11029,Diana Garcia,2.54786E+11,,,,
11028,Diana Brown,2.54788E+11,,,,
11027,Diana Johnson,2.54773E+11,,,,
11026,Diana Martinez,2.54768E+11,,,,
11025,Bob Rodriguez,2.54761E+11,,,,
11024,Frank Garcia,2.54797E+11,,,,
11023,Carlos Smith,2.54747E+11,,,,
11022,Jane Miller,2.54712E+11,,,,
11021,Grace Brown,2.54789E+11,,,,
11020,Diana Rodriguez,2.54722E+11,,,,
11019,Diana Smith,2.54741E+11,,,,
11018,Frank Jones,2.54732E+11,,,,
11017,Carlos Smith,2.54734E+11,,,,
11016,Carlos Jones,2.54794E+11,,,,
11015,John Garcia,2.54767E+11,,,,
11014,Diana Davis,2.54784E+11,,,,
11013,Alice Miller,2.54774E+11,,,,
11012,Jane Miller,2.54719E+11,,,,
11011,Grace Davis,2.5474E+11,,,,
11010,Frank Williams,2.54768E+11,,,,
11009,Henry Martinez,2.54745E+11,,,,
11008,Jane Davis,2.54798E+11,,,,
11007,Jane Davis,2.54738E+11,,,,
11006,Frank Miller,2.54798E+11,,,,
11005,Carlos Jones,2.54773E+11,,,,
11004,Frank Martinez,2.54723E+11,,,,
11003,Carlos Jones,2.54742E+11,,,,
11002,Diana Smith,2.54781E+11,,,,
11001,John Davis,2.54751E+11,,,,
11000,Diana Williams,2.54747E+11,,,,
10999,John Smith,2.54756E+11,,,,
10998,Frank Williams,2.54736E+11,,,,
10997,Bob Miller,2.54747E+11,,,,
10996,Grace Johnson,2.54793E+11,,,,
10995,John Jones,2.54774E+11,,,,
10994,Jane Miller,2.54777E+11,,,,
10993,Eve Rodriguez,2.54795E+11,,,,
10992,Grace Miller,2.54763E+11,,,,
10991,Carlos Williams,2.54766E+11,,,,
10990,Carlos Williams,2.54753E+11,,,,
10989,Henry Jones,2.54719E+11,,,,
10988,John Martinez,2.54784E+11,,,,
10987,Alice Johnson,2.54778E+11,,,,
10986,Carlos Williams,2.5473E+11,,,,
10985,Frank Miller,2.54781E+11,,,,
10984,John Smith,2.54743E+11,,,,
10983,Alice Miller,2.54786E+11,,,,
10982,John Martinez,2.54767E+11,,,,
10981,Bob Rodriguez,2.54733E+11,,,,
10980,Jane Rodriguez,2.54758E+11,,,,
10979,Bob Jones,2.54748E+11,,,,
10978,John Miller,2.54718E+11,,,,
10977,Alice Brown,2.54787E+11,,,,
10976,Jane Garcia,2.54765E+11,,,,
10975,Carlos Martinez,2.54775E+11,,,,
10974,Alice Williams,2.54777E+11,,,,
10973,Diana Garcia,2.54713E+11,,,,
10972,Alice Garcia,2.54756E+11,,,,
10971,Bob Brown,2.54777E+11,,,,
10970,Bob Johnson,2.54784E+11,,,,
10969,Eve Johnson,2.54755E+11,,,,
10968,Diana Johnson,2.54774E+11,,,,
10967,Jane Davis,2.54768E+11,,,,
10966,Carlos Williams,2.54726E+11,,,,
10965,Grace Rodriguez,2.54783E+11,,,,
10964,Carlos Garcia,2.5475E+11,,,,
10963,Grace Garcia,2.54738E+11,,,,
10962,Carlos Miller,2.54715E+11,,,,
10961,Frank Garcia,2.5471E+11,,,,
10960,Jane Brown,2.54717E+11,,,,
10959,John Williams,2.54736E+11,,,,
10958,Diana Jones,2.54728E+11,,,,
10957,Alice Martinez,2.54769E+11,,,,
10956,Grace Smith,2.54783E+11,,,,
10955,Carlos Davis,2.54783E+11,,,,
10954,Diana Smith,2.54717E+11,,,,
10953,John Davis,2.54719E+11,,,,
10952,Jane Garcia,2.54766E+11,,,,
10951,Jane Davis,2.54728E+11,,,,
10950,Grace Rodriguez,2.54753E+11,,,,
10949,John Rodriguez,2.54789E+11,,,,
10948,Alice Garcia,2.54743E+11,,,,
10947,Jane Williams,2.54753E+11,,,,
10946,Frank Smith,2.54737E+11,,,,
10945,Henry Davis,2.54754E+11,,,,
10944,Diana Williams,2.54735E+11,,,,
10943,Frank Jones,2.54729E+11,,,,
10942,Henry Davis,2.54761E+11,,,,
10941,Alice Brown,2.54748E+11,,,,
10940,Bob Martinez,2.54764E+11,,,,
10939,Bob Smith,2.54768E+11,,,,
10938,Bob Johnson,2.54779E+11,,,,
10937,Frank Brown,2.54739E+11,,,,
10936,Frank Smith,2.54755E+11,,,,
10935,Jane Miller,2.54712E+11,,,,
10934,Alice Williams,2.54745E+11,,,,
10933,Grace Jones,2.54756E+11,,,,
10932,Henry Johnson,2.54736E+11,,,,
10931,Henry Rodriguez,2.54731E+11,,,,
10930,Carlos Brown,2.54772E+11,,,,
10929,Alice Martinez,2.54773E+11,,,,
10928,John Smith,2.54778E+11,,,,
10927,Jane Miller,2.54768E+11,,,,
10926,Grace Williams,2.5478E+11,,,,
10925,Jane Jones,2.54711E+11,,,,
10924,Eve Rodriguez,2.54796E+11,,,,
10923,Eve Martinez,2.5473E+11,,,,
10922,John Martinez,2.54791E+11,,,,
10921,Eve Miller,2.54726E+11,,,,
10920,Alice Jones,2.54713E+11,,,,
10919,Alice Johnson,2.54792E+11,,,,
10918,Bob Davis,2.54796E+11,,,,
10917,Eve Miller,2.54713E+11,,,,
10916,Frank Brown,2.54749E+11,,,,
10915,John Miller,2.54727E+11,,,,
10914,Bob Davis,2.54743E+11,,,,
10913,Grace Brown,2.54733E+11,,,,
10912,Alice Smith,2.54739E+11,,,,
10911,Diana Jones,2.54799E+11,,,,
10910,Jane Martinez,2.54714E+11,,,,
10909,Bob Jones,2.54742E+11,,,,
10908,Jane Martinez,2.54733E+11,,,,
10907,Jane Jones,2.54779E+11,,,,
10906,John Miller,2.54775E+11,,,,
10905,Carlos Garcia,2.54791E+11,,,,
10904,Jane Martinez,2.54721E+11,,,,
10903,Carlos Garcia,2.54789E+11,,,,
10902,Bob Williams,2.54757E+11,,,,
10901,John Miller,2.54799E+11,,,,
10900,Jane Brown,2.54735E+11,,,,
10899,Bob Martinez,2.54726E+11,,,,
10898,Frank Davis,2.54775E+11,,,,
10897,Diana Garcia,2.54712E+11,,,,
10896,Alice Williams,2.54799E+11,,,,
10895,Bob Johnson,2.54791E+11,,,,
10894,Jane Miller,2.54782E+11,,,,
10893,Henry Brown,2.54767E+11,,,,
10892,John Miller,2.54719E+11,,,,
10891,Bob Jones,2.54776E+11,,,,
10890,Alice Jones,2.54779E+11,,,,
10889,Diana Brown,2.54799E+11,,,,
10888,Frank Rodriguez,2.54796E+11,,,,
10887,Henry Jones,2.54729E+11,,,,
10886,Alice Davis,2.54769E+11,,,,
10885,Frank Williams,2.54728E+11,,,,
10884,Bob Davis,2.54762E+11,,,,
10883,Eve Davis,2.54737E+11,,,,
10882,Frank Johnson,2.54745E+11,,,,
10881,Eve Davis,2.5472E+11,,,,
10880,Bob Garcia,2.54717E+11,,,,
10879,Grace Johnson,2.54735E+11,,,,
10878,Eve Jones,2.54779E+11,,,,
10877,Eve Brown,2.54736E+11,,,,
10876,Carlos Miller,2.5474E+11,,,,
10875,Diana Smith,2.54785E+11,,,,
10874,Frank Johnson,2.5478E+11,,,,
10873,Grace Davis,2.54727E+11,,,,
10872,Carlos Garcia,2.54794E+11,,,,
10871,Bob Johnson,2.54748E+11,,,,
10870,Carlos Martinez,2.54727E+11,,,,
10869,Bob Johnson,2.54774E+11,,,,
10868,Jane Johnson,2.54735E+11,,,,
10867,Jane Jones,2.54789E+11,,,,
10866,Eve Miller,2.54733E+11,,,,
10865,Grace Davis,2.54793E+11,,,,
10864,Grace Brown,2.5472E+11,,,,
10863,Bob Garcia,2.54735E+11,,,,
10862,Bob Miller,2.54789E+11,,,,
10861,Eve Davis,2.54799E+11,,,,
10860,Bob Brown,2.54717E+11,,,,
10859,Bob Williams,2.54714E+11,,,,
10858,Jane Davis,2.54781E+11,,,,
10857,Eve Rodriguez,2.54754E+11,,,,
10856,Grace Martinez,2.54775E+11,,,,
10855,John Miller,2.54737E+11,,,,
10854,Diana Garcia,2.54726E+11,,,,
10853,Carlos Garcia,2.54786E+11,,,,
10852,Frank Smith,2.54768E+11,,,,
10851,Jane Garcia,2.54756E+11,,,,
10850,Grace Williams,2.54752E+11,,,,
10849,Carlos Williams,2.54714E+11,,,,
10848,Alice Davis,2.5479E+11,,,,
10847,Alice Jones,2.54737E+11,,,,
10846,Henry Martinez,2.5474E+11,,,,
10845,Eve Rodriguez,2.54772E+11,,,,
10844,Diana Davis,2.54771E+11,,,,
10843,Diana Martinez,2.54761E+11,,,,
10842,Bob Davis,2.54713E+11,,,,
10841,Diana Miller,2.54724E+11,,,,
10840,Frank Williams,2.54733E+11,,,,
10839,Bob Davis,2.54789E+11,,,,
10838,Carlos Smith,2.54796E+11,,,,
10837,Diana Williams,2.54723E+11,,,,
10836,Henry Davis,2.54722E+11,,,,
10835,Jane Rodriguez,2.54714E+11,,,,
10834,Jane Garcia,2.54745E+11,,,,
10833,John Brown,2.54743E+11,,,,
10832,Jane Rodriguez,2.54752E+11,,,,
10831,Carlos Garcia,2.54799E+11,,,,
10830,Grace Miller,2.54762E+11,,,,
10829,Diana Davis,2.5476E+11,,,,
10828,Diana Martinez,2.54776E+11,,,,
10827,Eve Rodriguez,2.54789E+11,,,,
10826,Carlos Johnson,2.54714E+11,,,,
10825,Grace Miller,2.5477E+11,,,,
10824,Alice Miller,2.54772E+11,,,,
10823,Diana Brown,2.54748E+11,,,,
10822,John Jones,2.54719E+11,,,,
10821,Bob Rodriguez,2.54749E+11,,,,
10820,John Garcia,2.54753E+11,,,,
10819,Carlos Martinez,2.5476E+11,,,,
10818,Jane Miller,2.54771E+11,,,,
10817,John Rodriguez,2.54711E+11,,,,
10816,Bob Martinez,2.5472E+11,,,,
10815,John Martinez,2.54734E+11,,,,
10814,Eve Smith,2.54739E+11,,,,
10813,John Williams,2.54712E+11,,,,
10812,Grace Smith,2.5472E+11,,,,
10811,Diana Johnson,2.54771E+11,,,,
10810,Grace Johnson,2.54762E+11,,,,
10809,Jane Martinez,2.54781E+11,,,,
10808,Grace Smith,2.5475E+11,,,,
10807,Alice Miller,2.54751E+11,,,,
10806,Grace Miller,2.54749E+11,,,,
10805,Jane Davis,2.54779E+11,,,,
10804,Alice Brown,2.5477E+11,,,,
10803,Diana Martinez,2.54746E+11,,,,
10802,Eve Garcia,2.54728E+11,,,,
10801,Henry Rodriguez,2.54741E+11,,,,
10800,Eve Brown,2.54745E+11,,,,
10799,Diana Smith,2.54734E+11,,,,
10798,Alice Davis,2.54756E+11,,,,
10797,Frank Williams,2.54781E+11,,,,
10796,Diana Smith,2.54793E+11,,,,
10795,John Garcia,2.54795E+11,,,,
10794,Grace Rodriguez,2.54768E+11,,,,
10793,Bob Miller,2.54754E+11,,,,
10792,Diana Johnson,2.54727E+11,,,,
10791,Alice Martinez,2.5478E+11,,,,
10790,Henry Brown,2.54713E+11,,,,
10789,Diana Martinez,2.5475E+11,,,,
10788,Carlos Davis,2.54793E+11,,,,
10787,Eve Miller,2.54723E+11,,,,
10786,Henry Jones,2.54721E+11,,,,
10785,Bob Rodriguez,2.54798E+11,,,,
10784,Bob Miller,2.54717E+11,,,,
10783,John Davis,2.54746E+11,,,,
10782,John Martinez,2.54742E+11,,,,
10781,Henry Brown,2.54779E+11,,,,
10780,Jane Davis,2.54755E+11,,,,
10779,Grace Rodriguez,2.5479E+11,,,,
10778,Jane Williams,2.54755E+11,,,,
10777,Jane Williams,2.54713E+11,,,,
10776,Jane Williams,2.54786E+11,,,,
10775,Jane Martinez,2.54745E+11,,,,
10774,Alice Garcia,2.5473E+11,,,,
10773,Bob Rodriguez,2.54712E+11,,,,
10772,Henry Garcia,2.54776E+11,,,,
10771,John Jones,2.54769E+11,,,,
10770,Carlos Martinez,2.54782E+11,,,,
10769,Alice Jones,2.54782E+11,,,,
10768,Diana Brown,2.54731E+11,,,,
10767,Henry Smith,2.54738E+11,,,,
10766,Grace Williams,2.54735E+11,,,,
10765,Diana Martinez,2.54725E+11,,,,
10764,Bob Miller,2.54753E+11,,,,
10763,John Miller,2.54798E+11,,,,
10762,John Rodriguez,2.5477E+11,,,,
10761,Diana Garcia,2.54792E+11,,,,
10760,Grace Williams,2.54761E+11,,,,
10759,Jane Miller,2.54762E+11,,,,
10758,Diana Johnson,2.54761E+11,,,,
10757,Carlos Smith,2.5474E+11,,,,
10756,Carlos Smith,2.54785E+11,,,,
10755,Jane Davis,2.5471E+11,,,,
10754,Carlos Williams,2.5479E+11,,,,
10753,John Williams,2.54793E+11,,,,
10752,Bob Smith,2.54723E+11,,,,
10751,Carlos Williams,2.54793E+11,,,,
10750,Frank Miller,2.548E+11,,,,
10749,Eve Rodriguez,2.54745E+11,,,,
10748,Bob Smith,2.54771E+11,,,,
10747,Diana Rodriguez,2.54793E+11,,,,
10746,Bob Jones,2.54791E+11,,,,
10745,Diana Miller,2.54788E+11,,,,
10744,Bob Garcia,2.54781E+11,,,,
10743,Carlos Brown,2.54789E+11,,,,
10742,Frank Brown,2.5479E+11,,,,
10741,Frank Williams,2.54747E+11,,,,
10740,Eve Martinez,2.54726E+11,,,,
10739,Eve Rodriguez,2.54758E+11,,,,
10738,Carlos Williams,2.54735E+11,,,,
10737,Frank Brown,2.54775E+11,,,,
10736,Diana Miller,2.54741E+11,,,,
10735,Bob Williams,2.54742E+11,,,,
10734,Diana Garcia,2.54751E+11,,,,
10733,Bob Davis,2.54723E+11,,,,
10732,Henry Williams,2.54732E+11,,,,
10731,Diana Miller,2.54772E+11,,,,
10730,Jane Williams,2.5473E+11,,,,
10729,Jane Martinez,2.54792E+11,,,,
10728,Jane Smith,2.54726E+11,,,,
10727,John Williams,2.54716E+11,,,,
10726,Frank Davis,2.54736E+11,,,,
10725,Bob Rodriguez,2.54762E+11,,,,
10724,Henry Brown,2.54713E+11,,,,
10723,Eve Martinez,2.54786E+11,,,,
10722,Carlos Smith,2.54718E+11,,,,
10721,Bob Miller,2.54783E+11,,,,
10720,John Williams,2.54768E+11,,,,
10719,John Martinez,2.54714E+11,,,,
10718,Eve Smith,2.54787E+11,,,,
10717,Frank Jones,2.54742E+11,,,,
10716,Diana Rodriguez,2.54755E+11,,,,
10715,Henry Jones,2.54755E+11,,,,
10714,Jane Jones,2.54789E+11,,,,
10713,Frank Smith,2.54734E+11,,,,
10712,Diana Williams,2.54768E+11,,,,
10711,Diana Miller,2.54725E+11,,,,
10710,Frank Rodriguez,2.54715E+11,,,,
10709,Jane Miller,2.54744E+11,,,,
10708,Jane Rodriguez,2.54787E+11,,,,
10707,Henry Miller,2.54778E+11,,,,
10706,Henry Rodriguez,2.54775E+11,,,,
10705,Carlos Smith,2.54716E+11,,,,
10704,Jane Garcia,2.54716E+11,,,,
10703,Diana Davis,2.54766E+11,,,,
10702,Henry Jones,2.54768E+11,,,,
10701,Diana Smith,2.54729E+11,,,,
10700,Bob Jones,2.54716E+11,,,,
10699,Bob Martinez,2.54782E+11,,,,
10698,Henry Johnson,2.54745E+11,,,,
10697,John Williams,2.54751E+11,,,,
10696,Alice Brown,2.54742E+11,,,,
10695,Grace Martinez,2.5475E+11,,,,
10694,Bob Miller,2.54781E+11,,,,
10693,Carlos Davis,2.54768E+11,,,,
10692,Grace Martinez,2.54744E+11,,,,
10691,Alice Johnson,2.54744E+11,,,,
10690,Alice Jones,2.54782E+11,,,,
10689,Frank Rodriguez,2.54765E+11,,,,
10688,Grace Rodriguez,2.54793E+11,,,,
10687,Henry Jones,2.54799E+11,,,,
10686,Jane Davis,2.54758E+11,,,,
10685,Henry Williams,2.54723E+11,,,,
10684,John Williams,2.54781E+11,,,,
10683,Bob Miller,2.54739E+11,,,,
10682,Eve Garcia,2.54756E+11,,,,
10681,Alice Brown,2.54728E+11,,,,
10680,Grace Miller,2.54776E+11,,,,
10679,Diana Miller,2.5475E+11,,,,
10678,Diana Jones,2.54737E+11,,,,
10677,Carlos Jones,2.54747E+11,,,,
10676,Eve Martinez,2.54763E+11,,,,
10675,John Rodriguez,2.54714E+11,,,,
10674,Diana Smith,2.5473E+11,,,,
10673,Jane Jones,2.54783E+11,,,,
10672,Bob Johnson,2.54777E+11,,,,
10671,Carlos Johnson,2.54738E+11,,,,
10670,Grace Jones,2.5475E+11,,,,
10669,Alice Davis,2.54785E+11,,,,
10668,Diana Williams,2.54781E+11,,,,
10667,Grace Jones,2.54713E+11,,,,
10666,Carlos Martinez,2.54734E+11,,,,
10665,Grace Johnson,2.54756E+11,,,,
10664,Grace Smith,2.5475E+11,,,,
10663,Eve Smith,2.54794E+11,,,,
10662,Carlos Miller,2.54771E+11,,,,
10661,Grace Garcia,2.548E+11,,,,
10660,Jane Miller,2.54774E+11,,,,
10659,Eve Garcia,2.54741E+11,,,,
10658,Grace Williams,2.54721E+11,,,,
10657,Henry Miller,2.54736E+11,,,,
10656,Bob Jones,2.54739E+11,,,,
10655,Alice Brown,2.54798E+11,,,,
10654,Alice Garcia,2.54764E+11,,,,
10653,Alice Jones,2.54729E+11,,,,
10652,Carlos Davis,2.54747E+11,,,,
10651,John Smith,2.54722E+11,,,,
10650,Carlos Johnson,2.54792E+11,,,,
10649,Jane Martinez,2.54766E+11,,,,
10648,Henry Jones,2.54746E+11,,,,
10647,Henry Williams,2.54795E+11,,,,
10646,John Williams,2.5473E+11,,,,
10645,Grace Garcia,2.54796E+11,,,,
10644,Henry Jones,2.5473E+11,,,,
10643,Grace Rodriguez,2.5472E+11,,,,
10642,John Williams,2.5479E+11,,,,
10641,Diana Garcia,2.54793E+11,,,,
10640,Eve Martinez,2.54774E+11,,,,
10639,Alice Miller,2.54769E+11,,,,
10638,Alice Brown,2.5475E+11,,,,
10637,Grace Smith,2.54751E+11,,,,
10636,Grace Martinez,2.54733E+11,,,,
10635,Carlos Williams,2.54718E+11,,,,
10634,Carlos Brown,2.54796E+11,,,,
10633,Henry Miller,2.54714E+11,,,,
10632,Bob Garcia,2.5478E+11,,,,
10631,Carlos Miller,2.54778E+11,,,,
10630,Jane Jones,2.54758E+11,,,,
10629,Jane Johnson,2.5472E+11,,,,
10628,Bob Rodriguez,2.54788E+11,,,,
10627,Bob Smith,2.5475E+11,,,,
10626,Grace Smith,2.54723E+11,,,,
10625,Diana Williams,2.54784E+11,,,,
10624,Carlos Miller,2.54727E+11,,,,
10623,Eve Brown,2.54731E+11,,,,
10622,Jane Rodriguez,2.5477E+11,,,,
10621,Alice Williams,2.54712E+11,,,,
10620,Eve Jones,2.54727E+11,,,,
10619,Jane Jones,2.54767E+11,,,,
10618,John Garcia,2.54724E+11,,,,
10617,Carlos Miller,2.54756E+11,,,,
10616,Grace Williams,2.5471E+11,,,,
10615,Bob Williams,2.5479E+11,,,,
10614,Diana Smith,2.54748E+11,,,,
10613,Alice Garcia,2.54755E+11,,,,
10612,John Miller,2.54766E+11,,,,
10611,Grace Davis,2.54771E+11,,,,
10610,Frank Rodriguez,2.54782E+11,,,,
10609,Carlos Smith,2.54742E+11,,,,
10608,Alice Miller,2.54738E+11,,,,
10607,Eve Miller,2.54788E+11,,,,
10606,John Martinez,2.54731E+11,,,,
10605,Jane Brown,2.54762E+11,,,,
10604,Henry Williams,2.54738E+11,,,,
10603,Bob Rodriguez,2.54774E+11,,,,
10602,Bob Williams,2.54758E+11,,,,
10601,Eve Williams,2.54713E+11,,,,
10600,Frank Garcia,2.54775E+11,,,,
10599,Alice Jones,2.54722E+11,,,,
10598,John Garcia,2.54796E+11,,,,
10597,Jane Miller,2.54751E+11,,,,
10596,Grace Johnson,2.54773E+11,,,,
10595,Carlos Johnson,2.54746E+11,,,,
10594,Grace Rodriguez,2.54797E+11,,,,
10593,Jane Williams,2.54725E+11,,,,
10592,Jane Miller,2.54788E+11,,,,
10591,Eve Smith,2.54797E+11,,,,
10590,Bob Jones,2.5474E+11,,,,
10589,John Rodriguez,2.54715E+11,,,,
10588,Grace Davis,2.54798E+11,,,,
10587,Alice Davis,2.54759E+11,,,,
10586,Henry Jones,2.54742E+11,,,,
10585,Henry Jones,2.54785E+11,,,,
10584,Grace Smith,2.54789E+11,,,,
10583,Grace Brown,2.54755E+11,,,,
10582,Carlos Brown,2.54753E+11,,,,
10581,Diana Miller,2.54756E+11,,,,
10580,Frank Johnson,2.54765E+11,,,,
10579,Grace Davis,2.54752E+11,,,,
10578,Henry Martinez,2.54715E+11,,,,
10577,Henry Jones,2.54719E+11,,,,
10576,Carlos Martinez,2.54791E+11,,,,
10575,Grace Garcia,2.54726E+11,,,,
10574,Alice Rodriguez,2.54747E+11,,,,
10573,Bob Rodriguez,2.54768E+11,,,,
10572,Eve Brown,2.54782E+11,,,,
10571,Frank Davis,2.54764E+11,,,,
10570,John Jones,2.5472E+11,,,,
10569,Eve Rodriguez,2.54749E+11,,,,
10568,Jane Williams,2.54765E+11,,,,
10567,Bob Martinez,2.54734E+11,,,,
10566,Jane Brown,2.54759E+11,,,,
10565,John Brown,2.54754E+11,,,,
10564,Alice Johnson,2.54715E+11,,,,
10563,Diana Brown,2.54795E+11,,,,
10562,Frank Johnson,2.54772E+11,,,,
10561,Grace Martinez,2.54736E+11,,,,
10560,Henry Martinez,2.54773E+11,,,,
10559,Grace Brown,2.54746E+11,,,,
10558,Jane Garcia,2.54726E+11,,,,
10557,Bob Miller,2.5478E+11,,,,
10556,John Davis,2.54767E+11,,,,
10555,Frank Brown,2.54763E+11,,,,
10554,Jane Smith,2.54762E+11,,,,
10553,Diana Jones,2.54761E+11,,,,
10552,John Johnson,2.54743E+11,,,,
10551,Alice Miller,2.54798E+11,,,,
10550,John Davis,2.54799E+11,,,,
10549,Eve Jones,2.5475E+11,,,,
10548,John Garcia,2.54713E+11,,,,
10547,Bob Miller,2.54727E+11,,,,
10546,Henry Johnson,2.54777E+11,,,,
10545,Henry Johnson,2.5472E+11,,,,
10544,Bob Rodriguez,2.54783E+11,,,,
10543,Bob Brown,2.54781E+11,,,,
10542,Henry Davis,2.54761E+11,,,,
10541,Bob Garcia,2.54723E+11,,,,
10540,Diana Smith,2.54761E+11,,,,
10539,John Martinez,2.54753E+11,,,,
10538,Frank Garcia,2.5478E+11,,,,
10537,Diana Garcia,2.54731E+11,,,,
10536,Diana Brown,2.54781E+11,,,,
10535,Carlos Williams,2.54746E+11,,,,
10534,John Jones,2.54789E+11,,,,
10533,Eve Smith,2.54772E+11,,,,
10532,Eve Martinez,2.5478E+11,,,,
10531,Diana Jones,2.5478E+11,,,,
10530,Grace Johnson,2.54745E+11,,,,
10529,Henry Williams,2.54726E+11,,,,
10528,Henry Garcia,2.54713E+11,,,,
10527,Carlos Davis,2.54777E+11,,,,
10526,Carlos Brown,2.54781E+11,,,,
10525,Jane Miller,2.54769E+11,,,,
10524,Carlos Martinez,2.54798E+11,,,,
10523,John Williams,2.54753E+11,,,,
10522,Carlos Davis,2.54795E+11,,,,
10521,John Smith,2.5477E+11,,,,
10520,Diana Johnson,2.54783E+11,,,,
10519,Frank Rodriguez,2.5476E+11,,,,
10518,John Johnson,2.5476E+11,,,,
10517,Diana Martinez,2.54781E+11,,,,
10516,Henry Jones,2.54777E+11,,,,
10515,Jane Johnson,2.5476E+11,,,,
10514,John Miller,2.54798E+11,,,,
10513,Diana Rodriguez,2.54743E+11,,,,
10512,Jane Williams,2.54746E+11,,,,
10511,Grace Brown,2.54793E+11,,,,
10510,Alice Johnson,2.54737E+11,,,,
10509,Frank Smith,2.54757E+11,,,,
10508,John Johnson,2.54751E+11,,,,
10507,John Martinez,2.54716E+11,,,,
10506,Frank Davis,2.54765E+11,,,,
10505,Carlos Martinez,2.54744E+11,,,,
10504,Grace Brown,2.54763E+11,,,,
10503,Bob Davis,2.54776E+11,,,,
10502,John Williams,2.54761E+11,,,,
10501,John Williams,2.54758E+11,,,,
10500,John Rodriguez,2.54772E+11,,,,
10499,John Johnson,2.54766E+11,,,,
10498,Alice Williams,2.54724E+11,,,,
10497,John Martinez,2.54781E+11,,,,
10496,Frank Martinez,2.54729E+11,,,,
10495,Grace Martinez,2.5473E+11,,,,
10494,Jane Johnson,2.54781E+11,,,,
10493,Alice Garcia,2.54725E+11,,,,
10492,Carlos Davis,2.54787E+11,,,,
10491,Alice Garcia,2.54795E+11,,,,
10490,Frank Jones,2.54759E+11,,,,
10489,Jane Williams,2.5472E+11,,,,
10488,Bob Martinez,2.5476E+11,,,,
10487,Frank Smith,2.54751E+11,,,,
10486,Frank Garcia,2.54778E+11,,,,
10485,Alice Jones,2.54799E+11,,,,
10484,Alice Smith,2.54763E+11,,,,
10483,Carlos Brown,2.54738E+11,,,,
10482,Frank Johnson,2.54784E+11,,,,
10481,Grace Garcia,2.54784E+11,,,,
10480,Carlos Rodriguez,2.548E+11,,,,
10479,Frank Brown,2.54783E+11,,,,
10478,Eve Brown,2.54728E+11,,,,
10477,Eve Jones,2.54734E+11,,,,
10476,Alice Davis,2.54737E+11,,,,
10475,Jane Garcia,2.54718E+11,,,,
10474,Eve Miller,2.54776E+11,,,,
10473,Bob Rodriguez,2.54787E+11,,,,
10472,Jane Williams,2.54744E+11,,,,
10471,John Miller,2.54755E+11,,,,
10470,Jane Martinez,2.54728E+11,,,,
10469,Frank Johnson,2.54753E+11,,,,
10468,Diana Smith,2.5477E+11,,,,
10467,John Brown,2.54729E+11,,,,
10466,Frank Williams,2.5472E+11,,,,
10465,Grace Rodriguez,2.54718E+11,,,,
10464,Frank Davis,2.54761E+11,,,,
10463,Henry Jones,2.54716E+11,,,,
10462,Eve Miller,2.54777E+11,,,,
10461,John Williams,2.54779E+11,,,,
10460,Eve Brown,2.54721E+11,,,,
10459,Diana Davis,2.54773E+11,,,,
10458,Alice Williams,2.54751E+11,,,,
10457,Frank Martinez,2.54788E+11,,,,
10456,Henry Miller,2.54796E+11,,,,
10455,Bob Williams,2.5479E+11,,,,
10454,Jane Miller,2.54729E+11,,,,
10453,Bob Williams,2.54758E+11,,,,
10452,Grace Williams,2.54746E+11,,,,
10451,Diana Johnson,2.54724E+11,,,,
10450,Grace Davis,2.54746E+11,,,,
10449,John Davis,2.54752E+11,,,,
10448,Frank Smith,2.54796E+11,,,,
10447,Jane Brown,2.54769E+11,,,,
10446,Carlos Brown,2.54788E+11,,,,
10445,Carlos Johnson,2.54786E+11,,,,
10444,Henry Rodriguez,2.54796E+11,,,,
10443,Bob Martinez,2.54733E+11,,,,
10442,John Martinez,2.54729E+11,,,,
10441,John Smith,2.54767E+11,,,,
10440,Henry Brown,2.54753E+11,,,,
10439,Jane Brown,2.54791E+11,,,,
10438,Alice Garcia,2.54743E+11,,,,
10437,Eve Jones,2.54799E+11,,,,
10436,Jane Miller,2.54757E+11,,,,
10435,Diana Miller,2.54732E+11,,,,
10434,Frank Miller,2.54739E+11,,,,
10433,Grace Smith,2.54715E+11,,,,
10432,Frank Martinez,2.54751E+11,,,,
10431,Bob Williams,2.54753E+11,,,,
10430,Carlos Jones,2.54733E+11,,,,
10429,Eve Williams,2.54794E+11,,,,
10428,Grace Davis,2.54766E+11,,,,
10427,Eve Smith,2.54751E+11,,,,
10426,Henry Rodriguez,2.5478E+11,,,,
10425,Frank Smith,2.54791E+11,,,,
10424,Bob Martinez,2.54741E+11,,,,
10423,Jane Garcia,2.54716E+11,,,,
10422,Alice Miller,2.54754E+11,,,,
10421,Carlos Rodriguez,2.5479E+11,,,,
10420,Carlos Jones,2.54712E+11,,,,
10419,Eve Rodriguez,2.54783E+11,,,,
10418,Diana Davis,2.5478E+11,,,,
10417,Frank Johnson,2.54732E+11,,,,
10416,Henry Jones,2.54765E+11,,,,
10415,John Rodriguez,2.54772E+11,,,,
10414,Alice Martinez,2.54789E+11,,,,
10413,Jane Smith,2.54775E+11,,,,
10412,John Miller,2.54733E+11,,,,
10411,Jane Davis,2.54736E+11,,,,
10410,Eve Smith,2.54724E+11,,,,
10409,John Williams,2.5477E+11,,,,
10408,Jane Jones,2.54731E+11,,,,
10407,Alice Martinez,2.54725E+11,,,,
10406,Frank Jones,2.54769E+11,,,,
10405,Jane Smith,2.54758E+11,,,,
10404,Bob Garcia,2.54721E+11,,,,
10403,Eve Miller,2.5475E+11,,,,
10402,Bob Martinez,2.54791E+11,,,,
10401,Frank Smith,2.54769E+11,,,,
10400,Alice Brown,2.54729E+11,,,,
10399,Bob Miller,2.54771E+11,,,,
10398,Henry Miller,2.54793E+11,,,,
10397,Grace Rodriguez,2.54722E+11,,,,
10396,Jane Smith,2.54728E+11,,,,
10395,Jane Miller,2.54795E+11,,,,
10394,Alice Brown,2.54765E+11,,,,
10393,Henry Martinez,2.54726E+11,,,,
10392,John Johnson,2.54716E+11,,,,
10391,Jane Davis,2.5473E+11,,,,
10390,Eve Johnson,2.54727E+11,,,,
10389,Bob Rodriguez,2.54756E+11,,,,
10388,Grace Davis,2.54738E+11,,,,
10387,Henry Smith,2.548E+11,,,,
10386,Frank Davis,2.54716E+11,,,,
10385,Frank Brown,2.54723E+11,,,,
10384,Henry Williams,2.54738E+11,,,,
10383,John Davis,2.5472E+11,,,,
10382,John Garcia,2.54786E+11,,,,
10381,Frank Miller,2.54742E+11,,,,
10380,Eve Rodriguez,2.54715E+11,,,,
10379,Alice Miller,2.54791E+11,,,,
10378,Eve Miller,2.54769E+11,,,,
10377,Bob Johnson,2.54794E+11,,,,
10376,Frank Johnson,2.5471E+11,,,,
10375,John Smith,2.54756E+11,,,,
10374,Grace Miller,2.5477E+11,,,,
10373,Carlos Davis,2.54764E+11,,,,
10372,Henry Garcia,2.54737E+11,,,,
10371,Alice Jones,2.54759E+11,,,,
10370,Eve Williams,2.54793E+11,,,,
10369,Eve Brown,2.54786E+11,,,,
10368,Carlos Davis,2.54728E+11,,,,
10367,Bob Brown,2.5479E+11,,,,
10366,Diana Johnson,2.54741E+11,,,,
10365,Carlos Martinez,2.54785E+11,,,,
10364,Diana Garcia,2.54772E+11,,,,
10363,Eve Johnson,2.54789E+11,,,,
10362,Frank Martinez,2.54714E+11,,,,
10361,Alice Smith,2.5477E+11,,,,
10360,John Miller,2.54752E+11,,,,
10359,Carlos Rodriguez,2.54761E+11,,,,
10358,John Jones,2.54793E+11,,,,
10357,Alice Smith,2.54789E+11,,,,
10356,Bob Miller,2.54718E+11,,,,
10355,Frank Smith,2.54749E+11,,,,
10354,Bob Garcia,2.54742E+11,,,,
10353,Bob Garcia,2.54721E+11,,,,
10352,Henry Johnson,2.54746E+11,,,,
10351,Henry Garcia,2.54725E+11,,,,
10350,Henry Garcia,2.54742E+11,,,,
10349,Jane Garcia,2.54731E+11,,,,
10348,John Jones,2.54727E+11,,,,
10347,Carlos Williams,2.54784E+11,,,,
10346,Henry Garcia,2.54782E+11,,,,
10345,Henry Smith,2.54745E+11,,,,
10344,Henry Davis,2.54721E+11,,,,
10343,Carlos Martinez,2.54724E+11,,,,
10342,Eve Garcia,2.5471E+11,,,,
10341,Carlos Garcia,2.54768E+11,,,,
10340,Eve Williams,2.54792E+11,,,,
10339,John Brown,2.54732E+11,,,,
10338,Grace Jones,2.54755E+11,,,,
10337,Henry Smith,2.54765E+11,,,,
10336,Alice Smith,2.54776E+11,,,,
10335,Alice Davis,2.5474E+11,,,,
10334,Diana Williams,2.54719E+11,,,,
10333,Alice Jones,2.54755E+11,,,,
10332,John Garcia,2.54794E+11,,,,
10331,Henry Jones,2.54797E+11,,,,
10330,John Smith,2.54726E+11,,,,
10329,Diana Rodriguez,2.54741E+11,,,,
10328,Bob Davis,2.5479E+11,,,,
10327,Bob Johnson,2.54739E+11,,,,
10326,John Jones,2.54733E+11,,,,
10325,Carlos Davis,2.54751E+11,,,,
10324,Henry Jones,2.5473E+11,,,,
10323,Henry Martinez,2.54785E+11,,,,
10322,Alice Williams,2.54776E+11,,,,
10321,Frank Johnson,2.54724E+11,,,,
10320,Carlos Miller,2.54731E+11,,,,
10319,Bob Martinez,2.54715E+11,,,,
10318,Carlos Martinez,2.5471E+11,,,,
10317,Henry Jones,2.54784E+11,,,,
10316,Frank Smith,2.54756E+11,,,,
10315,Diana Miller,2.54779E+11,,,,
10314,Carlos Garcia,2.54772E+11,,,,
10313,Grace Martinez,2.54713E+11,,,,
10312,Carlos Davis,2.54794E+11,,,,
10311,Bob Garcia,2.54739E+11,,,,
10310,Jane Garcia,2.54732E+11,,,,
10309,Diana Davis,2.54721E+11,,,,
10308,Henry Martinez,2.5478E+11,,,,
10307,Bob Smith,2.54735E+11,,,,
10306,Frank Brown,2.54774E+11,,,,
10305,Frank Martinez,2.54791E+11,,,,
10304,Alice Miller,2.54726E+11,,,,
10303,Alice Jones,2.54731E+11,,,,
10302,John Smith,2.54781E+11,,,,
10301,Grace Rodriguez,2.54765E+11,,,,
10300,Carlos Miller,2.54781E+11,,,,
10299,Alice Rodriguez,2.54795E+11,,,,
10298,Grace Williams,2.54719E+11,,,,
10297,Bob Garcia,2.54726E+11,,,,
10296,Eve Garcia,2.54771E+11,,,,
10295,Bob Brown,2.54773E+11,,,,
10294,Grace Brown,2.54782E+11,,,,
10293,Grace Davis,2.54774E+11,,,,
10292,Jane Martinez,2.54759E+11,,,,
10291,Jane Williams,2.54793E+11,,,,
10290,Jane Jones,2.54738E+11,,,,
10289,Alice Johnson,2.54729E+11,,,,
10288,Carlos Jones,2.54722E+11,,,,
10287,Henry Johnson,2.54711E+11,,,,
10286,Jane Williams,2.54745E+11,,,,
10285,Bob Johnson,2.54761E+11,,,,
10284,Carlos Jones,2.54787E+11,,,,
10283,Grace Williams,2.54751E+11,,,,
10282,Henry Martinez,2.54748E+11,,,,
10281,Carlos Williams,2.54782E+11,,,,
10280,Alice Smith,2.5478E+11,,,,
10279,Jane Garcia,2.54731E+11,,,,
10278,Alice Garcia,2.548E+11,,,,
10277,Grace Johnson,2.54757E+11,,,,
10276,Jane Martinez,2.54779E+11,,,,
10275,Henry Davis,2.54742E+11,,,,
10274,Diana Johnson,2.5477E+11,,,,
10273,Alice Jones,2.54774E+11,,,,
10272,Diana Brown,2.54789E+11,,,,
10271,Jane Rodriguez,2.54781E+11,,,,
10270,John Williams,2.5471E+11,,,,
10269,Henry Smith,2.54766E+11,,,,
10268,Henry Martinez,2.54717E+11,,,,
10267,Grace Garcia,2.54757E+11,,,,
10266,Frank Smith,2.54792E+11,,,,
10265,Frank Williams,2.54722E+11,,,,
10264,Jane Garcia,2.54725E+11,,,,
10263,Diana Miller,2.54794E+11,,,,
10262,Eve Martinez,2.54724E+11,,,,
10261,Eve Rodriguez,2.54721E+11,,,,
10260,Bob Johnson,2.54791E+11,,,,
10259,Bob Miller,2.54748E+11,,,,
10258,Alice Davis,2.54725E+11,,,,
10257,Eve Martinez,2.54733E+11,,,,
10256,Grace Rodriguez,2.54751E+11,,,,
10255,Bob Davis,2.54731E+11,,,,
10254,Bob Williams,2.54718E+11,,,,
10253,John Miller,2.54797E+11,,,,
10252,Henry Williams,2.54716E+11,,,,
10251,Frank Brown,2.54764E+11,,,,
10250,John Williams,2.54717E+11,,,,
10249,Carlos Smith,2.54771E+11,,,,
10248,Grace Rodriguez,2.54711E+11,,,,
10247,Grace Martinez,2.54718E+11,,,,
10246,Henry Smith,2.54786E+11,,,,
10245,Alice Davis,2.54738E+11,,,,
10244,Frank Brown,2.54773E+11,,,,
10243,Frank Martinez,2.54728E+11,,,,
10242,Henry Garcia,2.5475E+11,,,,
10241,Frank Martinez,2.54798E+11,,,,
10240,Jane Martinez,2.54724E+11,,,,
10239,Alice Garcia,2.54731E+11,,,,
10238,Frank Davis,2.5474E+11,,,,
10237,Diana Smith,2.54712E+11,,,,
10236,Carlos Miller,2.54771E+11,,,,
10235,Grace Martinez,2.54748E+11,,,,
10234,Diana Johnson,2.54772E+11,,,,
10233,John Martinez,2.54726E+11,,,,
10232,Eve Garcia,2.54775E+11,,,,
10231,John Smith,2.54731E+11,,,,
10230,Carlos Miller,2.5479E+11,,,,
10229,Jane Martinez,2.54724E+11,,,,
10228,Alice Johnson,2.54722E+11,,,,
10227,Henry Davis,2.54714E+11,,,,
10226,Eve Smith,2.54745E+11,,,,
10225,Jane Davis,2.54733E+11,,,,
10224,Bob Johnson,2.54758E+11,,,,
10223,Grace Martinez,2.54796E+11,,,,
10222,Eve Miller,2.54774E+11,,,,
10221,Frank Rodriguez,2.54752E+11,,,,
10220,Carlos Davis,2.548E+11,,,,
10219,Henry Brown,2.54794E+11,,,,
10218,Bob Williams,2.54778E+11,,,,
10217,Henry Williams,2.54767E+11,,,,
10216,Bob Brown,2.54797E+11,,,,
10215,Alice Davis,2.54721E+11,,,,
10214,Henry Rodriguez,2.54744E+11,,,,
10213,Diana Davis,2.54795E+11,,,,
10212,Bob Smith,2.54749E+11,,,,
10211,Eve Davis,2.54757E+11,,,,
10210,Eve Martinez,2.54723E+11,,,,
10209,Diana Davis,2.54773E+11,,,,
10208,Bob Martinez,2.54744E+11,,,,
10207,Alice Rodriguez,2.54781E+11,,,,
10206,Alice Jones,2.54745E+11,,,,
10205,Diana Jones,2.54733E+11,,,,
10204,Eve Johnson,2.54746E+11,,,,
10203,Henry Jones,2.54742E+11,,,,
10202,Henry Johnson,2.54759E+11,,,,
10201,Jane Miller,2.54736E+11,,,,
10200,Diana Jones,2.5477E+11,,,,
10199,Eve Miller,2.54783E+11,,,,
10198,Eve Williams,2.54766E+11,,,,
10197,John Miller,2.54734E+11,,,,
10196,Jane Williams,2.54718E+11,,,,
10195,Bob Johnson,2.54755E+11,,,,
10194,Carlos Garcia,2.54718E+11,,,,
10193,Frank Jones,2.54727E+11,,,,
10192,Diana Brown,2.54776E+11,,,,
10191,Diana Williams,2.54745E+11,,,,
10190,Grace Johnson,2.54786E+11,,,,
10189,Diana Williams,2.5476E+11,,,,
10188,John Davis,2.54753E+11,,,,
10187,Bob Brown,2.54724E+11,,,,
10186,Jane Davis,2.5476E+11,,,,
10185,Bob Johnson,2.54767E+11,,,,
10184,Jane Jones,2.54799E+11,,,,
10183,Bob Johnson,2.5476E+11,,,,
10182,Carlos Williams,2.54728E+11,,,,
10181,Alice Garcia,2.54792E+11,,,,
10180,Carlos Rodriguez,2.54783E+11,,,,
10179,John Martinez,2.54715E+11,,,,
10178,John Miller,2.54787E+11,,,,
10177,Bob Martinez,2.54785E+11,,,,
10176,Jane Davis,2.54789E+11,,,,
10175,Eve Martinez,2.5477E+11,,,,
10174,Diana Garcia,2.54778E+11,,,,
10173,Jane Garcia,2.54783E+11,,,,
10172,Eve Johnson,2.54719E+11,,,,
10171,Alice Rodriguez,2.54714E+11,,,,
10170,Carlos Garcia,2.5476E+11,,,,
10169,Frank Martinez,2.54748E+11,,,,
10168,Alice Jones,2.54742E+11,,,,
10167,Jane Davis,2.5479E+11,,,,
10166,Grace Garcia,2.54794E+11,,,,
10165,Jane Jones,2.54794E+11,,,,
10164,John Williams,2.54764E+11,,,,
10163,John Davis,2.54757E+11,,,,
10162,John Brown,2.54741E+11,,,,
10161,Jane Martinez,2.54711E+11,,,,
10160,Henry Brown,2.54743E+11,,,,
10159,Eve Martinez,2.54778E+11,,,,
10158,Diana Miller,2.54717E+11,,,,
10157,Frank Rodriguez,2.54772E+11,,,,
10156,Diana Williams,2.54743E+11,,,,
10155,Jane Jones,2.54799E+11,,,,
10154,Alice Williams,2.54761E+11,,,,
10153,Diana Rodriguez,2.54768E+11,,,,
10152,Grace Johnson,2.54748E+11,,,,
10151,Diana Smith,2.54764E+11,,,,
10150,Bob Martinez,2.54791E+11,,,,
10149,Grace Brown,2.54769E+11,,,,
10148,Carlos Williams,2.54771E+11,,,,
10147,Bob Brown,2.54756E+11,,,,
10146,Diana Davis,2.54772E+11,,,,
10145,Jane Miller,2.54741E+11,,,,
10144,Diana Williams,2.5471E+11,,,,
10143,Diana Davis,2.54717E+11,,,,
10142,Grace Miller,2.54712E+11,,,,
10141,Frank Garcia,2.54723E+11,,,,
10140,Jane Johnson,2.54766E+11,,,,
10139,Bob Johnson,2.54729E+11,,,,
10138,Jane Williams,2.54785E+11,,,,
10137,Grace Smith,2.5476E+11,,,,
10136,Carlos Miller,2.54721E+11,,,,
10135,Alice Brown,2.54773E+11,,,,
10134,Carlos Brown,2.54748E+11,,,,
10133,Carlos Miller,2.54767E+11,,,,
10132,Eve Brown,2.54758E+11,,,,
10131,Carlos Johnson,2.54785E+11,,,,
10130,Bob Johnson,2.54734E+11,,,,
10129,Henry Davis,2.54773E+11,,,,
10128,John Smith,2.54783E+11,,,,
10127,Alice Martinez,2.54735E+11,,,,
10126,Jane Johnson,2.54712E+11,,,,
10125,Eve Johnson,2.54741E+11,,,,
10124,Alice Davis,2.54754E+11,,,,
10123,Alice Johnson,2.54725E+11,,,,
10122,John Garcia,2.54789E+11,,,,
10121,Grace Garcia,2.54768E+11,,,,
10120,Diana Williams,2.54765E+11,,,,
10119,Bob Brown,2.54752E+11,,,,
10118,Carlos Garcia,2.54717E+11,,,,
10117,Carlos Garcia,2.5477E+11,,,,
10116,Bob Jones,2.54789E+11,,,,
10115,Diana Miller,2.54764E+11,,,,
10114,Jane Davis,2.54774E+11,,,,
10113,Henry Brown,2.54728E+11,,,,
10112,Eve Jones,2.54718E+11,,,,
10111,Eve Miller,2.54733E+11,,,,
10110,Frank Johnson,2.5478E+11,,,,
10109,Carlos Johnson,2.54775E+11,,,,
10108,Diana Garcia,2.54784E+11,,,,
10107,Jane Jones,2.54762E+11,,,,
10106,John Smith,2.54751E+11,,,,
10105,Jane Davis,2.54769E+11,,,,
10104,John Martinez,2.54739E+11,,,,
10103,Diana Johnson,2.5475E+11,,,,
10102,Bob Johnson,2.54771E+11,,,,
10101,Eve Smith,2.54784E+11,,,,
10100,Frank Garcia,2.54774E+11,,,,
10099,John Martinez,2.54722E+11,,,,
10098,Henry Garcia,2.54793E+11,,,,
10097,Alice Garcia,2.5473E+11,,,,
10096,Carlos Brown,2.54745E+11,,,,
10095,Carlos Jones,2.54725E+11,,,,
10094,Alice Garcia,2.54732E+11,,,,
10093,Eve Garcia,2.54798E+11,,,,
10092,Diana Smith,2.54774E+11,,,,
10091,John Smith,2.54746E+11,,,,
10090,Alice Johnson,2.54763E+11,,,,
10089,Henry Martinez,2.54763E+11,,,,
10088,Henry Williams,2.54792E+11,,,,
10087,John Miller,2.54745E+11,,,,
10086,Eve Jones,2.54739E+11,,,,
10085,Diana Garcia,2.54746E+11,,,,
10084,Carlos Williams,2.54733E+11,,,,
10083,Eve Johnson,2.54714E+11,,,,
10082,Bob Johnson,2.54714E+11,,,,
10081,Alice Johnson,2.54744E+11,,,,
10080,Jane Martinez,2.54754E+11,,,,
10079,Frank Davis,2.54747E+11,,,,
10078,Grace Brown,2.54767E+11,,,,
10077,Henry Brown,2.54713E+11,,,,
10076,Henry Rodriguez,2.54757E+11,,,,
10075,Henry Miller,2.54787E+11,,,,
10074,Diana Smith,2.54758E+11,,,,
10073,Diana Johnson,2.54772E+11,,,,
10072,Bob Brown,2.54736E+11,,,,
10071,Carlos Garcia,2.54741E+11,,,,
10070,Jane Smith,2.54737E+11,,,,
10069,Jane Rodriguez,2.54798E+11,,,,
10068,Jane Johnson,2.54799E+11,,,,
10067,Henry Rodriguez,2.54724E+11,,,,
10066,Frank Miller,2.54749E+11,,,,
10065,Alice Jones,2.54759E+11,,,,
10064,John Garcia,2.5475E+11,,,,
10063,Grace Brown,2.54768E+11,,,,
10062,Henry Brown,2.54743E+11,,,,
10061,John Martinez,2.54716E+11,,,,
10060,Bob Johnson,2.54787E+11,,,,
10059,Henry Brown,2.54746E+11,,,,
10058,Diana Brown,2.54781E+11,,,,
10057,Bob Smith,2.5475E+11,,,,
10056,Eve Garcia,2.54768E+11,,,,
10055,John Garcia,2.54763E+11,,,,
10054,Carlos Williams,2.5473E+11,,,,
10053,Bob Martinez,2.5474E+11,,,,
10052,Jane Davis,2.54768E+11,,,,
10051,Eve Williams,2.54761E+11,,,,
10050,Frank Jones,2.54778E+11,,,,
10049,Carlos Rodriguez,2.54786E+11,,,,
10048,Carlos Miller,2.54759E+11,,,,
10047,Henry Smith,2.54779E+11,,,,
10046,Eve Smith,2.54725E+11,,,,
10045,Bob Jones,2.54757E+11,,,,
10044,Alice Johnson,2.54762E+11,,,,
10043,Alice Davis,2.54778E+11,,,,
10042,Grace Garcia,2.54723E+11,,,,
10041,Alice Martinez,2.54766E+11,,,,
10040,John Miller,2.54744E+11,,,,
10039,Grace Garcia,2.54767E+11,,,,
10038,Frank Davis,2.5479E+11,,,,
10037,Henry Jones,2.5476E+11,,,,
10036,Alice Brown,2.54728E+11,,,,
10035,Frank Johnson,2.54766E+11,,,,
10034,John Smith,2.5479E+11,,,,
10033,Bob Smith,2.54768E+11,,,,
10032,Bob Davis,2.5474E+11,,,,
10031,John Davis,2.54794E+11,,,,
10030,Diana Garcia,2.54797E+11,,,,
10029,Carlos Martinez,2.54717E+11,,,,
10028,Carlos Davis,2.54781E+11,,,,
10027,Frank Garcia,2.5479E+11,,,,
10026,Alice Johnson,2.54762E+11,,,,
10025,Bob Garcia,2.54728E+11,,,,
10024,John Martinez,2.54725E+11,,,,
10023,Eve Rodriguez,2.54734E+11,,,,
10022,Carlos Smith,2.54744E+11,,,,
10021,Frank Brown,2.54794E+11,,,,
10020,Diana Garcia,2.5479E+11,,,,
10019,Grace Williams,2.5479E+11,,,,
10018,Alice Garcia,2.54796E+11,,,,
10017,Carlos Smith,2.5476E+11,,,,
10016,John Miller,2.54764E+11,,,,
10015,Henry Williams,2.54759E+11,,,,
10014,Eve Smith,2.54798E+11,,,,
10013,Carlos Garcia,2.54771E+11,,,,
10012,Grace Johnson,2.54785E+11,,,,
10011,John Johnson,2.54711E+11,,,,
10010,Diana Davis,2.54744E+11,,,,
10009,Diana Garcia,2.54749E+11,,,,
10008,Eve Garcia,2.54793E+11,,,,
10007,Henry Garcia,2.54756E+11,,,,
10006,Frank Smith,2.54711E+11,,,,
10005,Grace Davis,2.54713E+11,,,,
10004,Grace Smith,2.54728E+11,,,,
10003,Bob Brown,2.54731E+11,,,,
10002,Carlos Rodriguez,2.54743E+11,,,,
10001,John Jones,2.54753E+11,,,,
10000,Grace Rodriguez,2.54745E+11,,,,
9999,Henry Jones,2.54732E+11,,,,
9998,Alice Garcia,2.54767E+11,,,,
9997,Bob Smith,2.54754E+11,,,,
9996,Grace Jones,2.5474E+11,,,,
9995,Bob Smith,2.54764E+11,,,,
9994,John Williams,2.54715E+11,,,,
9993,Frank Williams,2.54783E+11,,,,
9992,Bob Rodriguez,2.54783E+11,,,,
9991,Eve Johnson,2.54769E+11,,,,
9990,Alice Miller,2.54744E+11,,,,
9989,Henry Miller,2.5477E+11,,,,
9988,John Jones,2.54786E+11,,,,
9987,Diana Martinez,2.54776E+11,,,,
9986,Eve Jones,2.54777E+11,,,,
9985,Grace Brown,2.54755E+11,,,,
9984,Jane Williams,2.548E+11,,,,
9983,Bob Brown,2.54796E+11,,,,
9982,Alice Brown,2.54769E+11,,,,
9981,Grace Brown,2.54795E+11,,,,
9980,Henry Jones,2.54722E+11,,,,
9979,Jane Rodriguez,2.54741E+11,,,,
9978,John Martinez,2.54742E+11,,,,
9977,Frank Miller,2.54717E+11,,,,
9976,Henry Brown,2.54734E+11,,,,
9975,Frank Smith,2.54729E+11,,,,
9974,John Brown,2.54736E+11,,,,
9973,Eve Martinez,2.5479E+11,,,,
9972,Alice Jones,2.54784E+11,,,,
9971,Diana Brown,2.54775E+11,,,,
9970,Diana Davis,2.54797E+11,,,,
9969,Alice Davis,2.54712E+11,,,,
9968,Diana Brown,2.54797E+11,,,,
9967,Eve Brown,2.54783E+11,,,,
9966,Bob Martinez,2.54798E+11,,,,
9965,Jane Brown,2.54778E+11,,,,
9964,Jane Martinez,2.5474E+11,,,,
9963,Grace Garcia,2.54731E+11,,,,
9962,Alice Rodriguez,2.54737E+11,,,,
9961,Grace Williams,2.54732E+11,,,,
9960,Bob Davis,2.54795E+11,,,,
9959,Henry Smith,2.54797E+11,,,,
9958,Grace Smith,2.54784E+11,,,,
9957,Diana Smith,2.5471E+11,,,,
9956,Bob Rodriguez,2.54742E+11,,,,
9955,Frank Williams,2.54782E+11,,,,
9954,Eve Miller,2.54727E+11,,,,
9953,Frank Garcia,2.54767E+11,,,,
9952,Diana Williams,2.54717E+11,,,,
9951,Diana Jones,2.54729E+11,,,,
9950,Diana Rodriguez,2.54783E+11,,,,
9949,Carlos Johnson,2.54784E+11,,,,
9948,Alice Williams,2.54738E+11,,,,
9947,Alice Miller,2.54751E+11,,,,
9946,John Davis,2.54723E+11,,,,
9945,Henry Miller,2.54759E+11,,,,
9944,Grace Jones,2.54779E+11,,,,
9943,Alice Jones,2.54794E+11,,,,
9942,Bob Martinez,2.54737E+11,,,,
9941,Carlos Martinez,2.54762E+11,,,,
9940,Carlos Smith,2.54792E+11,,,,
9939,John Garcia,2.54782E+11,,,,
9938,Alice Johnson,2.54781E+11,,,,
9937,Frank Miller,2.54731E+11,,,,
9936,Grace Smith,2.54745E+11,,,,
9935,Grace Smith,2.54785E+11,,,,
9934,Jane Rodriguez,2.54763E+11,,,,
9933,Henry Williams,2.54741E+11,,,,
9932,Jane Johnson,2.54768E+11,,,,
9931,Frank Williams,2.54756E+11,,,,
9930,Jane Garcia,2.54747E+11,,,,
9929,Alice Smith,2.54752E+11,,,,
9928,Diana Miller,2.5479E+11,,,,
9927,Bob Miller,2.54747E+11,,,,
9926,Alice Garcia,2.54737E+11,,,,
9925,Henry Johnson,2.54747E+11,,,,
9924,John Garcia,2.54732E+11,,,,
9923,Frank Miller,2.54784E+11,,,,
9922,Alice Williams,2.54747E+11,,,,
9921,Eve Jones,2.54794E+11,,,,
9920,Grace Jones,2.54727E+11,,,,
9919,Bob Miller,2.5476E+11,,,,
9918,Alice Smith,2.54711E+11,,,,
9917,Jane Davis,2.54778E+11,,,,
9916,Diana Martinez,2.5473E+11,,,,
9915,Bob Jones,2.54718E+11,,,,
9914,Bob Williams,2.54787E+11,,,,
9913,Grace Brown,2.5478E+11,,,,
9912,Henry Rodriguez,2.54777E+11,,,,
9911,Frank Martinez,2.54793E+11,,,,
9910,Grace Miller,2.54768E+11,,,,
9909,Diana Rodriguez,2.54761E+11,,,,
9908,John Brown,2.54739E+11,,,,
9907,Alice Williams,2.54728E+11,,,,
9906,Diana Jones,2.54794E+11,,,,
9905,Carlos Jones,2.54719E+11,,,,
9904,Henry Davis,2.54712E+11,,,,
9903,Frank Garcia,2.54758E+11,,,,
9902,Frank Martinez,2.54714E+11,,,,
9901,Carlos Miller,2.54776E+11,,,,
9900,Bob Davis,2.5472E+11,,,,
9899,Grace Smith,2.54724E+11,,,,
9898,Eve Johnson,2.54753E+11,,,,
9897,John Miller,2.54751E+11,,,,
9896,Diana Jones,2.5471E+11,,,,
9895,Henry Jones,2.54731E+11,,,,
9894,Henry Johnson,2.54747E+11,,,,
9893,Carlos Jones,2.54742E+11,,,,
9892,Carlos Garcia,2.54744E+11,,,,
9891,Diana Rodriguez,2.54757E+11,,,,
9890,Henry Smith,2.54754E+11,,,,
9889,John Williams,2.54742E+11,,,,
9888,Frank Miller,2.54771E+11,,,,
9887,Frank Miller,2.54726E+11,,,,
9886,Alice Smith,2.54789E+11,,,,
9885,Jane Smith,2.5473E+11,,,,
9884,Alice Williams,2.54773E+11,,,,
9883,Bob Jones,2.54794E+11,,,,
9882,Diana Smith,2.54761E+11,,,,
9881,Bob Martinez,2.54779E+11,,,,
9880,Diana Martinez,2.54761E+11,,,,
9879,Frank Brown,2.54744E+11,,,,
9878,Grace Williams,2.54793E+11,,,,
9877,John Williams,2.5474E+11,,,,
9876,Carlos Johnson,2.54791E+11,,,,
9875,Henry Jones,2.54766E+11,,,,
9874,Alice Miller,2.54752E+11,,,,
9873,John Miller,2.54762E+11,,,,
9872,Eve Jones,2.54728E+11,,,,
9871,John Miller,2.54723E+11,,,,
9870,Henry Martinez,2.54796E+11,,,,
9869,Henry Brown,2.54746E+11,,,,
9868,Henry Davis,2.54762E+11,,,,
9867,Bob Miller,2.5479E+11,,,,
9866,John Brown,2.54765E+11,,,,
9865,John Miller,2.54726E+11,,,,
9864,John Brown,2.54765E+11,,,,
9863,Frank Martinez,2.54767E+11,,,,
9862,Grace Brown,2.54777E+11,,,,
9861,Grace Martinez,2.54738E+11,,,,
9860,Carlos Smith,2.54764E+11,,,,
9859,Jane Smith,2.54764E+11,,,,
9858,Henry Johnson,2.54757E+11,,,,
9857,Jane Miller,2.5479E+11,,,,
9856,Jane Miller,2.54789E+11,,,,
9855,Grace Miller,2.54739E+11,,,,
9854,Diana Garcia,2.54798E+11,,,,
9853,Grace Davis,2.54772E+11,,,,
9852,John Miller,2.54764E+11,,,,
9851,Bob Miller,2.54775E+11,,,,
9850,John Johnson,2.54744E+11,,,,
9849,Henry Williams,2.54752E+11,,,,
9848,Grace Garcia,2.54761E+11,,,,
9847,Carlos Martinez,2.54757E+11,,,,
9846,Grace Davis,2.54774E+11,,,,
9845,Bob Miller,2.54741E+11,,,,
9844,Bob Davis,2.54752E+11,,,,
9843,Eve Garcia,2.54782E+11,,,,
9842,Frank Rodriguez,2.54756E+11,,,,
9841,Jane Rodriguez,2.54768E+11,,,,
9840,Grace Rodriguez,2.54734E+11,,,,
9839,Carlos Smith,2.54788E+11,,,,
9838,Diana Miller,2.54791E+11,,,,
9837,Henry Brown,2.54781E+11,,,,
9836,Bob Williams,2.54788E+11,,,,
9835,John Johnson,2.54748E+11,,,,
9834,Frank Brown,2.5479E+11,,,,
9833,Carlos Garcia,2.54765E+11,,,,
9832,Bob Johnson,2.54717E+11,,,,
9831,Eve Jones,2.54785E+11,,,,
9830,Bob Davis,2.54791E+11,,,,
9829,John Smith,2.54777E+11,,,,
9828,Eve Miller,2.54776E+11,,,,
9827,John Jones,2.54782E+11,,,,
9826,Jane Smith,2.54764E+11,,,,
9825,Jane Rodriguez,2.54753E+11,,,,
9824,Grace Williams,2.54723E+11,,,,
9823,Diana Brown,2.54727E+11,,,,
9822,Eve Miller,2.54793E+11,,,,
9821,Henry Smith,2.54767E+11,,,,
9820,Frank Williams,2.54778E+11,,,,
9819,Carlos Jones,2.54727E+11,,,,
9818,Henry Martinez,2.54745E+11,,,,
9817,Jane Williams,2.54787E+11,,,,
9816,Bob Davis,2.54718E+11,,,,
9815,Bob Rodriguez,2.54762E+11,,,,
9814,Jane Davis,2.54766E+11,,,,
9813,Bob Johnson,2.54716E+11,,,,
9812,John Brown,2.5479E+11,,,,
9811,Alice Brown,2.54749E+11,,,,
9810,Jane Davis,2.54724E+11,,,,
9809,Frank Garcia,2.54733E+11,,,,
9808,Henry Williams,2.5476E+11,,,,
9807,Carlos Garcia,2.54794E+11,,,,
9806,Diana Davis,2.54754E+11,,,,
9805,Alice Smith,2.54745E+11,,,,
9804,Henry Smith,2.54786E+11,,,,
9803,Jane Garcia,2.54753E+11,,,,
9802,Carlos Rodriguez,2.54746E+11,,,,
9801,Frank Rodriguez,2.54773E+11,,,,
9800,John Smith,2.54777E+11,,,,
9799,Bob Garcia,2.54714E+11,,,,
9798,Jane Williams,2.54751E+11,,,,
9797,Frank Jones,2.54722E+11,,,,
9796,Carlos Johnson,2.54768E+11,,,,
9795,Grace Brown,2.54783E+11,,,,
9794,Jane Miller,2.54783E+11,,,,
9793,Henry Smith,2.5472E+11,,,,
9792,Diana Rodriguez,2.54783E+11,,,,
9791,Carlos Brown,2.54711E+11,,,,
9790,Alice Garcia,2.54738E+11,,,,
9789,Jane Johnson,2.54756E+11,,,,
9788,Diana Brown,2.54711E+11,,,,
9787,Frank Jones,2.54712E+11,,,,
9786,John Johnson,2.54772E+11,,,,
9785,John Martinez,2.5479E+11,,,,
9784,Bob Garcia,2.54752E+11,,,,
9783,Eve Williams,2.54779E+11,,,,
9782,Grace Martinez,2.54731E+11,,,,
9781,John Williams,2.54798E+11,,,,
9780,Grace Williams,2.54799E+11,,,,
9779,Alice Jones,2.54734E+11,,,,
9778,Diana Martinez,2.54753E+11,,,,
9777,Grace Miller,2.54746E+11,,,,
9776,Frank Martinez,2.54749E+11,,,,
9775,Alice Rodriguez,2.54761E+11,,,,
9774,Jane Rodriguez,2.54738E+11,,,,
9773,Eve Smith,2.5477E+11,,,,
9772,Jane Williams,2.54742E+11,,,,
9771,Frank Williams,2.5478E+11,,,,
9770,Grace Rodriguez,2.54733E+11,,,,
9769,Bob Martinez,2.54748E+11,,,,
9768,Carlos Jones,2.54794E+11,,,,
9767,Eve Jones,2.54755E+11,,,,
9766,Grace Miller,2.54712E+11,,,,
9765,Grace Smith,2.54793E+11,,,,
9764,Eve Jones,2.54724E+11,,,,
9763,Diana Rodriguez,2.54744E+11,,,,
9762,Frank Williams,2.54734E+11,,,,
9761,Carlos Garcia,2.54777E+11,,,,
9760,Carlos Jones,2.5473E+11,,,,
9759,Henry Davis,2.548E+11,,,,
9758,Henry Jones,2.54774E+11,,,,
9757,Bob Jones,2.54782E+11,,,,
9756,Frank Jones,2.5473E+11,,,,
9755,Henry Smith,2.54797E+11,,,,
9754,Eve Smith,2.54744E+11,,,,
9753,Grace Jones,2.5476E+11,,,,
9752,Jane Martinez,2.54716E+11,,,,
9751,Jane Williams,2.54736E+11,,,,
9750,Jane Martinez,2.54723E+11,,,,
9749,Jane Rodriguez,2.54758E+11,,,,
9748,John Smith,2.54767E+11,,,,
9747,Jane Davis,2.5471E+11,,,,
9746,Frank Brown,2.54762E+11,,,,
9745,Frank Rodriguez,2.54712E+11,,,,
9744,Eve Martinez,2.5473E+11,,,,
9743,Eve Smith,2.54797E+11,,,,
9742,Grace Davis,2.54796E+11,,,,
9741,Frank Brown,2.54717E+11,,,,
9740,Alice Davis,2.54731E+11,,,,
9739,Carlos Jones,2.54714E+11,,,,
9738,Diana Brown,2.54759E+11,,,,
9737,Henry Martinez,2.54779E+11,,,,
9736,Grace Williams,2.54711E+11,,,,
9735,Eve Johnson,2.54747E+11,,,,
9734,Diana Smith,2.54726E+11,,,,
9733,Grace Martinez,2.54764E+11,,,,
9732,John Rodriguez,2.54722E+11,,,,
9731,Alice Jones,2.54729E+11,,,,
9730,Diana Martinez,2.54715E+11,,,,
9729,Henry Rodriguez,2.54742E+11,,,,
9728,Eve Williams,2.54776E+11,,,,
9727,Diana Williams,2.54743E+11,,,,
9726,Henry Garcia,2.54777E+11,,,,
9725,Carlos Jones,2.54796E+11,,,,
9724,Jane Brown,2.5473E+11,,,,
9723,Bob Martinez,2.54775E+11,,,,
9722,Bob Smith,2.54758E+11,,,,
9721,Henry Rodriguez,2.54783E+11,,,,
9720,Eve Martinez,2.54729E+11,,,,
9719,Grace Garcia,2.54745E+11,,,,
9718,Henry Garcia,2.54796E+11,,,,
9717,John Smith,2.54728E+11,,,,
9716,Carlos Martinez,2.54768E+11,,,,
9715,John Martinez,2.54742E+11,,,,
9714,Alice Rodriguez,2.54761E+11,,,,
9713,Carlos Williams,2.54719E+11,,,,
9712,Bob Rodriguez,2.54736E+11,,,,
9711,Alice Garcia,2.54743E+11,,,,
9710,John Smith,2.54712E+11,,,,
9709,Henry Williams,2.5472E+11,,,,
9708,Bob Smith,2.54738E+11,,,,
9707,Carlos Brown,2.54798E+11,,,,
9706,Frank Garcia,2.54742E+11,,,,
9705,Frank Miller,2.54771E+11,,,,
9704,Alice Johnson,2.54738E+11,,,,
9703,Jane Brown,2.548E+11,,,,
9702,Grace Johnson,2.54758E+11,,,,
9701,Alice Smith,2.54767E+11,,,,
9700,John Johnson,2.54746E+11,,,,
9699,Jane Garcia,2.54712E+11,,,,
9698,Jane Jones,2.54733E+11,,,,
9697,Alice Williams,2.54791E+11,,,,
9696,Frank Davis,2.54771E+11,,,,
9695,Carlos Jones,2.54741E+11,,,,
9694,Jane Jones,2.54799E+11,,,,
9693,Henry Rodriguez,2.54752E+11,,,,
9692,Henry Garcia,2.54787E+11,,,,
9691,Carlos Garcia,2.54712E+11,,,,
9690,Alice Rodriguez,2.54734E+11,,,,
9689,Frank Garcia,2.54766E+11,,,,
9688,Carlos Johnson,2.54733E+11,,,,
9687,Eve Williams,2.54734E+11,,,,
9686,John Garcia,2.54733E+11,,,,
9685,Henry Johnson,2.54752E+11,,,,
9684,Carlos Jones,2.5479E+11,,,,
9683,Bob Martinez,2.54715E+11,,,,
9682,Diana Davis,2.54756E+11,,,,
9681,Frank Davis,2.54765E+11,,,,
9680,Diana Smith,2.54795E+11,,,,
9679,Frank Williams,2.54798E+11,,,,
9678,Alice Williams,2.54718E+11,,,,
9677,Bob Smith,2.54729E+11,,,,
9676,Eve Jones,2.54751E+11,,,,
9675,Jane Martinez,2.54738E+11,,,,
9674,Grace Brown,2.5478E+11,,,,
9673,Henry Miller,2.54722E+11,,,,
9672,Grace Davis,2.54727E+11,,,,
9671,Diana Davis,2.54753E+11,,,,
9670,Jane Williams,2.54771E+11,,,,
9669,Carlos Smith,2.54754E+11,,,,
9668,Grace Garcia,2.54784E+11,,,,
9667,Grace Rodriguez,2.54759E+11,,,,
9666,Bob Johnson,2.54798E+11,,,,
9665,Henry Brown,2.54743E+11,,,,
9664,Grace Davis,2.54746E+11,,,,
9663,Alice Jones,2.54723E+11,,,,
9662,Bob Martinez,2.54714E+11,,,,
9661,Eve Garcia,2.54781E+11,,,,
9660,Bob Davis,2.54798E+11,,,,
9659,Henry Garcia,2.54762E+11,,,,
9658,Grace Miller,2.54769E+11,,,,
9657,Frank Jones,2.54797E+11,,,,
9656,Grace Jones,2.54758E+11,,,,
9655,Carlos Williams,2.54724E+11,,,,
9654,Henry Williams,2.54767E+11,,,,
9653,Bob Williams,2.5478E+11,,,,
9652,Henry Smith,2.54727E+11,,,,
9651,Eve Martinez,2.54784E+11,,,,
9650,Carlos Jones,2.54758E+11,,,,
9649,Carlos Rodriguez,2.54757E+11,,,,
9648,Grace Garcia,2.54761E+11,,,,
9647,Jane Jones,2.54711E+11,,,,
9646,Alice Smith,2.5478E+11,,,,
9645,Carlos Martinez,2.54788E+11,,,,
9644,Grace Miller,2.54755E+11,,,,
9643,Carlos Davis,2.54779E+11,,,,
9642,Bob Jones,2.54793E+11,,,,
9641,Jane Davis,2.54719E+11,,,,
9640,Jane Miller,2.54797E+11,,,,
9639,Bob Garcia,2.54716E+11,,,,
9638,Eve Williams,2.54727E+11,,,,
9637,Carlos Johnson,2.54767E+11,,,,
9636,Henry Miller,2.5473E+11,,,,
9635,Alice Garcia,2.54753E+11,,,,
9634,Carlos Brown,2.54738E+11,,,,
9633,Henry Jones,2.54774E+11,,,,
9632,Henry Rodriguez,2.54732E+11,,,,
9631,John Davis,2.54799E+11,,,,
9630,John Williams,2.54755E+11,,,,
9629,Bob Brown,2.54745E+11,,,,
9628,Diana Williams,2.54747E+11,,,,
9627,John Miller,2.5472E+11,,,,
9626,Diana Johnson,2.54783E+11,,,,
9625,Eve Garcia,2.54782E+11,,,,
9624,Eve Williams,2.54746E+11,,,,
9623,Carlos Garcia,2.54733E+11,,,,
9622,John Smith,2.54772E+11,,,,
9621,Henry Martinez,2.54766E+11,,,,
9620,Bob Davis,2.54746E+11,,,,
9619,Eve Smith,2.54743E+11,,,,
9618,Henry Miller,2.54773E+11,,,,
9617,John Martinez,2.54781E+11,,,,
9616,Eve Jones,2.54753E+11,,,,
9615,Eve Miller,2.54774E+11,,,,
9614,Eve Johnson,2.54769E+11,,,,
9613,John Martinez,2.54758E+11,,,,
9612,Bob Smith,2.54736E+11,,,,
9611,Henry Johnson,2.54715E+11,,,,
9610,Grace Martinez,2.54787E+11,,,,
9609,Carlos Williams,2.5476E+11,,,,
9608,John Smith,2.54711E+11,,,,
9607,Eve Williams,2.548E+11,,,,
9606,Grace Johnson,2.54771E+11,,,,
9605,Frank Williams,2.54758E+11,,,,
9604,Henry Garcia,2.54751E+11,,,,
9603,Frank Rodriguez,2.54761E+11,,,,
9602,Grace Rodriguez,2.54741E+11,,,,
9601,Jane Jones,2.54791E+11,,,,
9600,John Brown,2.5476E+11,,,,
9599,John Smith,2.54718E+11,,,,
9598,Eve Rodriguez,2.54795E+11,,,,
9597,Frank Johnson,2.54777E+11,,,,
9596,Henry Williams,2.54711E+11,,,,
9595,Jane Jones,2.5474E+11,,,,
9594,Grace Garcia,2.54784E+11,,,,
9593,Bob Smith,2.54719E+11,,,,
9592,Jane Jones,2.54728E+11,,,,
9591,Diana Jones,2.54783E+11,,,,
9590,Grace Williams,2.54711E+11,,,,
9589,Diana Williams,2.54751E+11,,,,
9588,Diana Jones,2.54743E+11,,,,
9587,Frank Martinez,2.54747E+11,,,,
9586,Henry Miller,2.54721E+11,,,,
9585,Henry Garcia,2.54746E+11,,,,
9584,Jane Brown,2.54713E+11,,,,
9583,Frank Jones,2.54735E+11,,,,
9582,Frank Miller,2.54739E+11,,,,
9581,Jane Williams,2.54772E+11,,,,
9580,Frank Miller,2.5477E+11,,,,
9579,Eve Miller,2.54791E+11,,,,
9578,John Johnson,2.54773E+11,,,,
9577,Grace Rodriguez,2.54751E+11,,,,
9576,John Miller,2.54768E+11,,,,
9575,John Brown,2.54752E+11,,,,
9574,Carlos Davis,2.54777E+11,,,,
9573,Jane Jones,2.5477E+11,,,,
9572,John Garcia,2.54742E+11,,,,
9571,Grace Williams,2.54755E+11,,,,
9570,John Smith,2.54725E+11,,,,
9569,Henry Brown,2.54792E+11,,,,
9568,Jane Miller,2.54771E+11,,,,
9567,Henry Williams,2.54771E+11,,,,
9566,Alice Brown,2.54799E+11,,,,
9565,Grace Davis,2.54738E+11,,,,
9564,Carlos Garcia,2.54766E+11,,,,
9563,Frank Garcia,2.54798E+11,,,,
9562,Bob Jones,2.54779E+11,,,,
9561,John Martinez,2.54786E+11,,,,
9560,Jane Smith,2.54734E+11,,,,
9559,Henry Smith,2.54711E+11,,,,
9558,Henry Johnson,2.54728E+11,,,,
9557,Frank Johnson,2.54777E+11,,,,
9556,Eve Smith,2.54793E+11,,,,
9555,Grace Johnson,2.5477E+11,,,,
9554,Frank Rodriguez,2.54789E+11,,,,
9553,Carlos Miller,2.54737E+11,,,,
9552,Carlos Brown,2.54761E+11,,,,
9551,John Jones,2.54794E+11,,,,
9550,Frank Miller,2.54745E+11,,,,
9549,Carlos Jones,2.54782E+11,,,,
9548,Bob Johnson,2.54753E+11,,,,
9547,Diana Jones,2.54711E+11,,,,
9546,Grace Miller,2.54758E+11,,,,
9545,Eve Davis,2.5478E+11,,,,
9544,Carlos Martinez,2.54731E+11,,,,
9543,Bob Martinez,2.54774E+11,,,,
9542,Diana Smith,2.54796E+11,,,,
9541,Eve Brown,2.54755E+11,,,,
9540,Frank Davis,2.54781E+11,,,,
9539,Eve Jones,2.54711E+11,,,,
9538,Bob Rodriguez,2.5479E+11,,,,
9537,Henry Rodriguez,2.54773E+11,,,,
9536,Jane Rodriguez,2.54796E+11,,,,
9535,Diana Martinez,2.54796E+11,,,,
9534,Carlos Martinez,2.54729E+11,,,,
9533,Henry Martinez,2.54762E+11,,,,
9532,Eve Williams,2.54718E+11,,,,
9531,Carlos Garcia,2.54777E+11,,,,
9530,Bob Williams,2.54778E+11,,,,
9529,Henry Davis,2.54799E+11,,,,
9528,Grace Johnson,2.54796E+11,,,,
9527,Diana Williams,2.54719E+11,,,,
9526,Carlos Williams,2.54786E+11,,,,
9525,Frank Miller,2.54798E+11,,,,
9524,Grace Smith,2.54793E+11,,,,
9523,Grace Brown,2.54788E+11,,,,
9522,Frank Brown,2.54718E+11,,,,
9521,Alice Miller,2.54753E+11,,,,
9520,Carlos Brown,2.54748E+11,,,,
9519,Henry Rodriguez,2.54791E+11,,,,
9518,Frank Rodriguez,2.54748E+11,,,,
9517,Eve Miller,2.5474E+11,,,,
9516,Diana Martinez,2.54761E+11,,,,
9515,Alice Smith,2.54721E+11,,,,
9514,Jane Davis,2.54751E+11,,,,
9513,Alice Martinez,2.54753E+11,,,,
9512,Henry Jones,2.54719E+11,,,,
9511,Frank Rodriguez,2.54795E+11,,,,
9510,Diana Jones,2.54794E+11,,,,
9509,Jane Rodriguez,2.54754E+11,,,,
9508,Frank Smith,2.54761E+11,,,,
9507,Jane Johnson,2.54784E+11,,,,
9506,Alice Smith,2.54764E+11,,,,
9505,Eve Williams,2.54733E+11,,,,
9504,Henry Johnson,2.54776E+11,,,,
9503,Frank Miller,2.54724E+11,,,,
9502,Bob Johnson,2.5473E+11,,,,
9501,John Davis,2.548E+11,,,,
9500,Alice Johnson,2.54733E+11,,,,
9499,Jane Miller,2.54743E+11,,,,
9498,Bob Martinez,2.54789E+11,,,,
9497,Grace Jones,2.54755E+11,,,,
9496,Bob Smith,2.54763E+11,,,,
9495,John Jones,2.54735E+11,,,,
9494,John Johnson,2.54759E+11,,,,
9493,Eve Garcia,2.54764E+11,,,,
9492,Henry Johnson,2.54729E+11,,,,
9491,John Smith,2.54775E+11,,,,
9490,Carlos Rodriguez,2.54784E+11,,,,
9489,Grace Williams,2.54791E+11,,,,
9488,Bob Martinez,2.54796E+11,,,,
9487,John Brown,2.54745E+11,,,,
9486,Henry Davis,2.54714E+11,,,,
9485,Henry Miller,2.54778E+11,,,,
9484,Jane Smith,2.54779E+11,,,,
9483,Frank Miller,2.54794E+11,,,,
9482,Diana Martinez,2.5476E+11,,,,
9481,Diana Brown,2.54759E+11,,,,
9480,John Williams,2.54764E+11,,,,
9479,Eve Miller,2.54744E+11,,,,
9478,Diana Miller,2.54733E+11,,,,
9477,Grace Williams,2.54721E+11,,,,
9476,Carlos Martinez,2.5476E+11,,,,
9475,John Miller,2.54768E+11,,,,
9474,Henry Davis,2.54744E+11,,,,
9473,Eve Miller,2.54758E+11,,,,
9472,Bob Davis,2.54742E+11,,,,
9471,Jane Davis,2.54754E+11,,,,
9470,Bob Smith,2.54763E+11,,,,
9469,Alice Williams,2.54714E+11,,,,
9468,Bob Davis,2.54796E+11,,,,
9467,Bob Rodriguez,2.5476E+11,,,,
9466,Diana Williams,2.54731E+11,,,,
9465,Frank Brown,2.54742E+11,,,,
9464,Alice Miller,2.54759E+11,,,,
9463,Eve Jones,2.5478E+11,,,,
9462,Alice Johnson,2.54789E+11,,,,
9461,Grace Miller,2.54719E+11,,,,
9460,John Miller,2.54765E+11,,,,
9459,Frank Miller,2.54795E+11,,,,
9458,Eve Davis,2.54726E+11,,,,
9457,Diana Johnson,2.54757E+11,,,,
9456,Henry Martinez,2.54755E+11,,,,
9455,Diana Johnson,2.54766E+11,,,,
9454,Alice Williams,2.54784E+11,,,,
9453,John Brown,2.54759E+11,,,,
9452,Bob Rodriguez,2.54794E+11,,,,
9451,Carlos Brown,2.54727E+11,,,,
9450,Henry Jones,2.54793E+11,,,,
9449,Bob Smith,2.54794E+11,,,,
9448,Alice Davis,2.54717E+11,,,,
9447,Bob Martinez,2.54732E+11,,,,
9446,Eve Williams,2.54756E+11,,,,
9445,Diana Rodriguez,2.54786E+11,,,,
9444,Alice Garcia,2.54764E+11,,,,
9443,Carlos Davis,2.54729E+11,,,,
9442,Carlos Garcia,2.5474E+11,,,,
9441,Bob Rodriguez,2.54755E+11,,,,
9440,Frank Smith,2.54724E+11,,,,
9439,Carlos Rodriguez,2.54726E+11,,,,
9438,Eve Garcia,2.54794E+11,,,,
9437,Bob Rodriguez,2.54727E+11,,,,
9436,Grace Rodriguez,2.54715E+11,,,,
9435,John Garcia,2.54713E+11,,,,
9434,Carlos Brown,2.54791E+11,,,,
9433,Alice Rodriguez,2.54757E+11,,,,
9432,Carlos Rodriguez,2.54722E+11,,,,
9431,John Brown,2.54782E+11,,,,
9430,Frank Garcia,2.54752E+11,,,,
9429,Jane Martinez,2.54794E+11,,,,
9428,Frank Garcia,2.548E+11,,,,
9427,John Johnson,2.54734E+11,,,,
9426,John Garcia,2.54733E+11,,,,
9425,Grace Williams,2.54739E+11,,,,
9424,Alice Brown,2.54746E+11,,,,
9423,Grace Johnson,2.54784E+11,,,,
9422,Bob Miller,2.54743E+11,,,,
9421,Frank Smith,2.54724E+11,,,,
9420,Henry Brown,2.54792E+11,,,,
9419,Bob Martinez,2.54762E+11,,,,
9418,Jane Brown,2.5477E+11,,,,
9417,Carlos Rodriguez,2.54766E+11,,,,
9416,Diana Brown,2.54788E+11,,,,
9415,John Jones,2.54777E+11,,,,
9414,Jane Martinez,2.54738E+11,,,,
9413,Henry Davis,2.54723E+11,,,,
9412,John Williams,2.54758E+11,,,,
9411,Alice Miller,2.5473E+11,,,,
9410,Grace Brown,2.5476E+11,,,,
9409,Carlos Miller,2.54721E+11,,,,
9408,Diana Rodriguez,2.54755E+11,,,,
9407,Diana Davis,2.5475E+11,,,,
9406,Diana Garcia,2.54785E+11,,,,
9405,Jane Jones,2.5479E+11,,,,
9404,Eve Miller,2.54743E+11,,,,
9403,Bob Garcia,2.54757E+11,,,,
9402,John Rodriguez,2.54799E+11,,,,
9401,Diana Brown,2.54798E+11,,,,
9400,Frank Brown,2.54774E+11,,,,
9399,Henry Garcia,2.54763E+11,,,,
9398,Carlos Johnson,2.54789E+11,,,,
9397,Bob Smith,2.54761E+11,,,,
9396,Grace Martinez,2.54727E+11,,,,
9395,Carlos Brown,2.54746E+11,,,,
9394,Henry Garcia,2.54723E+11,,,,
9393,Eve Jones,2.54734E+11,,,,
9392,Jane Brown,2.548E+11,,,,
9391,Jane Rodriguez,2.54728E+11,,,,
9390,Diana Garcia,2.54734E+11,,,,
9389,Henry Rodriguez,2.54716E+11,,,,
9388,Frank Johnson,2.54758E+11,,,,
9387,Carlos Johnson,2.54785E+11,,,,
9386,Alice Smith,2.54788E+11,,,,
9385,Diana Johnson,2.54761E+11,,,,
9384,Bob Smith,2.5474E+11,,,,
9383,Alice Davis,2.5472E+11,,,,
9382,John Smith,2.54731E+11,,,,
9381,John Davis,2.54754E+11,,,,
9380,John Williams,2.54728E+11,,,,
9379,Diana Martinez,2.54746E+11,,,,
9378,Bob Brown,2.54723E+11,,,,
9377,Jane Davis,2.54744E+11,,,,
9376,Diana Rodriguez,2.54773E+11,,,,
9375,Grace Smith,2.54755E+11,,,,
9374,Eve Johnson,2.54789E+11,,,,
9373,John Johnson,2.54766E+11,,,,
9372,Carlos Davis,2.54779E+11,,,,
9371,Alice Davis,2.54776E+11,,,,
9370,Eve Johnson,2.54762E+11,,,,
9369,Henry Martinez,2.5477E+11,,,,
9368,Carlos Rodriguez,2.54767E+11,,,,
9367,Grace Johnson,2.54741E+11,,,,
9366,Frank Brown,2.54774E+11,,,,
9365,Diana Smith,2.54753E+11,,,,
9364,Eve Davis,2.54714E+11,,,,
9363,Bob Miller,2.54716E+11,,,,
9362,Alice Brown,2.54795E+11,,,,
9361,Grace Johnson,2.5474E+11,,,,
9360,Eve Brown,2.54768E+11,,,,
9359,Bob Jones,2.54799E+11,,,,
9358,Alice Smith,2.54721E+11,,,,
9357,Grace Jones,2.54777E+11,,,,
9356,Alice Jones,2.54769E+11,,,,
9355,Carlos Miller,2.54771E+11,,,,
9354,Diana Rodriguez,2.54766E+11,,,,
9353,Jane Rodriguez,2.54778E+11,,,,
9352,Alice Miller,2.54781E+11,,,,
9351,Eve Miller,2.54761E+11,,,,
9350,Frank Brown,2.5479E+11,,,,
9349,Diana Brown,2.54741E+11,,,,
9348,Henry Smith,2.54751E+11,,,,
9347,Henry Rodriguez,2.54753E+11,,,,
9346,Frank Rodriguez,2.54726E+11,,,,
9345,Jane Brown,2.54732E+11,,,,
9344,Jane Brown,2.54721E+11,,,,
9343,Frank Brown,2.54761E+11,,,,
9342,Bob Rodriguez,2.54771E+11,,,,
9341,John Williams,2.54788E+11,,,,
9340,Carlos Johnson,2.54716E+11,,,,
9339,John Smith,2.54745E+11,,,,
9338,Bob Williams,2.5478E+11,,,,
9337,Diana Jones,2.54762E+11,,,,
9336,John Miller,2.5473E+11,,,,
9335,Alice Smith,2.54736E+11,,,,
9334,Eve Rodriguez,2.54761E+11,,,,
9333,Carlos Davis,2.54722E+11,,,,
9332,Jane Jones,2.54746E+11,,,,
9331,Alice Martinez,2.54798E+11,,,,
9330,John Miller,2.54776E+11,,,,
9329,Jane Davis,2.54753E+11,,,,
9328,Bob Smith,2.54772E+11,,,,
9327,Eve Brown,2.54745E+11,,,,
9326,Bob Smith,2.54756E+11,,,,
9325,Alice Smith,2.5477E+11,,,,
9324,Jane Johnson,2.5472E+11,,,,
9323,Diana Brown,2.54785E+11,,,,
9322,Grace Martinez,2.54713E+11,,,,
9321,Alice Miller,2.54722E+11,,,,
9320,John Miller,2.54764E+11,,,,
9319,Henry Williams,2.54738E+11,,,,
9318,Alice Williams,2.54787E+11,,,,
9317,Carlos Garcia,2.54725E+11,,,,
9316,Carlos Garcia,2.54721E+11,,,,
9315,Grace Williams,2.54724E+11,,,,
9314,Alice Garcia,2.54778E+11,,,,
9313,Eve Smith,2.5477E+11,,,,
9312,Bob Rodriguez,2.5472E+11,,,,
9311,Jane Johnson,2.54787E+11,,,,
9310,John Davis,2.54784E+11,,,,
9309,John Garcia,2.54717E+11,,,,
9308,Alice Brown,2.54722E+11,,,,
9307,Diana Smith,2.54729E+11,,,,
9306,Eve Smith,2.5477E+11,,,,
9305,John Johnson,2.5477E+11,,,,
9304,Henry Garcia,2.54786E+11,,,,
9303,Bob Rodriguez,2.54768E+11,,,,
9302,Bob Johnson,2.54714E+11,,,,
9301,Frank Jones,2.5471E+11,,,,
9300,Jane Johnson,2.54719E+11,,,,
9299,Bob Williams,2.54787E+11,,,,
9298,Jane Miller,2.54767E+11,,,,
9297,Henry Smith,2.54771E+11,,,,
9296,Diana Brown,2.54751E+11,,,,
9295,Bob Smith,2.54767E+11,,,,
9294,Alice Rodriguez,2.54714E+11,,,,
9293,Carlos Garcia,2.54735E+11,,,,
9292,Grace Smith,2.54778E+11,,,,
9291,John Brown,2.5471E+11,,,,
9290,Frank Davis,2.54726E+11,,,,
9289,Diana Jones,2.54771E+11,,,,
9288,Grace Martinez,2.5472E+11,,,,
9287,Bob Williams,2.54762E+11,,,,
9286,Jane Jones,2.54775E+11,,,,
9285,Eve Johnson,2.5475E+11,,,,
9284,Diana Johnson,2.54716E+11,,,,
9283,Henry Garcia,2.54725E+11,,,,
9282,Alice Jones,2.54798E+11,,,,
9281,Bob Miller,2.54766E+11,,,,
9280,John Davis,2.5471E+11,,,,
9279,Diana Johnson,2.54764E+11,,,,
9278,Grace Jones,2.5479E+11,,,,
9277,Henry Rodriguez,2.54775E+11,,,,
9276,Grace Smith,2.54783E+11,,,,
9275,Frank Williams,2.54792E+11,,,,
9274,Frank Rodriguez,2.54741E+11,,,,
9273,Grace Davis,2.54792E+11,,,,
9272,Henry Williams,2.54784E+11,,,,
9271,Frank Rodriguez,2.54767E+11,,,,
9270,Diana Rodriguez,2.54775E+11,,,,
9269,Grace Rodriguez,2.5476E+11,,,,
9268,Henry Martinez,2.548E+11,,,,
9267,Carlos Davis,2.54748E+11,,,,
9266,Alice Davis,2.54774E+11,,,,
9265,Bob Williams,2.5479E+11,,,,
9264,Grace Garcia,2.54737E+11,,,,
9263,John Miller,2.54794E+11,,,,
9262,Frank Williams,2.54737E+11,,,,
9261,Grace Miller,2.54717E+11,,,,
9260,Grace Miller,2.54747E+11,,,,
9259,Eve Rodriguez,2.54792E+11,,,,
9258,Grace Garcia,2.54725E+11,,,,
9257,Alice Garcia,2.54743E+11,,,,
9256,Bob Smith,2.54769E+11,,,,
9255,Alice Smith,2.54763E+11,,,,
9254,Frank Jones,2.5472E+11,,,,
9253,Grace Williams,2.54767E+11,,,,
9252,Diana Johnson,2.54721E+11,,,,
9251,Alice Davis,2.5473E+11,,,,
9250,Henry Rodriguez,2.54795E+11,,,,
9249,Henry Williams,2.54718E+11,,,,
9248,Grace Jones,2.54723E+11,,,,
9247,John Davis,2.54711E+11,,,,
9246,Henry Johnson,2.54754E+11,,,,
9245,Grace Johnson,2.54735E+11,,,,
9244,Frank Johnson,2.54794E+11,,,,
9243,Jane Brown,2.5473E+11,,,,
9242,Henry Rodriguez,2.54791E+11,,,,
9241,Henry Garcia,2.54735E+11,,,,
9240,Henry Garcia,2.54757E+11,,,,
9239,Alice Rodriguez,2.54752E+11,,,,
9238,Eve Garcia,2.54728E+11,,,,
9237,Grace Garcia,2.54733E+11,,,,
9236,John Garcia,2.54793E+11,,,,
9235,Diana Jones,2.54745E+11,,,,
9234,Diana Jones,2.54716E+11,,,,
9233,Eve Davis,2.54719E+11,,,,
9232,Eve Garcia,2.54761E+11,,,,
9231,John Martinez,2.54756E+11,,,,
9230,Eve Johnson,2.5479E+11,,,,
9229,Bob Garcia,2.54756E+11,,,,
9228,Bob Johnson,2.54796E+11,,,,
9227,Eve Brown,2.54736E+11,,,,
9226,Carlos Williams,2.54717E+11,,,,
9225,Eve Brown,2.54724E+11,,,,
9224,Bob Williams,2.54762E+11,,,,
9223,John Johnson,2.54759E+11,,,,
9222,Grace Rodriguez,2.54763E+11,,,,
9221,Diana Rodriguez,2.54729E+11,,,,
9220,John Garcia,2.54722E+11,,,,
9219,Frank Brown,2.54713E+11,,,,
9218,Eve Jones,2.54775E+11,,,,
9217,Carlos Williams,2.54713E+11,,,,
9216,Frank Smith,2.54788E+11,,,,
9215,Henry Davis,2.54738E+11,,,,
9214,Grace Rodriguez,2.54729E+11,,,,
9213,Alice Williams,2.54729E+11,,,,
9212,Alice Davis,2.5474E+11,,,,
9211,Eve Davis,2.54786E+11,,,,
9210,Eve Garcia,2.5475E+11,,,,
9209,Carlos Johnson,2.54777E+11,,,,
9208,Frank Miller,2.54734E+11,,,,
9207,Alice Garcia,2.54743E+11,,,,
9206,Eve Martinez,2.54717E+11,,,,
9205,John Johnson,2.54761E+11,,,,
9204,Alice Garcia,2.54775E+11,,,,
9203,Bob Jones,2.54754E+11,,,,
9202,Bob Martinez,2.54782E+11,,,,
9201,Diana Brown,2.54734E+11,,,,
9200,Grace Rodriguez,2.54764E+11,,,,
9199,Grace Garcia,2.54762E+11,,,,
9198,Eve Johnson,2.54745E+11,,,,
9197,John Garcia,2.54715E+11,,,,
9196,Diana Brown,2.54728E+11,,,,
9195,Jane Smith,2.54786E+11,,,,
9194,Alice Williams,2.54711E+11,,,,
9193,Bob Williams,2.54713E+11,,,,
9192,Diana Jones,2.54731E+11,,,,
9191,Alice Davis,2.54772E+11,,,,
9190,Alice Smith,2.54778E+11,,,,
9189,Bob Jones,2.54767E+11,,,,
9188,Henry Garcia,2.54794E+11,,,,
9187,Alice Martinez,2.54741E+11,,,,
9186,Diana Brown,2.54749E+11,,,,
9185,Carlos Miller,2.54748E+11,,,,
9184,Jane Martinez,2.54758E+11,,,,
9183,Eve Jones,2.54774E+11,,,,
9182,Carlos Johnson,2.54768E+11,,,,
9181,Grace Smith,2.54799E+11,,,,
9180,Diana Miller,2.5479E+11,,,,
9179,Grace Brown,2.54755E+11,,,,
9178,Grace Rodriguez,2.54715E+11,,,,
9177,Grace Martinez,2.54734E+11,,,,
9176,Bob Brown,2.54746E+11,,,,
9175,Carlos Davis,2.54759E+11,,,,
9174,Carlos Martinez,2.54795E+11,,,,
9173,Frank Smith,2.54798E+11,,,,
9172,Eve Johnson,2.54732E+11,,,,
9171,Frank Garcia,2.54749E+11,,,,
9170,Alice Jones,2.54711E+11,,,,
9169,Alice Martinez,2.54742E+11,,,,
9168,Eve Garcia,2.54776E+11,,,,
9167,John Williams,2.54743E+11,,,,
9166,Bob Rodriguez,2.54747E+11,,,,
9165,Diana Jones,2.54726E+11,,,,
9164,Alice Rodriguez,2.5471E+11,,,,
9163,Bob Johnson,2.54736E+11,,,,
9162,John Garcia,2.54716E+11,,,,
9161,Grace Smith,2.54795E+11,,,,
9160,Diana Davis,2.54795E+11,,,,
9159,Bob Davis,2.54729E+11,,,,
9158,Jane Garcia,2.54729E+11,,,,
9157,Henry Jones,2.54745E+11,,,,
9156,Bob Williams,2.54745E+11,,,,
9155,Eve Smith,2.54786E+11,,,,
9154,Carlos Garcia,2.54724E+11,,,,
9153,Frank Jones,2.54729E+11,,,,
9152,Diana Smith,2.54753E+11,,,,
9151,Jane Jones,2.5475E+11,,,,
9150,John Jones,2.54745E+11,,,,
9149,Bob Miller,2.54717E+11,,,,
9148,Diana Smith,2.54747E+11,,,,
9147,Henry Garcia,2.54793E+11,,,,
9146,Grace Davis,2.54784E+11,,,,
9145,Carlos Garcia,2.54783E+11,,,,
9144,Alice Martinez,2.54736E+11,,,,
9143,Bob Martinez,2.54731E+11,,,,
9142,Bob Brown,2.54745E+11,,,,
9141,Grace Jones,2.54794E+11,,,,
9140,John Smith,2.5474E+11,,,,
9139,John Martinez,2.54794E+11,,,,
9138,John Garcia,2.5478E+11,,,,
9137,Diana Rodriguez,2.54741E+11,,,,
9136,Alice Davis,2.54739E+11,,,,
9135,Bob Davis,2.54718E+11,,,,
9134,John Smith,2.54758E+11,,,,
9133,Frank Williams,2.54742E+11,,,,
9132,Carlos Brown,2.54729E+11,,,,
9131,Carlos Jones,2.54742E+11,,,,
9130,John Miller,2.5474E+11,,,,
9129,Frank Rodriguez,2.54788E+11,,,,
9128,Carlos Brown,2.54717E+11,,,,
9127,Diana Williams,2.54742E+11,,,,
9126,Diana Martinez,2.54759E+11,,,,
9125,Grace Brown,2.54793E+11,,,,
9124,Grace Smith,2.54739E+11,,,,
9123,Alice Brown,2.54734E+11,,,,
9122,John Garcia,2.54799E+11,,,,
9121,Alice Rodriguez,2.54745E+11,,,,
9120,John Miller,2.54714E+11,,,,
9119,Alice Johnson,2.54774E+11,,,,
9118,Alice Williams,2.54713E+11,,,,
9117,Bob Garcia,2.54795E+11,,,,
9116,Eve Martinez,2.54778E+11,,,,
9115,Carlos Brown,2.54783E+11,,,,
9114,Grace Miller,2.54787E+11,,,,
9113,Diana Martinez,2.54742E+11,,,,
9112,Grace Brown,2.54732E+11,,,,
9111,Carlos Martinez,2.54767E+11,,,,
9110,Jane Miller,2.54711E+11,,,,
9109,Alice Martinez,2.54793E+11,,,,
9108,Eve Miller,2.54785E+11,,,,
9107,Henry Garcia,2.54774E+11,,,,
9106,Frank Johnson,2.54728E+11,,,,
9105,Frank Jones,2.54728E+11,,,,
9104,Grace Brown,2.54774E+11,,,,
9103,Diana Williams,2.54796E+11,,,,
9102,Frank Williams,2.54742E+11,,,,
9101,Diana Williams,2.54714E+11,,,,
9100,Diana Brown,2.54769E+11,,,,
9099,Alice Johnson,2.54778E+11,,,,
9098,Bob Rodriguez,2.54792E+11,,,,
9097,Alice Brown,2.5478E+11,,,,
9096,Jane Smith,2.54797E+11,,,,
9095,Carlos Davis,2.5474E+11,,,,
9094,Bob Brown,2.54742E+11,,,,
9093,Frank Brown,2.54775E+11,,,,
9092,Eve Davis,2.54763E+11,,,,
9091,Diana Rodriguez,2.5474E+11,,,,
9090,Carlos Davis,2.54713E+11,,,,
9089,Frank Johnson,2.54792E+11,,,,
9088,Henry Martinez,2.54763E+11,,,,
9087,Carlos Rodriguez,2.54776E+11,,,,
9086,Henry Johnson,2.54726E+11,,,,
9085,Frank Miller,2.54716E+11,,,,
9084,Carlos Johnson,2.54779E+11,,,,
9083,Bob Williams,2.54791E+11,,,,
9082,John Martinez,2.54732E+11,,,,
9081,Diana Davis,2.54788E+11,,,,
9080,Jane Martinez,2.54768E+11,,,,
9079,Carlos Miller,2.54798E+11,,,,
9078,Bob Garcia,2.54746E+11,,,,
9077,Frank Davis,2.54746E+11,,,,
9076,Diana Davis,2.54762E+11,,,,
9075,John Rodriguez,2.54754E+11,,,,
9074,Bob Martinez,2.54743E+11,,,,
9073,Alice Martinez,2.5479E+11,,,,
9072,Alice Williams,2.54731E+11,,,,
9071,Alice Rodriguez,2.54728E+11,,,,
9070,Bob Brown,2.54752E+11,,,,
9069,Eve Davis,2.54774E+11,,,,
9068,Bob Smith,2.54727E+11,,,,
9067,Eve Davis,2.54729E+11,,,,
9066,Bob Davis,2.54789E+11,,,,
9065,Frank Williams,2.54767E+11,,,,
9064,Bob Davis,2.54796E+11,,,,
9063,Frank Rodriguez,2.54742E+11,,,,
9062,Diana Martinez,2.5473E+11,,,,
9061,Henry Jones,2.54732E+11,,,,
9060,Diana Garcia,2.54713E+11,,,,
9059,Frank Martinez,2.54779E+11,,,,
9058,Henry Rodriguez,2.54743E+11,,,,
9057,Jane Miller,2.54778E+11,,,,
9056,John Martinez,2.54749E+11,,,,
9055,Henry Rodriguez,2.54777E+11,,,,
9054,John Garcia,2.54747E+11,,,,
9053,Henry Jones,2.54792E+11,,,,
9052,Grace Martinez,2.54736E+11,,,,
9051,Carlos Miller,2.54792E+11,,,,
9050,Carlos Smith,2.54716E+11,,,,
9049,Bob Rodriguez,2.54739E+11,,,,
9048,Henry Brown,2.54783E+11,,,,
9047,Jane Johnson,2.54754E+11,,,,
9046,Bob Miller,2.54724E+11,,,,
9045,Eve Johnson,2.54785E+11,,,,
9044,Diana Miller,2.54748E+11,,,,
9043,Henry Davis,2.54799E+11,,,,
9042,Carlos Rodriguez,2.54745E+11,,,,
9041,Jane Brown,2.54744E+11,,,,
9040,Jane Smith,2.54731E+11,,,,
9039,Jane Smith,2.54713E+11,,,,
9038,Frank Smith,2.54752E+11,,,,
9037,Diana Williams,2.54786E+11,,,,
9036,Henry Smith,2.5477E+11,,,,
9035,Alice Rodriguez,2.5475E+11,,,,
9034,Grace Rodriguez,2.54741E+11,,,,
9033,Carlos Miller,2.54747E+11,,,,
9032,Grace Smith,2.54744E+11,,,,
9031,Diana Williams,2.54769E+11,,,,
9030,Bob Jones,2.54778E+11,,,,
9029,Eve Brown,2.54797E+11,,,,
9028,Alice Smith,2.54754E+11,,,,
9027,Diana Miller,2.54734E+11,,,,
9026,Grace Rodriguez,2.54718E+11,,,,
9025,Carlos Williams,2.54789E+11,,,,
9024,Henry Martinez,2.54794E+11,,,,
9023,Bob Martinez,2.54796E+11,,,,
9022,Alice Garcia,2.5474E+11,,,,
9021,Jane Jones,2.54795E+11,,,,
9020,Jane Garcia,2.54725E+11,,,,
9019,Eve Miller,2.54759E+11,,,,
9018,Bob Garcia,2.5475E+11,,,,
9017,Henry Martinez,2.5477E+11,,,,
9016,Diana Rodriguez,2.54718E+11,,,,
9015,Frank Smith,2.54744E+11,,,,
9014,Grace Miller,2.54788E+11,,,,
9013,John Miller,2.54774E+11,,,,
9012,Eve Brown,2.54729E+11,,,,
9011,Carlos Martinez,2.54793E+11,,,,
9010,Alice Smith,2.54741E+11,,,,
9009,Eve Miller,2.54767E+11,,,,
9008,Carlos Garcia,2.54716E+11,,,,
9007,Bob Rodriguez,2.5477E+11,,,,
9006,Carlos Jones,2.54795E+11,,,,
9005,Alice Williams,2.54791E+11,,,,
9004,Carlos Jones,2.54792E+11,,,,
9003,Henry Davis,2.54725E+11,,,,
9002,Eve Martinez,2.54745E+11,,,,
9001,Bob Rodriguez,2.54717E+11,,,,
9000,Carlos Brown,2.54764E+11,,,,
8999,Eve Rodriguez,2.54749E+11,,,,
8998,Grace Rodriguez,2.54759E+11,,,,
8997,Henry Martinez,2.54742E+11,,,,
8996,Diana Rodriguez,2.54783E+11,,,,
8995,Bob Miller,2.54761E+11,,,,
8994,Bob Smith,2.54737E+11,,,,
8993,Bob Davis,2.54733E+11,,,,
8992,Alice Jones,2.54749E+11,,,,
8991,Jane Garcia,2.54762E+11,,,,
8990,Carlos Smith,2.54757E+11,,,,
8989,Henry Smith,2.54767E+11,,,,
8988,Bob Williams,2.54732E+11,,,,
8987,Alice Martinez,2.54757E+11,,,,
8986,Henry Garcia,2.5475E+11,,,,
8985,Henry Williams,2.5479E+11,,,,
8984,Carlos Davis,2.54785E+11,,,,
8983,Diana Martinez,2.54787E+11,,,,
8982,Bob Smith,2.54722E+11,,,,
8981,Alice Brown,2.54753E+11,,,,
8980,Jane Davis,2.5478E+11,,,,
8979,Grace Rodriguez,2.54712E+11,,,,
8978,Bob Williams,2.5474E+11,,,,
8977,Eve Davis,2.54767E+11,,,,
8976,Grace Smith,2.54716E+11,,,,
8975,Henry Rodriguez,2.5474E+11,,,,
8974,Frank Williams,2.54756E+11,,,,
8973,Henry Johnson,2.54741E+11,,,,
8972,Diana Miller,2.5478E+11,,,,
8971,John Smith,2.54718E+11,,,,
8970,Eve Jones,2.5472E+11,,,,
8969,John Smith,2.54764E+11,,,,
8968,Henry Martinez,2.54795E+11,,,,
8967,John Garcia,2.54793E+11,,,,
8966,Jane Johnson,2.54727E+11,,,,
8965,Bob Davis,2.54789E+11,,,,
8964,Henry Smith,2.54785E+11,,,,
8963,John Garcia,2.54744E+11,,,,
8962,John Jones,2.54718E+11,,,,
8961,Carlos Martinez,2.54788E+11,,,,
8960,Henry Rodriguez,2.54735E+11,,,,
8959,Henry Rodriguez,2.54786E+11,,,,
8958,Frank Rodriguez,2.54763E+11,,,,
8957,Eve Garcia,2.54751E+11,,,,
8956,Eve Rodriguez,2.54742E+11,,,,
8955,Jane Johnson,2.54762E+11,,,,
8954,Bob Martinez,2.54725E+11,,,,
8953,Jane Jones,2.54796E+11,,,,
8952,Henry Garcia,2.54744E+11,,,,
8951,Diana Williams,2.54724E+11,,,,
8950,Bob Jones,2.54758E+11,,,,
8949,Frank Brown,2.54766E+11,,,,
8948,Eve Johnson,2.54798E+11,,,,
8947,Frank Williams,2.54799E+11,,,,
8946,Bob Johnson,2.5475E+11,,,,
8945,Diana Garcia,2.5474E+11,,,,
8944,Henry Davis,2.54763E+11,,,,
8943,Diana Davis,2.54732E+11,,,,
8942,Frank Garcia,2.54776E+11,,,,
8941,Diana Brown,2.54768E+11,,,,
8940,John Johnson,2.54719E+11,,,,
8939,Grace Martinez,2.54796E+11,,,,
8938,Diana Jones,2.54766E+11,,,,
8937,Grace Smith,2.54795E+11,,,,
8936,Diana Smith,2.5478E+11,,,,
8935,Eve Smith,2.5474E+11,,,,
8934,Carlos Miller,2.54734E+11,,,,
8933,Jane Miller,2.5471E+11,,,,
8932,Henry Brown,2.54747E+11,,,,
8931,Carlos Rodriguez,2.54748E+11,,,,
8930,Diana Johnson,2.54759E+11,,,,
8929,Eve Davis,2.5477E+11,,,,
8928,Diana Davis,2.54782E+11,,,,
8927,Alice Jones,2.54796E+11,,,,
8926,Diana Davis,2.54721E+11,,,,
8925,Bob Williams,2.54788E+11,,,,
8924,Bob Miller,2.54742E+11,,,,
8923,Eve Johnson,2.54748E+11,,,,
8922,Diana Rodriguez,2.54775E+11,,,,
8921,Diana Brown,2.54784E+11,,,,
8920,Diana Johnson,2.54716E+11,,,,
8919,Henry Miller,2.54754E+11,,,,
8918,Eve Rodriguez,2.54772E+11,,,,
8917,Bob Brown,2.54764E+11,,,,
8916,Eve Brown,2.54768E+11,,,,
8915,Eve Smith,2.54759E+11,,,,
8914,Carlos Johnson,2.5478E+11,,,,
8913,John Brown,2.54775E+11,,,,
8912,John Rodriguez,2.54796E+11,,,,
8911,Frank Miller,2.54766E+11,,,,
8910,Jane Davis,2.54729E+11,,,,
8909,Jane Rodriguez,2.54735E+11,,,,
8908,Frank Brown,2.54776E+11,,,,
8907,Alice Williams,2.54751E+11,,,,
8906,Henry Williams,2.54799E+11,,,,
8905,Henry Miller,2.54718E+11,,,,
8904,Eve Brown,2.54747E+11,,,,
8903,Frank Brown,2.5479E+11,,,,
8902,Eve Martinez,2.54744E+11,,,,
8901,Bob Martinez,2.54728E+11,,,,
8900,Grace Rodriguez,2.54744E+11,,,,
8899,Frank Martinez,2.54748E+11,,,,
8898,Henry Martinez,2.54779E+11,,,,
8897,Alice Smith,2.54766E+11,,,,
8896,Alice Brown,2.54742E+11,,,,
8895,Grace Rodriguez,2.54723E+11,,,,
8894,Diana Jones,2.54774E+11,,,,
8893,Eve Rodriguez,2.5474E+11,,,,
8892,Diana Martinez,2.54718E+11,,,,
8891,Frank Williams,2.5478E+11,,,,
8890,Grace Williams,2.54727E+11,,,,
8889,John Johnson,2.54753E+11,,,,
8888,Bob Jones,2.54732E+11,,,,
8887,Carlos Rodriguez,2.54716E+11,,,,
8886,Frank Martinez,2.54725E+11,,,,
8885,Diana Miller,2.54789E+11,,,,
8884,Diana Garcia,2.54766E+11,,,,
8883,Jane Miller,2.54747E+11,,,,
8882,Eve Garcia,2.54748E+11,,,,
8881,Carlos Martinez,2.54778E+11,,,,
8880,Grace Smith,2.54758E+11,,,,
8879,Grace Williams,2.54771E+11,,,,
8878,Grace Garcia,2.5476E+11,,,,
8877,John Miller,2.54774E+11,,,,
8876,Grace Williams,2.54757E+11,,,,
8875,Diana Brown,2.5474E+11,,,,
8874,John Miller,2.54739E+11,,,,
8873,John Davis,2.54799E+11,,,,
8872,Henry Brown,2.5473E+11,,,,
8871,Henry Rodriguez,2.54783E+11,,,,
8870,Diana Johnson,2.54721E+11,,,,
8869,Frank Smith,2.54794E+11,,,,
8868,Eve Davis,2.54763E+11,,,,
8867,Carlos Rodriguez,2.54719E+11,,,,
8866,Bob Jones,2.54787E+11,,,,
8865,Alice Rodriguez,2.54775E+11,,,,
8864,Carlos Miller,2.54736E+11,,,,
8863,Eve Smith,2.54766E+11,,,,
8862,Eve Davis,2.54796E+11,,,,
8861,Grace Brown,2.54741E+11,,,,
8860,Diana Davis,2.54745E+11,,,,
8859,Alice Williams,2.54741E+11,,,,
8858,Frank Johnson,2.54769E+11,,,,
8857,Bob Miller,2.54789E+11,,,,
8856,Eve Rodriguez,2.54733E+11,,,,
8855,Diana Johnson,2.54721E+11,,,,
8854,Carlos Miller,2.54761E+11,,,,
8853,Frank Rodriguez,2.54794E+11,,,,
8852,Alice Brown,2.54778E+11,,,,
8851,Henry Miller,2.54738E+11,,,,
8850,Eve Johnson,2.54752E+11,,,,
8849,Diana Smith,2.54746E+11,,,,
8848,Henry Davis,2.54769E+11,,,,
8847,Bob Jones,2.54767E+11,,,,
8846,Bob Williams,2.54742E+11,,,,
8845,Alice Smith,2.54747E+11,,,,
8844,Diana Williams,2.54737E+11,,,,
8843,Bob Miller,2.54736E+11,,,,
8842,Carlos Miller,2.54773E+11,,,,
8841,Alice Garcia,2.54767E+11,,,,
8840,Henry Johnson,2.54758E+11,,,,
8839,Grace Smith,2.54738E+11,,,,
8838,Eve Miller,2.54718E+11,,,,
8837,Grace Johnson,2.54771E+11,,,,
8836,Jane Johnson,2.54788E+11,,,,
8835,John Miller,2.54724E+11,,,,
8834,Frank Smith,2.54791E+11,,,,
8833,Bob Johnson,2.54792E+11,,,,
8832,Eve Brown,2.54794E+11,,,,
8831,Bob Miller,2.54765E+11,,,,
8830,Bob Smith,2.5475E+11,,,,
8829,Frank Martinez,2.54742E+11,,,,
8828,Jane Williams,2.5472E+11,,,,
8827,Eve Williams,2.54788E+11,,,,
8826,Bob Martinez,2.54731E+11,,,,
8825,Eve Garcia,2.548E+11,,,,
8824,Carlos Brown,2.54751E+11,,,,
8823,Bob Jones,2.54789E+11,,,,
8822,John Martinez,2.54754E+11,,,,
8821,Bob Rodriguez,2.54731E+11,,,,
8820,Henry Miller,2.54791E+11,,,,
8819,John Jones,2.54797E+11,,,,
8818,Alice Miller,2.54712E+11,,,,
8817,Henry Williams,2.54766E+11,,,,
8816,Alice Martinez,2.5477E+11,,,,
8815,Diana Martinez,2.54774E+11,,,,
8814,Diana Smith,2.54727E+11,,,,
8813,Grace Williams,2.54786E+11,,,,
8812,Henry Johnson,2.54792E+11,,,,
8811,Diana Brown,2.54715E+11,,,,
8810,Diana Garcia,2.54731E+11,,,,
8809,Frank Garcia,2.54797E+11,,,,
8808,Carlos Davis,2.54772E+11,,,,
8807,Eve Miller,2.54765E+11,,,,
8806,Alice Williams,2.54788E+11,,,,
8805,Bob Jones,2.54791E+11,,,,
8804,Henry Garcia,2.54717E+11,,,,
8803,Eve Williams,2.54739E+11,,,,
8802,Bob Miller,2.54798E+11,,,,
8801,Henry Martinez,2.54725E+11,,,,
8800,Alice Miller,2.54768E+11,,,,
8799,Carlos Martinez,2.5474E+11,,,,
8798,John Garcia,2.5478E+11,,,,
8797,Eve Smith,2.54785E+11,,,,
8796,Grace Smith,2.54718E+11,,,,
8795,John Williams,2.54715E+11,,,,
8794,Alice Williams,2.548E+11,,,,
8793,Alice Johnson,2.54782E+11,,,,
8792,Diana Smith,2.54725E+11,,,,
8791,Henry Rodriguez,2.54758E+11,,,,
8790,Diana Davis,2.54758E+11,,,,
8789,Grace Miller,2.54732E+11,,,,
8788,Carlos Johnson,2.5479E+11,,,,
8787,John Miller,2.54717E+11,,,,
8786,Bob Rodriguez,2.54725E+11,,,,
8785,Jane Miller,2.54746E+11,,,,
8784,Diana Brown,2.54792E+11,,,,
8783,Grace Davis,2.54722E+11,,,,
8782,Diana Martinez,2.54769E+11,,,,
8781,Henry Martinez,2.54754E+11,,,,
8780,Frank Williams,2.54729E+11,,,,
8779,Bob Rodriguez,2.5474E+11,,,,
8778,John Smith,2.54711E+11,,,,
8777,Diana Rodriguez,2.54798E+11,,,,
8776,Alice Rodriguez,2.54714E+11,,,,
8775,Frank Smith,2.54793E+11,,,,
8774,Henry Williams,2.54715E+11,,,,
8773,Jane Miller,2.54717E+11,,,,
8772,Alice Davis,2.54715E+11,,,,
8771,Eve Martinez,2.54739E+11,,,,
8770,Jane Smith,2.54729E+11,,,,
8769,Bob Brown,2.54751E+11,,,,
8768,John Brown,2.54778E+11,,,,
8767,Grace Smith,2.54711E+11,,,,
8766,John Johnson,2.54758E+11,,,,
8765,Eve Miller,2.54732E+11,,,,
8764,Carlos Davis,2.54725E+11,,,,
8763,Jane Johnson,2.54766E+11,,,,
8762,John Jones,2.54715E+11,,,,
8761,Bob Garcia,2.54732E+11,,,,
8760,Diana Johnson,2.54777E+11,,,,
8759,John Miller,2.54738E+11,,,,
8758,Grace Williams,2.54735E+11,,,,
8757,Eve Brown,2.5475E+11,,,,
8756,Carlos Williams,2.54761E+11,,,,
8755,John Brown,2.54745E+11,,,,
8754,Carlos Williams,2.548E+11,,,,
8753,Henry Brown,2.54773E+11,,,,
8752,Eve Martinez,2.54775E+11,,,,
8751,Jane Martinez,2.5472E+11,,,,
8750,Diana Smith,2.54742E+11,,,,
8749,Grace Garcia,2.54782E+11,,,,
8748,Carlos Williams,2.54714E+11,,,,
8747,Jane Martinez,2.54788E+11,,,,
8746,Henry Garcia,2.54722E+11,,,,
8745,Henry Rodriguez,2.54766E+11,,,,
8744,Frank Miller,2.54794E+11,,,,
8743,Eve Martinez,2.54753E+11,,,,
8742,Grace Smith,2.54733E+11,,,,
8741,Frank Williams,2.54769E+11,,,,
8740,John Jones,2.54768E+11,,,,
8739,Diana Smith,2.54788E+11,,,,
8738,Grace Smith,2.5477E+11,,,,
8737,Eve Davis,2.54778E+11,,,,
8736,Alice Martinez,2.54766E+11,,,,
8735,Grace Rodriguez,2.54786E+11,,,,
8734,John Garcia,2.54739E+11,,,,
8733,Grace Johnson,2.54716E+11,,,,
8732,Bob Martinez,2.54728E+11,,,,
8731,Diana Smith,2.54736E+11,,,,
8730,Carlos Garcia,2.54755E+11,,,,
8729,John Garcia,2.54739E+11,,,,
8728,Henry Rodriguez,2.54758E+11,,,,
8727,Jane Miller,2.5475E+11,,,,
8726,John Martinez,2.54739E+11,,,,
8725,Frank Martinez,2.54736E+11,,,,
8724,Carlos Johnson,2.5478E+11,,,,
8723,Henry Brown,2.54764E+11,,,,
8722,Carlos Garcia,2.54765E+11,,,,
8721,Grace Williams,2.54754E+11,,,,
8720,Jane Smith,2.54752E+11,,,,
8719,Grace Smith,2.54788E+11,,,,
8718,Bob Brown,2.5479E+11,,,,
8717,Carlos Miller,2.54733E+11,,,,
8716,Henry Garcia,2.54731E+11,,,,
8715,Alice Martinez,2.54742E+11,,,,
8714,Frank Davis,2.5477E+11,,,,
8713,Diana Jones,2.54788E+11,,,,
8712,John Jones,2.54774E+11,,,,
8711,Carlos Garcia,2.54754E+11,,,,
8710,Henry Brown,2.54715E+11,,,,
8709,Diana Miller,2.54721E+11,,,,
8708,John Johnson,2.54772E+11,,,,
8707,Alice Brown,2.54771E+11,,,,
8706,Jane Smith,2.54752E+11,,,,
8705,John Smith,2.54713E+11,,,,
8704,Eve Williams,2.54761E+11,,,,
8703,Grace Williams,2.54716E+11,,,,
8702,Eve Johnson,2.54776E+11,,,,
8701,Bob Williams,2.54779E+11,,,,
8700,Diana Johnson,2.54711E+11,,,,
8699,Henry Miller,2.5478E+11,,,,
8698,Bob Rodriguez,2.54747E+11,,,,
8697,Henry Davis,2.54799E+11,,,,
8696,Bob Smith,2.54789E+11,,,,
8695,Alice Davis,2.54723E+11,,,,
8694,Carlos Davis,2.54734E+11,,,,
8693,Grace Smith,2.54732E+11,,,,
8692,Henry Davis,2.54743E+11,,,,
8691,John Garcia,2.54749E+11,,,,
8690,Eve Jones,2.54719E+11,,,,
8689,Eve Smith,2.54776E+11,,,,
8688,Grace Garcia,2.54752E+11,,,,
8687,Carlos Johnson,2.54765E+11,,,,
8686,Eve Brown,2.54785E+11,,,,
8685,Carlos Miller,2.54738E+11,,,,
8684,Jane Garcia,2.54768E+11,,,,
8683,Diana Williams,2.54756E+11,,,,
8682,John Rodriguez,2.54776E+11,,,,
8681,Jane Williams,2.54773E+11,,,,
8680,Carlos Martinez,2.54774E+11,,,,
8679,Grace Miller,2.54726E+11,,,,
8678,Diana Jones,2.54713E+11,,,,
8677,Jane Williams,2.54795E+11,,,,
8676,Eve Smith,2.54713E+11,,,,
8675,Grace Rodriguez,2.54752E+11,,,,
8674,Alice Johnson,2.54771E+11,,,,
8673,Jane Jones,2.54732E+11,,,,
8672,Bob Jones,2.54796E+11,,,,
8671,Henry Garcia,2.54791E+11,,,,
8670,Henry Brown,2.54743E+11,,,,
8669,Diana Martinez,2.54784E+11,,,,
8668,Eve Smith,2.54752E+11,,,,
8667,Frank Williams,2.54782E+11,,,,
8666,Bob Martinez,2.54791E+11,,,,
8665,Frank Miller,2.5473E+11,,,,
8664,Eve Jones,2.5472E+11,,,,
8663,Carlos Davis,2.54767E+11,,,,
8662,Diana Davis,2.54772E+11,,,,
8661,Bob Brown,2.54782E+11,,,,
8660,Frank Johnson,2.54725E+11,,,,
8659,Diana Williams,2.54765E+11,,,,
8658,John Garcia,2.5476E+11,,,,
8657,Alice Rodriguez,2.54747E+11,,,,
8656,Alice Smith,2.54717E+11,,,,
8655,Bob Rodriguez,2.54762E+11,,,,
8654,Frank Miller,2.54781E+11,,,,
8653,Frank Garcia,2.54751E+11,,,,
8652,Diana Garcia,2.5472E+11,,,,
8651,Bob Davis,2.54717E+11,,,,
8650,Eve Martinez,2.54748E+11,,,,
8649,Alice Smith,2.54716E+11,,,,
8648,Bob Martinez,2.54734E+11,,,,
8647,Bob Jones,2.54779E+11,,,,
8646,Henry Johnson,2.54783E+11,,,,
8645,John Williams,2.54763E+11,,,,
8644,Carlos Miller,2.54756E+11,,,,
8643,Frank Davis,2.54796E+11,,,,
8642,John Martinez,2.54746E+11,,,,
8641,Alice Johnson,2.54743E+11,,,,
8640,Diana Martinez,2.54721E+11,,,,
8639,Bob Jones,2.54759E+11,,,,
8638,Diana Smith,2.54782E+11,,,,
8637,Diana Williams,2.54771E+11,,,,
8636,Carlos Jones,2.54746E+11,,,,
8635,Frank Smith,2.54717E+11,,,,
8634,Eve Davis,2.54715E+11,,,,
8633,Eve Garcia,2.54798E+11,,,,
8632,Bob Smith,2.54763E+11,,,,
8631,Grace Garcia,2.5472E+11,,,,
8630,Eve Garcia,2.54729E+11,,,,
8629,Jane Johnson,2.54746E+11,,,,
8628,Grace Rodriguez,2.54714E+11,,,,
8627,Jane Smith,2.54786E+11,,,,
8626,Frank Smith,2.54717E+11,,,,
8625,Frank Williams,2.54754E+11,,,,
8624,Frank Smith,2.54768E+11,,,,
8623,Jane Davis,2.54797E+11,,,,
8622,Henry Brown,2.54742E+11,,,,
8621,Bob Johnson,2.54724E+11,,,,
8620,Bob Williams,2.54752E+11,,,,
8619,Henry Johnson,2.54778E+11,,,,
8618,Bob Rodriguez,2.54784E+11,,,,
8617,Jane Davis,2.54795E+11,,,,
8616,Jane Rodriguez,2.54778E+11,,,,
8615,Frank Smith,2.54751E+11,,,,
8614,Diana Brown,2.54796E+11,,,,
8613,Bob Martinez,2.54757E+11,,,,
8612,Jane Rodriguez,2.54799E+11,,,,
8611,Carlos Johnson,2.54789E+11,,,,
8610,John Martinez,2.54776E+11,,,,
8609,John Jones,2.54744E+11,,,,
8608,Frank Brown,2.54748E+11,,,,
8607,John Davis,2.54732E+11,,,,
8606,Alice Miller,2.54768E+11,,,,
8605,John Martinez,2.54784E+11,,,,
8604,Eve Johnson,2.5477E+11,,,,
8603,Frank Jones,2.5474E+11,,,,
8602,Bob Brown,2.54797E+11,,,,
8601,John Miller,2.54731E+11,,,,
8600,Alice Rodriguez,2.54769E+11,,,,
8599,Diana Miller,2.54784E+11,,,,
8598,Frank Jones,2.54745E+11,,,,
8597,Carlos Brown,2.54758E+11,,,,
8596,Frank Garcia,2.54784E+11,,,,
8595,Eve Davis,2.54788E+11,,,,
8594,Diana Brown,2.54778E+11,,,,
8593,Bob Smith,2.54793E+11,,,,
8592,Henry Rodriguez,2.54755E+11,,,,
8591,Grace Smith,2.54712E+11,,,,
8590,Bob Johnson,2.5472E+11,,,,
8589,Jane Davis,2.54787E+11,,,,
8588,Frank Garcia,2.54762E+11,,,,
8587,Bob Martinez,2.54735E+11,,,,
8586,John Miller,2.54712E+11,,,,
8585,Carlos Smith,2.54738E+11,,,,
8584,Jane Brown,2.54754E+11,,,,
8583,John Garcia,2.54753E+11,,,,
8582,Grace Brown,2.54717E+11,,,,
8581,Eve Davis,2.5473E+11,,,,
8580,Henry Smith,2.54736E+11,,,,
8579,Bob Brown,2.54794E+11,,,,
8578,Alice Rodriguez,2.5478E+11,,,,
8577,Jane Smith,2.54731E+11,,,,
8576,Carlos Johnson,2.54726E+11,,,,
8575,Grace Davis,2.54728E+11,,,,
8574,Frank Williams,2.54753E+11,,,,
8573,Bob Miller,2.54774E+11,,,,
8572,Diana Rodriguez,2.54718E+11,,,,
8571,Alice Johnson,2.54736E+11,,,,
8570,Eve Johnson,2.54776E+11,,,,
8569,Henry Rodriguez,2.54795E+11,,,,
8568,Grace Miller,2.54768E+11,,,,
8567,Jane Martinez,2.54797E+11,,,,
8566,Carlos Garcia,2.54787E+11,,,,
8565,Henry Johnson,2.54769E+11,,,,
8564,Grace Miller,2.54742E+11,,,,
8563,Carlos Garcia,2.54745E+11,,,,
8562,Bob Johnson,2.54772E+11,,,,
8561,Carlos Davis,2.54772E+11,,,,
8560,Frank Smith,2.54799E+11,,,,
8559,Henry Johnson,2.54794E+11,,,,
8558,Henry Garcia,2.5477E+11,,,,
8557,Alice Jones,2.54715E+11,,,,
8556,John Miller,2.54735E+11,,,,
8555,Frank Williams,2.54741E+11,,,,
8554,Eve Jones,2.5472E+11,,,,
8553,Bob Johnson,2.54722E+11,,,,
8552,Carlos Martinez,2.54784E+11,,,,
8551,Diana Davis,2.54715E+11,,,,
8550,Henry Johnson,2.5478E+11,,,,
8549,Bob Smith,2.54722E+11,,,,
8548,Frank Williams,2.54734E+11,,,,
8547,Frank Martinez,2.54786E+11,,,,
8546,Alice Brown,2.54766E+11,,,,
8545,Jane Williams,2.54791E+11,,,,
8544,Bob Davis,2.54777E+11,,,,
8543,Henry Johnson,2.54767E+11,,,,
8542,Diana Garcia,2.54791E+11,,,,
8541,Henry Davis,2.54784E+11,,,,
8540,Carlos Williams,2.54757E+11,,,,
8539,Eve Miller,2.54769E+11,,,,
8538,Alice Brown,2.54749E+11,,,,
8537,Jane Rodriguez,2.54719E+11,,,,
8536,John Brown,2.54792E+11,,,,
8535,Grace Martinez,2.5478E+11,,,,
8534,Henry Brown,2.54726E+11,,,,
8533,Jane Miller,2.54731E+11,,,,
8532,Henry Williams,2.54754E+11,,,,
8531,Henry Miller,2.54721E+11,,,,
8530,Grace Brown,2.54796E+11,,,,
8529,Carlos Williams,2.54778E+11,,,,
8528,Jane Brown,2.54753E+11,,,,
8527,Jane Rodriguez,2.54795E+11,,,,
8526,Grace Williams,2.54765E+11,,,,
8525,Bob Davis,2.54728E+11,,,,
8524,John Garcia,2.54747E+11,,,,
8523,Carlos Smith,2.54772E+11,,,,
8522,Eve Davis,2.54729E+11,,,,
8521,Eve Williams,2.54743E+11,,,,
8520,Diana Miller,2.54719E+11,,,,
8519,Eve Martinez,2.54746E+11,,,,
8518,Bob Martinez,2.54766E+11,,,,
8517,Henry Davis,2.54778E+11,,,,
8516,Eve Johnson,2.54779E+11,,,,
8515,Jane Brown,2.5474E+11,,,,
8514,John Miller,2.54741E+11,,,,
8513,Diana Rodriguez,2.54743E+11,,,,
8512,Carlos Williams,2.54752E+11,,,,
8511,Grace Jones,2.54779E+11,,,,
8510,Henry Brown,2.54756E+11,,,,
8509,Henry Williams,2.54766E+11,,,,
8508,Alice Garcia,2.54782E+11,,,,
8507,Carlos Rodriguez,2.54724E+11,,,,
8506,Henry Jones,2.54727E+11,,,,
8505,John Miller,2.54769E+11,,,,
8504,Grace Brown,2.54781E+11,,,,
8503,Bob Garcia,2.54752E+11,,,,
8502,Grace Rodriguez,2.54796E+11,,,,
8501,Bob Williams,2.54778E+11,,,,
8500,Carlos Miller,2.54715E+11,,,,
8499,Frank Martinez,2.54782E+11,,,,
8498,Grace Brown,2.5477E+11,,,,
8497,Grace Jones,2.54719E+11,,,,
8496,Bob Rodriguez,2.54735E+11,,,,
8495,Bob Jones,2.54733E+11,,,,
8494,Diana Jones,2.54758E+11,,,,
8493,Carlos Johnson,2.5478E+11,,,,
8492,John Williams,2.54783E+11,,,,
8491,Alice Miller,2.54712E+11,,,,
8490,Henry Brown,2.54745E+11,,,,
8489,Eve Jones,2.54799E+11,,,,
8488,Frank Smith,2.5477E+11,,,,
8487,Eve Johnson,2.54776E+11,,,,
8486,Alice Garcia,2.54731E+11,,,,
8485,John Rodriguez,2.54758E+11,,,,
8484,Bob Martinez,2.54766E+11,,,,
8483,Carlos Brown,2.54721E+11,,,,
8482,Henry Brown,2.54715E+11,,,,
8481,John Martinez,2.54762E+11,,,,
8480,Eve Garcia,2.54772E+11,,,,
8479,Bob Williams,2.54783E+11,,,,
8478,Diana Garcia,2.5479E+11,,,,
8477,Jane Garcia,2.54763E+11,,,,
8476,Frank Davis,2.54781E+11,,,,
8475,Jane Johnson,2.54755E+11,,,,
8474,John Smith,2.54716E+11,,,,
8473,Alice Garcia,2.54763E+11,,,,
8472,Bob Smith,2.54767E+11,,,,
8471,Alice Rodriguez,2.54732E+11,,,,
8470,Eve Johnson,2.5478E+11,,,,
8469,Bob Smith,2.5477E+11,,,,
8468,Diana Miller,2.54792E+11,,,,
8467,Bob Smith,2.54722E+11,,,,
8466,Henry Smith,2.54792E+11,,,,
8465,Bob Jones,2.54771E+11,,,,
8464,Alice Martinez,2.54778E+11,,,,
8463,Bob Martinez,2.54719E+11,,,,
8462,Diana Jones,2.54713E+11,,,,
8461,Eve Williams,2.54731E+11,,,,
8460,Henry Davis,2.5474E+11,,,,
8459,Eve Davis,2.54716E+11,,,,
8458,Alice Smith,2.54777E+11,,,,
8457,Henry Smith,2.54797E+11,,,,
8456,Grace Jones,2.54787E+11,,,,
8455,John Jones,2.54735E+11,,,,
8454,John Smith,2.54726E+11,,,,
8453,John Garcia,2.54796E+11,,,,
8452,Henry Martinez,2.54771E+11,,,,
8451,Grace Davis,2.54793E+11,,,,
8450,Frank Martinez,2.54787E+11,,,,
8449,John Miller,2.54757E+11,,,,
8448,Frank Martinez,2.54778E+11,,,,
8447,Grace Johnson,2.5471E+11,,,,
8446,Eve Johnson,2.54769E+11,,,,
8445,Alice Johnson,2.54725E+11,,,,
8444,Alice Miller,2.54738E+11,,,,
8443,Eve Martinez,2.54748E+11,,,,
8442,Carlos Miller,2.54726E+11,,,,
8441,Henry Garcia,2.54787E+11,,,,
8440,Bob Garcia,2.54779E+11,,,,
8439,Henry Martinez,2.54741E+11,,,,
8438,Henry Williams,2.54733E+11,,,,
8437,Diana Martinez,2.54751E+11,,,,
8436,Frank Brown,2.5479E+11,,,,
8435,Eve Rodriguez,2.54785E+11,,,,
8434,Jane Brown,2.5478E+11,,,,
8433,Alice Miller,2.54752E+11,,,,
8432,Bob Brown,2.54732E+11,,,,
8431,Henry Rodriguez,2.54771E+11,,,,
8430,John Martinez,2.54773E+11,,,,
8429,Carlos Smith,2.54716E+11,,,,
8428,Bob Smith,2.54784E+11,,,,
8427,Eve Brown,2.54758E+11,,,,
8426,Henry Smith,2.54744E+11,,,,
8425,Diana Williams,2.54734E+11,,,,
8424,Eve Williams,2.54713E+11,,,,
8423,Frank Williams,2.54731E+11,,,,
8422,John Davis,2.54717E+11,,,,
8421,Grace Garcia,2.54752E+11,,,,
8420,Frank Garcia,2.54781E+11,,,,
8419,Alice Brown,2.54751E+11,,,,
8418,Grace Garcia,2.54783E+11,,,,
8417,John Williams,2.54723E+11,,,,
8416,Jane Martinez,2.5471E+11,,,,
8415,Bob Smith,2.54759E+11,,,,
8414,Alice Smith,2.54744E+11,,,,
8413,Jane Brown,2.54787E+11,,,,
8412,John Martinez,2.5473E+11,,,,
8411,Alice Davis,2.54766E+11,,,,
8410,Henry Miller,2.54764E+11,,,,
8409,Eve Brown,2.5475E+11,,,,
8408,Bob Johnson,2.5476E+11,,,,
8407,Frank Miller,2.54798E+11,,,,
8406,Henry Johnson,2.54797E+11,,,,
8405,Frank Rodriguez,2.54762E+11,,,,
8404,Carlos Martinez,2.54786E+11,,,,
8403,Carlos Brown,2.54767E+11,,,,
8402,Frank Garcia,2.54743E+11,,,,
8401,Frank Garcia,2.54749E+11,,,,
8400,Diana Rodriguez,2.54718E+11,,,,
8399,John Davis,2.54731E+11,,,,
8398,Eve Jones,2.54721E+11,,,,
8397,Frank Garcia,2.54774E+11,,,,
8396,Jane Rodriguez,2.54721E+11,,,,
8395,Grace Brown,2.54724E+11,,,,
8394,Bob Davis,2.54743E+11,,,,
8393,Frank Jones,2.54788E+11,,,,
8392,John Jones,2.54757E+11,,,,
8391,Carlos Williams,2.54786E+11,,,,
8390,Grace Miller,2.54756E+11,,,,
8389,Bob Martinez,2.54761E+11,,,,
8388,Alice Miller,2.54781E+11,,,,
8387,Alice Davis,2.5475E+11,,,,
8386,Grace Johnson,2.54714E+11,,,,
8385,Bob Smith,2.5475E+11,,,,
8384,Alice Brown,2.54781E+11,,,,
8383,Eve Williams,2.54769E+11,,,,
8382,Frank Brown,2.54769E+11,,,,
8381,Bob Brown,2.54719E+11,,,,
8380,John Martinez,2.54743E+11,,,,
8379,John Brown,2.54785E+11,,,,
8378,Diana Martinez,2.5475E+11,,,,
8377,Frank Williams,2.54737E+11,,,,
8376,Jane Williams,2.5474E+11,,,,
8375,Henry Smith,2.54743E+11,,,,
8374,Diana Jones,2.54756E+11,,,,
8373,Bob Garcia,2.54755E+11,,,,
8372,Frank Johnson,2.54765E+11,,,,
8371,Frank Davis,2.54732E+11,,,,
8370,Diana Johnson,2.54778E+11,,,,
8369,Frank Johnson,2.54759E+11,,,,
8368,John Williams,2.54767E+11,,,,
8367,Jane Rodriguez,2.54797E+11,,,,
8366,Frank Miller,2.54792E+11,,,,
8365,Bob Garcia,2.5477E+11,,,,
8364,Jane Martinez,2.54716E+11,,,,
8363,Eve Garcia,2.54768E+11,,,,
8362,Jane Smith,2.54785E+11,,,,
8361,Jane Brown,2.54776E+11,,,,
8360,Frank Williams,2.5477E+11,,,,
8359,Eve Johnson,2.54738E+11,,,,
8358,Grace Jones,2.54716E+11,,,,
8357,Eve Brown,2.54772E+11,,,,
8356,Jane Jones,2.54758E+11,,,,
8355,Henry Williams,2.54764E+11,,,,
8354,Bob Smith,2.54767E+11,,,,
8353,Carlos Johnson,2.54743E+11,,,,
8352,Jane Williams,2.54749E+11,,,,
8351,Grace Garcia,2.54761E+11,,,,
8350,Jane Johnson,2.54718E+11,,,,
8349,Frank Johnson,2.54743E+11,,,,
8348,Bob Garcia,2.54762E+11,,,,
8347,Bob Davis,2.5478E+11,,,,
8346,Grace Miller,2.54781E+11,,,,
8345,Henry Brown,2.54747E+11,,,,
8344,Carlos Jones,2.5475E+11,,,,
8343,Jane Brown,2.54775E+11,,,,
8342,Henry Johnson,2.54754E+11,,,,
8341,Frank Brown,2.54773E+11,,,,
8340,Eve Johnson,2.54713E+11,,,,
8339,John Smith,2.54744E+11,,,,
8338,Bob Davis,2.54716E+11,,,,
8337,Eve Williams,2.54779E+11,,,,
8336,Jane Miller,2.54731E+11,,,,
8335,Frank Jones,2.54719E+11,,,,
8334,Frank Johnson,2.54768E+11,,,,
8333,Frank Johnson,2.54745E+11,,,,
8332,Frank Rodriguez,2.54755E+11,,,,
8331,Jane Garcia,2.54774E+11,,,,
8330,Bob Miller,2.54786E+11,,,,
8329,Carlos Johnson,2.54784E+11,,,,
8328,Bob Williams,2.54785E+11,,,,
8327,Bob Jones,2.54788E+11,,,,
8326,Frank Davis,2.54741E+11,,,,
8325,Carlos Jones,2.5474E+11,,,,
8324,Henry Rodriguez,2.54787E+11,,,,
8323,Eve Rodriguez,2.54769E+11,,,,
8322,Diana Garcia,2.54771E+11,,,,
8321,Grace Brown,2.5479E+11,,,,
8320,John Smith,2.54738E+11,,,,
8319,Bob Miller,2.54753E+11,,,,
8318,Henry Rodriguez,2.54734E+11,,,,
8317,Jane Smith,2.54723E+11,,,,
8316,Carlos Davis,2.54773E+11,,,,
8315,Diana Johnson,2.54724E+11,,,,
8314,Alice Davis,2.54777E+11,,,,
8313,Bob Smith,2.54776E+11,,,,
8312,Eve Johnson,2.54731E+11,,,,
8311,Eve Williams,2.54734E+11,,,,
8310,Eve Davis,2.54753E+11,,,,
8309,Carlos Johnson,2.54768E+11,,,,
8308,Eve Jones,2.54796E+11,,,,
8307,Carlos Davis,2.54779E+11,,,,
8306,Diana Smith,2.54743E+11,,,,
8305,Eve Rodriguez,2.54717E+11,,,,
8304,Carlos Rodriguez,2.54729E+11,,,,
8303,Grace Davis,2.54787E+11,,,,
8302,Diana Brown,2.54793E+11,,,,
8301,Grace Johnson,2.54741E+11,,,,
8300,John Johnson,2.54735E+11,,,,
8299,Diana Miller,2.54718E+11,,,,
8298,Grace Johnson,2.54756E+11,,,,
8297,Alice Brown,2.54721E+11,,,,
8296,Diana Jones,2.5474E+11,,,,
8295,Bob Williams,2.54774E+11,,,,
8294,Carlos Williams,2.54795E+11,,,,
8293,John Smith,2.54796E+11,,,,
8292,Jane Jones,2.54764E+11,,,,
8291,Diana Smith,2.54738E+11,,,,
8290,Alice Johnson,2.54734E+11,,,,
8289,Henry Jones,2.54798E+11,,,,
8288,Bob Miller,2.54776E+11,,,,
8287,Alice Rodriguez,2.54767E+11,,,,
8286,Alice Garcia,2.54781E+11,,,,
8285,Alice Jones,2.54791E+11,,,,
8284,Jane Davis,2.54763E+11,,,,
8283,Alice Garcia,2.54774E+11,,,,
8282,Eve Garcia,2.54745E+11,,,,
8281,Grace Johnson,2.54731E+11,,,,
8280,Jane Miller,2.54714E+11,,,,
8279,Diana Rodriguez,2.5473E+11,,,,
8278,Eve Rodriguez,2.54717E+11,,,,
8277,John Martinez,2.54782E+11,,,,
8276,Grace Rodriguez,2.54731E+11,,,,
8275,John Garcia,2.54721E+11,,,,
8274,Henry Johnson,2.54779E+11,,,,
8273,Jane Smith,2.5475E+11,,,,
8272,Carlos Garcia,2.54793E+11,,,,
8271,Diana Williams,2.54751E+11,,,,
8270,Jane Brown,2.5474E+11,,,,
8269,Jane Smith,2.548E+11,,,,
8268,John Smith,2.54732E+11,,,,
8267,Frank Rodriguez,2.54754E+11,,,,
8266,Alice Smith,2.54792E+11,,,,
8265,Henry Miller,2.54762E+11,,,,
8264,Carlos Johnson,2.54759E+11,,,,
8263,Alice Williams,2.54717E+11,,,,
8262,Diana Martinez,2.54751E+11,,,,
8261,Alice Garcia,2.54711E+11,,,,
8260,Jane Rodriguez,2.54765E+11,,,,
8259,Bob Brown,2.54737E+11,,,,
8258,Eve Brown,2.54755E+11,,,,
8257,Frank Smith,2.54764E+11,,,,
8256,Grace Williams,2.54717E+11,,,,
8255,Bob Davis,2.5473E+11,,,,
8254,John Rodriguez,2.54732E+11,,,,
8253,Carlos Jones,2.54717E+11,,,,
8252,Alice Garcia,2.54718E+11,,,,
8251,Carlos Rodriguez,2.54722E+11,,,,
8250,Alice Miller,2.54785E+11,,,,
8249,Alice Williams,2.54791E+11,,,,
8248,Frank Jones,2.5473E+11,,,,
8247,Eve Brown,2.54783E+11,,,,
8246,Frank Davis,2.5479E+11,,,,
8245,Alice Brown,2.54768E+11,,,,
8244,Diana Davis,2.54773E+11,,,,
8243,John Miller,2.54725E+11,,,,
8242,Diana Davis,2.54742E+11,,,,
8241,Eve Williams,2.54784E+11,,,,
8240,Diana Johnson,2.54775E+11,,,,
8239,Diana Rodriguez,2.54719E+11,,,,
8238,Carlos Brown,2.54753E+11,,,,
8237,Diana Davis,2.54785E+11,,,,
8236,Bob Johnson,2.5473E+11,,,,
8235,Carlos Rodriguez,2.54766E+11,,,,
8234,Grace Miller,2.54724E+11,,,,
8233,Grace Smith,2.54726E+11,,,,
8232,Diana Johnson,2.5478E+11,,,,
8231,Henry Martinez,2.54727E+11,,,,
8230,Eve Martinez,2.54752E+11,,,,
8229,Grace Williams,2.54799E+11,,,,
8228,John Smith,2.54776E+11,,,,
8227,Diana Brown,2.54739E+11,,,,
8226,Bob Johnson,2.54752E+11,,,,
8225,Eve Martinez,2.54776E+11,,,,
8224,Bob Johnson,2.54769E+11,,,,
8223,Eve Davis,2.54754E+11,,,,
8222,Eve Brown,2.5473E+11,,,,
8221,Alice Smith,2.54726E+11,,,,
8220,Henry Rodriguez,2.54712E+11,,,,
8219,Frank Jones,2.54725E+11,,,,
8218,John Rodriguez,2.54724E+11,,,,
8217,Jane Johnson,2.54771E+11,,,,
8216,Grace Jones,2.5472E+11,,,,
8215,Henry Williams,2.54732E+11,,,,
8214,Jane Brown,2.54755E+11,,,,
8213,Henry Williams,2.54767E+11,,,,
8212,Eve Smith,2.54727E+11,,,,
8211,Henry Martinez,2.54765E+11,,,,
8210,Frank Johnson,2.5473E+11,,,,
8209,Frank Jones,2.54727E+11,,,,
8208,Carlos Brown,2.54794E+11,,,,
8207,Diana Martinez,2.54713E+11,,,,
8206,Henry Miller,2.54795E+11,,,,
8205,Grace Davis,2.54737E+11,,,,
8204,John Jones,2.54717E+11,,,,
8203,Alice Garcia,2.5473E+11,,,,
8202,Henry Martinez,2.54739E+11,,,,
8201,Bob Rodriguez,2.5479E+11,,,,
8200,Alice Williams,2.54746E+11,,,,
8199,Alice Martinez,2.54733E+11,,,,
8198,John Garcia,2.54762E+11,,,,
8197,Henry Smith,2.54742E+11,,,,
8196,Eve Jones,2.54783E+11,,,,
8195,Diana Garcia,2.54721E+11,,,,
8194,Jane Martinez,2.54733E+11,,,,
8193,Bob Martinez,2.5474E+11,,,,
8192,Frank Martinez,2.54785E+11,,,,
8191,Henry Johnson,2.54767E+11,,,,
8190,Jane Rodriguez,2.5474E+11,,,,
8189,Frank Davis,2.54768E+11,,,,
8188,Diana Garcia,2.54733E+11,,,,
8187,Grace Williams,2.54756E+11,,,,
8186,Jane Garcia,2.5475E+11,,,,
8185,Frank Rodriguez,2.5476E+11,,,,
8184,Bob Brown,2.54715E+11,,,,
8183,Frank Miller,2.54777E+11,,,,
8182,Bob Brown,2.54756E+11,,,,
8181,Jane Martinez,2.54731E+11,,,,
8180,Bob Johnson,2.54761E+11,,,,
8179,Diana Davis,2.54727E+11,,,,
8178,Grace Davis,2.54752E+11,,,,
8177,Diana Jones,2.54757E+11,,,,
8176,Bob Jones,2.54791E+11,,,,
8175,Henry Brown,2.54751E+11,,,,
8174,Bob Jones,2.5474E+11,,,,
8173,Diana Garcia,2.5479E+11,,,,
8172,Eve Davis,2.54768E+11,,,,
8171,Carlos Miller,2.5471E+11,,,,
8170,Henry Smith,2.54757E+11,,,,
8169,Henry Martinez,2.5477E+11,,,,
8168,Jane Smith,2.54777E+11,,,,
8167,Carlos Rodriguez,2.54754E+11,,,,
8166,Carlos Williams,2.54744E+11,,,,
8165,Bob Johnson,2.54762E+11,,,,
8164,Henry Garcia,2.54772E+11,,,,
8163,Diana Martinez,2.54746E+11,,,,
8162,Carlos Brown,2.54798E+11,,,,
8161,John Smith,2.54744E+11,,,,
8160,Eve Garcia,2.54795E+11,,,,
8159,Jane Miller,2.5479E+11,,,,
8158,Eve Smith,2.54723E+11,,,,
8157,Eve Smith,2.54797E+11,,,,
8156,Diana Smith,2.54766E+11,,,,
8155,Alice Smith,2.54791E+11,,,,
8154,Carlos Smith,2.54783E+11,,,,
8153,John Davis,2.54754E+11,,,,
8152,Diana Williams,2.54745E+11,,,,
8151,Henry Rodriguez,2.54757E+11,,,,
8150,Henry Davis,2.54756E+11,,,,
8149,Alice Garcia,2.54794E+11,,,,
8148,Diana Miller,2.54769E+11,,,,
8147,Frank Johnson,2.54764E+11,,,,
8146,John Rodriguez,2.54726E+11,,,,
8145,Grace Jones,2.5478E+11,,,,
8144,John Jones,2.54799E+11,,,,
8143,Henry Brown,2.54764E+11,,,,
8142,John Brown,2.54731E+11,,,,
8141,Henry Miller,2.54715E+11,,,,
8140,Henry Smith,2.5478E+11,,,,
8139,Bob Smith,2.54771E+11,,,,
8138,John Johnson,2.54785E+11,,,,
8137,Jane Johnson,2.54755E+11,,,,
8136,Eve Garcia,2.54724E+11,,,,
8135,Frank Martinez,2.54721E+11,,,,
8134,John Martinez,2.54752E+11,,,,
8133,Grace Davis,2.5472E+11,,,,
8132,Eve Williams,2.54729E+11,,,,
8131,Diana Brown,2.5479E+11,,,,
8130,Carlos Miller,2.54774E+11,,,,
8129,Henry Miller,2.54786E+11,,,,
8128,Frank Martinez,2.5474E+11,,,,
8127,Henry Martinez,2.54752E+11,,,,
8126,John Miller,2.54735E+11,,,,
8125,John Johnson,2.54763E+11,,,,
8124,Frank Brown,2.54797E+11,,,,
8123,Eve Jones,2.54714E+11,,,,
8122,Jane Johnson,2.54741E+11,,,,
8121,John Martinez,2.54751E+11,,,,
8120,Bob Williams,2.54752E+11,,,,
8119,Bob Williams,2.54783E+11,,,,
8118,Jane Johnson,2.54718E+11,,,,
8117,Diana Jones,2.54726E+11,,,,
8116,Bob Williams,2.54738E+11,,,,
8115,Henry Davis,2.54762E+11,,,,
8114,Grace Smith,2.54751E+11,,,,
8113,Bob Jones,2.54794E+11,,,,
8112,Jane Rodriguez,2.54757E+11,,,,
8111,Carlos Garcia,2.5477E+11,,,,
8110,Diana Martinez,2.54731E+11,,,,
8109,Jane Martinez,2.54734E+11,,,,
8108,Grace Martinez,2.54737E+11,,,,
8107,Carlos Smith,2.54798E+11,,,,
8106,Frank Miller,2.54742E+11,,,,
8105,Carlos Smith,2.54741E+11,,,,
8104,Carlos Brown,2.54799E+11,,,,
8103,Carlos Brown,2.54743E+11,,,,
8102,Alice Garcia,2.54749E+11,,,,
8101,John Jones,2.5475E+11,,,,
8100,Henry Martinez,2.54729E+11,,,,
8099,John Brown,2.54736E+11,,,,
8098,Diana Brown,2.54759E+11,,,,
8097,Henry Johnson,2.54771E+11,,,,
8096,Carlos Jones,2.54741E+11,,,,
8095,Jane Davis,2.54763E+11,,,,
8094,Jane Garcia,2.54737E+11,,,,
8093,John Williams,2.5471E+11,,,,
8092,Carlos Miller,2.54722E+11,,,,
8091,Bob Williams,2.5477E+11,,,,
8090,Eve Brown,2.54722E+11,,,,
8089,Jane Davis,2.54747E+11,,,,
8088,Diana Smith,2.54767E+11,,,,
8087,Frank Miller,2.54784E+11,,,,
8086,Alice Davis,2.54786E+11,,,,
8085,Jane Smith,2.54751E+11,,,,
8084,Bob Martinez,2.54744E+11,,,,
8083,Alice Rodriguez,2.54786E+11,,,,
8082,Frank Johnson,2.54745E+11,,,,
8081,Henry Johnson,2.54795E+11,,,,
8080,Henry Martinez,2.54787E+11,,,,
8079,Carlos Davis,2.5479E+11,,,,
8078,Grace Garcia,2.54794E+11,,,,
8077,Diana Brown,2.54799E+11,,,,
8076,Grace Jones,2.54716E+11,,,,
8075,Bob Brown,2.54764E+11,,,,
8074,Carlos Brown,2.54727E+11,,,,
8073,Eve Jones,2.54725E+11,,,,
8072,Diana Williams,2.54761E+11,,,,
8071,Alice Martinez,2.5475E+11,,,,
8070,Diana Davis,2.54789E+11,,,,
8069,Carlos Johnson,2.54712E+11,,,,
8068,Eve Davis,2.5476E+11,,,,
8067,Henry Garcia,2.5474E+11,,,,
8066,Bob Davis,2.54763E+11,,,,
8065,Diana Martinez,2.54788E+11,,,,
8064,Bob Miller,2.5474E+11,,,,
8063,Frank Davis,2.54752E+11,,,,
8062,Frank Brown,2.54785E+11,,,,
8061,Diana Brown,2.5477E+11,,,,
8060,Carlos Smith,2.54797E+11,,,,
8059,Frank Smith,2.54754E+11,,,,
8058,Diana Jones,2.54735E+11,,,,
8057,Grace Miller,2.5474E+11,,,,
8056,Grace Rodriguez,2.5473E+11,,,,
8055,Grace Miller,2.54779E+11,,,,
8054,Jane Garcia,2.54743E+11,,,,
8053,Jane Williams,2.5473E+11,,,,
8052,Jane Davis,2.54773E+11,,,,
8051,Eve Brown,2.54719E+11,,,,
8050,Henry Williams,2.54716E+11,,,,
8049,Jane Brown,2.54782E+11,,,,
8048,Jane Brown,2.54739E+11,,,,
8047,Eve Davis,2.54753E+11,,,,
8046,Henry Jones,2.54794E+11,,,,
8045,Frank Johnson,2.54774E+11,,,,
8044,Carlos Garcia,2.54793E+11,,,,
8043,Eve Rodriguez,2.54736E+11,,,,
8042,Grace Miller,2.54748E+11,,,,
8041,Jane Garcia,2.54794E+11,,,,
8040,John Miller,2.54732E+11,,,,
8039,Henry Rodriguez,2.54761E+11,,,,
8038,Bob Jones,2.54745E+11,,,,
8037,John Miller,2.54741E+11,,,,
8036,Henry Jones,2.54716E+11,,,,
8035,Diana Brown,2.54776E+11,,,,
8034,Carlos Smith,2.54794E+11,,,,
8033,Bob Johnson,2.54743E+11,,,,
8032,Frank Davis,2.54766E+11,,,,
8031,Jane Rodriguez,2.5474E+11,,,,
8030,Henry Johnson,2.5475E+11,,,,
8029,Bob Brown,2.54714E+11,,,,
8028,Carlos Rodriguez,2.54738E+11,,,,
8027,Alice Rodriguez,2.54729E+11,,,,
8026,Diana Johnson,2.54788E+11,,,,
8025,Alice Johnson,2.54728E+11,,,,
8024,Frank Johnson,2.54762E+11,,,,
8023,Bob Jones,2.54789E+11,,,,
8022,Frank Johnson,2.54733E+11,,,,
8021,Grace Davis,2.54795E+11,,,,
8020,Diana Garcia,2.54721E+11,,,,
8019,John Martinez,2.54717E+11,,,,
8018,Bob Williams,2.54763E+11,,,,
8017,Grace Martinez,2.54751E+11,,,,
8016,Bob Smith,2.54734E+11,,,,
8015,Jane Jones,2.5477E+11,,,,
8014,Alice Garcia,2.54784E+11,,,,
8013,John Martinez,2.54789E+11,,,,
8012,Carlos Davis,2.54774E+11,,,,
8011,Frank Williams,2.54776E+11,,,,
8010,Frank Brown,2.54722E+11,,,,
8009,John Rodriguez,2.54766E+11,,,,
8008,Grace Williams,2.54744E+11,,,,
8007,John Rodriguez,2.54797E+11,,,,
8006,Henry Rodriguez,2.5476E+11,,,,
8005,Henry Smith,2.54787E+11,,,,
8004,Diana Brown,2.54763E+11,,,,
8003,Grace Rodriguez,2.54729E+11,,,,
8002,John Jones,2.5477E+11,,,,
8001,Carlos Williams,2.54725E+11,,,,
8000,Bob Davis,2.54761E+11,,,,
7999,Carlos Williams,2.54745E+11,,,,
7998,Carlos Martinez,2.54777E+11,,,,
7997,Bob Rodriguez,2.54766E+11,,,,
7996,Henry Williams,2.5471E+11,,,,
7995,Grace Garcia,2.54762E+11,,,,
7994,Eve Johnson,2.54799E+11,,,,
7993,Eve Williams,2.54797E+11,,,,
7992,Eve Jones,2.54715E+11,,,,
7991,Grace Martinez,2.54743E+11,,,,
7990,Henry Jones,2.54719E+11,,,,
7989,Carlos Garcia,2.5472E+11,,,,
7988,Eve Garcia,2.54752E+11,,,,
7987,Carlos Jones,2.54754E+11,,,,
7986,Diana Jones,2.54715E+11,,,,
7985,Grace Davis,2.54789E+11,,,,
7984,Carlos Rodriguez,2.54714E+11,,,,
7983,Bob Martinez,2.54769E+11,,,,
7982,Frank Rodriguez,2.54727E+11,,,,
7981,Diana Martinez,2.54797E+11,,,,
7980,Henry Johnson,2.54735E+11,,,,
7979,Carlos Rodriguez,2.54772E+11,,,,
7978,Bob Garcia,2.5475E+11,,,,
7977,Eve Smith,2.54728E+11,,,,
7976,Diana Williams,2.54736E+11,,,,
7975,Grace Williams,2.54786E+11,,,,
7974,Bob Smith,2.54797E+11,,,,
7973,Alice Martinez,2.54713E+11,,,,
7972,Bob Brown,2.54799E+11,,,,
7971,John Johnson,2.54754E+11,,,,
7970,Carlos Miller,2.5479E+11,,,,
7969,Diana Brown,2.54729E+11,,,,
7968,Diana Garcia,2.54756E+11,,,,
7967,Diana Jones,2.54788E+11,,,,
7966,Alice Brown,2.54739E+11,,,,
7965,Diana Johnson,2.54786E+11,,,,
7964,Henry Garcia,2.54791E+11,,,,
7963,Eve Smith,2.54736E+11,,,,
7962,Henry Smith,2.54778E+11,,,,
7961,Grace Jones,2.54764E+11,,,,
7960,Alice Williams,2.54799E+11,,,,
7959,John Garcia,2.5475E+11,,,,
7958,Diana Miller,2.54755E+11,,,,
7957,Alice Rodriguez,2.54725E+11,,,,
7956,John Rodriguez,2.54765E+11,,,,
7955,Carlos Williams,2.54715E+11,,,,
7954,John Rodriguez,2.54759E+11,,,,
7953,Eve Miller,2.54713E+11,,,,
7952,Bob Martinez,2.548E+11,,,,
7951,Henry Rodriguez,2.5477E+11,,,,
7950,Bob Williams,2.54766E+11,,,,
7949,Henry Williams,2.5475E+11,,,,
7948,Eve Johnson,2.54752E+11,,,,
7947,Grace Brown,2.54786E+11,,,,
7946,John Rodriguez,2.54749E+11,,,,
7945,John Martinez,2.54768E+11,,,,
7944,Diana Miller,2.5474E+11,,,,
7943,Eve Johnson,2.54749E+11,,,,
7942,Eve Brown,2.54732E+11,,,,
7941,Jane Jones,2.54741E+11,,,,
7940,Carlos Rodriguez,2.54717E+11,,,,
7939,Carlos Garcia,2.54735E+11,,,,
7938,Alice Rodriguez,2.54771E+11,,,,
7937,Diana Williams,2.54753E+11,,,,
7936,Henry Garcia,2.54782E+11,,,,
7935,Henry Rodriguez,2.54798E+11,,,,
7934,Alice Smith,2.5478E+11,,,,
7933,Bob Smith,2.54728E+11,,,,
7932,Carlos Garcia,2.54785E+11,,,,
7931,Bob Rodriguez,2.54716E+11,,,,
7930,Carlos Rodriguez,2.54731E+11,,,,
7929,John Smith,2.54717E+11,,,,
7928,Jane Davis,2.54776E+11,,,,
7927,Grace Brown,2.54741E+11,,,,
7926,Grace Jones,2.54713E+11,,,,
7925,Frank Brown,2.54764E+11,,,,
7924,Jane Rodriguez,2.54744E+11,,,,
7923,Diana Garcia,2.54755E+11,,,,
7922,Eve Jones,2.54725E+11,,,,
7921,Henry Williams,2.54792E+11,,,,
7920,John Garcia,2.54751E+11,,,,
7919,Henry Johnson,2.54794E+11,,,,
7918,John Miller,2.54776E+11,,,,
7917,Carlos Smith,2.54781E+11,,,,
7916,Carlos Garcia,2.5472E+11,,,,
7915,Grace Rodriguez,2.54793E+11,,,,
7914,Jane Garcia,2.54727E+11,,,,
7913,Alice Williams,2.54791E+11,,,,
7912,Jane Garcia,2.54786E+11,,,,
7911,John Davis,2.54796E+11,,,,
7910,Carlos Williams,2.54796E+11,,,,
7909,Henry Smith,2.54733E+11,,,,
7908,John Davis,2.54775E+11,,,,
7907,Frank Brown,2.54737E+11,,,,
7906,Carlos Martinez,2.54723E+11,,,,
7905,Diana Davis,2.54795E+11,,,,
7904,John Miller,2.54779E+11,,,,
7903,John Jones,2.54795E+11,,,,
7902,Alice Miller,2.54772E+11,,,,
7901,Eve Martinez,2.54724E+11,,,,
7900,Bob Johnson,2.54769E+11,,,,
7899,Frank Smith,2.54767E+11,,,,
7898,Grace Martinez,2.54759E+11,,,,
7897,Frank Jones,2.54743E+11,,,,
7896,Frank Johnson,2.54765E+11,,,,
7895,John Davis,2.54735E+11,,,,
7894,Bob Garcia,2.54738E+11,,,,
7893,Grace Martinez,2.54788E+11,,,,
7892,Carlos Davis,2.54765E+11,,,,
7891,Eve Brown,2.54758E+11,,,,
7890,Diana Davis,2.54711E+11,,,,
7889,Carlos Martinez,2.54751E+11,,,,
7888,Bob Martinez,2.5478E+11,,,,
7887,Henry Rodriguez,2.54769E+11,,,,
7886,Eve Williams,2.54719E+11,,,,
7885,John Rodriguez,2.54752E+11,,,,
7884,Eve Johnson,2.54716E+11,,,,
7883,Henry Miller,2.54769E+11,,,,
7882,Frank Miller,2.54783E+11,,,,
7881,Diana Smith,2.54796E+11,,,,
7880,Eve Martinez,2.54727E+11,,,,
7879,Frank Miller,2.54765E+11,,,,
7878,Jane Smith,2.54773E+11,,,,
7877,Diana Rodriguez,2.54731E+11,,,,
7876,Frank Jones,2.54779E+11,,,,
7875,Carlos Martinez,2.54735E+11,,,,
7874,John Brown,2.54745E+11,,,,
7873,Diana Brown,2.54761E+11,,,,
7872,Jane Williams,2.5478E+11,,,,
7871,Bob Miller,2.54799E+11,,,,
7870,Alice Garcia,2.5477E+11,,,,
7869,Frank Miller,2.54725E+11,,,,
7868,Frank Martinez,2.54728E+11,,,,
7867,Jane Martinez,2.54774E+11,,,,
7866,Eve Rodriguez,2.54779E+11,,,,
7865,Jane Davis,2.54749E+11,,,,
7864,Alice Jones,2.54799E+11,,,,
7863,Diana Rodriguez,2.54752E+11,,,,
7862,Alice Brown,2.54793E+11,,,,
7861,Jane Jones,2.54749E+11,,,,
7860,Alice Johnson,2.54725E+11,,,,
7859,Carlos Martinez,2.54789E+11,,,,
7858,Diana Brown,2.54724E+11,,,,
7857,Diana Brown,2.54768E+11,,,,
7856,Alice Davis,2.54737E+11,,,,
7855,Bob Rodriguez,2.54716E+11,,,,
7854,Jane Johnson,2.54739E+11,,,,
7853,Carlos Williams,2.54794E+11,,,,
7852,Eve Miller,2.54726E+11,,,,
7851,Carlos Miller,2.54778E+11,,,,
7850,John Brown,2.54746E+11,,,,
7849,Alice Miller,2.5478E+11,,,,
7848,Jane Miller,2.54772E+11,,,,
7847,Carlos Williams,2.54767E+11,,,,
7846,John Williams,2.54717E+11,,,,
7845,Diana Jones,2.54779E+11,,,,
7844,Bob Martinez,2.54714E+11,,,,
7843,Jane Jones,2.54793E+11,,,,
7842,Bob Smith,2.54753E+11,,,,
7841,Frank Miller,2.54739E+11,,,,
7840,Eve Jones,2.54723E+11,,,,
7839,Diana Williams,2.54739E+11,,,,
7838,Bob Jones,2.54736E+11,,,,
7837,Carlos Garcia,2.54774E+11,,,,
7836,Bob Brown,2.54739E+11,,,,
7835,Diana Miller,2.54711E+11,,,,
7834,John Jones,2.548E+11,,,,
7833,Eve Jones,2.54732E+11,,,,
7832,Alice Williams,2.54728E+11,,,,
7831,Bob Williams,2.54721E+11,,,,
7830,John Johnson,2.54752E+11,,,,
7829,John Williams,2.5478E+11,,,,
7828,Jane Davis,2.54789E+11,,,,
7827,Alice Martinez,2.54733E+11,,,,
7826,Jane Rodriguez,2.54775E+11,,,,
7825,Bob Martinez,2.54751E+11,,,,
7824,Grace Rodriguez,2.54743E+11,,,,
7823,Henry Johnson,2.54744E+11,,,,
7822,Henry Brown,2.548E+11,,,,
7821,Carlos Miller,2.54771E+11,,,,
7820,Grace Garcia,2.54735E+11,,,,
7819,Grace Smith,2.54795E+11,,,,
7818,Jane Garcia,2.54714E+11,,,,
7817,Henry Williams,2.5474E+11,,,,
7816,Eve Johnson,2.54772E+11,,,,
7815,Henry Garcia,2.54731E+11,,,,
7814,Diana Jones,2.5477E+11,,,,
7813,Alice Davis,2.54737E+11,,,,
7812,Henry Garcia,2.54745E+11,,,,
7811,Bob Miller,2.54797E+11,,,,
7810,Alice Garcia,2.54757E+11,,,,
7809,Henry Garcia,2.54726E+11,,,,
7808,John Rodriguez,2.54732E+11,,,,
7807,Bob Brown,2.54724E+11,,,,
7806,Grace Jones,2.54724E+11,,,,
7805,Bob Smith,2.54733E+11,,,,
7804,Eve Brown,2.54788E+11,,,,
7803,Frank Jones,2.54734E+11,,,,
7802,Frank Miller,2.54739E+11,,,,
7801,Henry Garcia,2.5478E+11,,,,
7800,Alice Davis,2.54763E+11,,,,
7799,Carlos Garcia,2.54753E+11,,,,
7798,Jane Davis,2.54757E+11,,,,
7797,Frank Rodriguez,2.54743E+11,,,,
7796,Diana Martinez,2.54763E+11,,,,
7795,Eve Brown,2.54744E+11,,,,
7794,John Garcia,2.5478E+11,,,,
7793,Carlos Garcia,2.54786E+11,,,,
7792,Carlos Brown,2.54739E+11,,,,
7791,Eve Brown,2.54783E+11,,,,
7790,Jane Johnson,2.54774E+11,,,,
7789,Diana Smith,2.54723E+11,,,,
7788,Henry Johnson,2.54729E+11,,,,
7787,Grace Martinez,2.54794E+11,,,,
7786,John Garcia,2.54786E+11,,,,
7785,Henry Jones,2.54762E+11,,,,
7784,Bob Davis,2.54759E+11,,,,
7783,Carlos Jones,2.54767E+11,,,,
7782,Henry Johnson,2.54718E+11,,,,
7781,Bob Smith,2.54738E+11,,,,
7780,Alice Rodriguez,2.54771E+11,,,,
7779,Alice Jones,2.5472E+11,,,,
7778,Jane Rodriguez,2.54766E+11,,,,
7777,Frank Smith,2.54719E+11,,,,
7776,Carlos Martinez,2.54746E+11,,,,
7775,Bob Jones,2.54776E+11,,,,
7774,Jane Smith,2.54788E+11,,,,
7773,Eve Johnson,2.54735E+11,,,,
7772,Henry Miller,2.5477E+11,,,,
7771,John Garcia,2.54726E+11,,,,
7770,Carlos Brown,2.54787E+11,,,,
7769,Eve Garcia,2.54799E+11,,,,
7768,Henry Brown,2.54755E+11,,,,
7767,Alice Johnson,2.54776E+11,,,,
7766,John Davis,2.54772E+11,,,,
7765,Frank Rodriguez,2.54771E+11,,,,
7764,Diana Johnson,2.54723E+11,,,,
7763,Alice Rodriguez,2.54798E+11,,,,
7762,Diana Smith,2.54749E+11,,,,
7761,Bob Rodriguez,2.54781E+11,,,,
7760,John Davis,2.54756E+11,,,,
7759,Henry Williams,2.54762E+11,,,,
7758,John Smith,2.54716E+11,,,,
7757,Carlos Johnson,2.54784E+11,,,,
7756,Jane Rodriguez,2.54785E+11,,,,
7755,Bob Garcia,2.5475E+11,,,,
7754,Jane Davis,2.54789E+11,,,,
7753,Frank Smith,2.54755E+11,,,,
7752,Jane Martinez,2.54764E+11,,,,
7751,Eve Williams,2.54715E+11,,,,
7750,Bob Johnson,2.54792E+11,,,,
7749,Bob Garcia,2.54734E+11,,,,
7748,Bob Jones,2.54775E+11,,,,
7747,Eve Brown,2.54717E+11,,,,
7746,Carlos Jones,2.54787E+11,,,,
7745,Frank Rodriguez,2.54715E+11,,,,
7744,Carlos Davis,2.54796E+11,,,,
7743,Henry Davis,2.54733E+11,,,,
7742,Alice Smith,2.54711E+11,,,,
7741,Bob Jones,2.54731E+11,,,,
7740,Alice Williams,2.54761E+11,,,,
7739,Diana Davis,2.54752E+11,,,,
7738,Grace Jones,2.5477E+11,,,,
7737,Bob Johnson,2.54787E+11,,,,
7736,Diana Williams,2.54734E+11,,,,
7735,Grace Jones,2.54721E+11,,,,
7734,John Garcia,2.54761E+11,,,,
7733,Alice Williams,2.54724E+11,,,,
7732,Frank Martinez,2.54745E+11,,,,
7731,Grace Rodriguez,2.54778E+11,,,,
7730,John Garcia,2.54779E+11,,,,
7729,Jane Williams,2.54733E+11,,,,
7728,Diana Martinez,2.54734E+11,,,,
7727,Bob Johnson,2.54792E+11,,,,
7726,Frank Miller,2.54769E+11,,,,
7725,Grace Davis,2.54726E+11,,,,
7724,Grace Garcia,2.54798E+11,,,,
7723,Bob Rodriguez,2.54728E+11,,,,
7722,Henry Rodriguez,2.54732E+11,,,,
7721,Alice Rodriguez,2.54715E+11,,,,
7720,Grace Davis,2.54727E+11,,,,
7719,Bob Garcia,2.54774E+11,,,,
7718,Grace Johnson,2.54777E+11,,,,
7717,Diana Miller,2.54768E+11,,,,
7716,Henry Williams,2.54744E+11,,,,
7715,Bob Williams,2.54764E+11,,,,
7714,John Johnson,2.54739E+11,,,,
7713,Henry Johnson,2.54712E+11,,,,
7712,John Garcia,2.54733E+11,,,,
7711,Alice Johnson,2.54795E+11,,,,
7710,Jane Rodriguez,2.54727E+11,,,,
7709,John Martinez,2.54764E+11,,,,
7708,Jane Johnson,2.54747E+11,,,,
7707,Frank Davis,2.54787E+11,,,,
7706,Carlos Martinez,2.54788E+11,,,,
7705,Carlos Garcia,2.54741E+11,,,,
7704,Jane Davis,2.54733E+11,,,,
7703,Grace Martinez,2.54787E+11,,,,
7702,Alice Smith,2.54778E+11,,,,
7701,Grace Davis,2.54736E+11,,,,
7700,Frank Garcia,2.54725E+11,,,,
7699,Jane Jones,2.5475E+11,,,,
7698,Bob Williams,2.5479E+11,,,,
7697,Henry Jones,2.54729E+11,,,,
7696,John Rodriguez,2.54796E+11,,,,
7695,Carlos Jones,2.54711E+11,,,,
7694,Grace Rodriguez,2.54716E+11,,,,
7693,Frank Rodriguez,2.5477E+11,,,,
7692,Henry Rodriguez,2.54754E+11,,,,
7691,John Brown,2.54792E+11,,,,
7690,Jane Johnson,2.54714E+11,,,,
7689,Henry Brown,2.5473E+11,,,,
7688,Henry Jones,2.54769E+11,,,,
7687,John Garcia,2.54784E+11,,,,
7686,John Williams,2.54725E+11,,,,
7685,Eve Brown,2.54791E+11,,,,
7684,Frank Williams,2.54754E+11,,,,
7683,Grace Martinez,2.54745E+11,,,,
7682,Eve Garcia,2.54721E+11,,,,
7681,Grace Martinez,2.54796E+11,,,,
7680,Henry Smith,2.54769E+11,,,,
7679,Alice Davis,2.54712E+11,,,,
7678,Eve Brown,2.54799E+11,,,,
7677,Carlos Smith,2.54785E+11,,,,
7676,Diana Garcia,2.54715E+11,,,,
7675,John Martinez,2.54716E+11,,,,
7674,Diana Davis,2.54759E+11,,,,
7673,Frank Garcia,2.54749E+11,,,,
7672,Henry Brown,2.54781E+11,,,,
7671,Bob Martinez,2.54724E+11,,,,
7670,Frank Rodriguez,2.54784E+11,,,,
7669,John Brown,2.54758E+11,,,,
7668,Henry Rodriguez,2.5474E+11,,,,
7667,Diana Smith,2.54778E+11,,,,
7666,Jane Brown,2.5479E+11,,,,
7665,Henry Williams,2.54766E+11,,,,
7664,Jane Rodriguez,2.54791E+11,,,,
7663,Alice Garcia,2.5472E+11,,,,
7662,Carlos Brown,2.5479E+11,,,,
7661,Bob Smith,2.5478E+11,,,,
7660,Diana Miller,2.5473E+11,,,,
7659,Alice Rodriguez,2.54737E+11,,,,
7658,Bob Brown,2.54743E+11,,,,
7657,Carlos Brown,2.54797E+11,,,,
7656,Jane Smith,2.54741E+11,,,,
7655,Diana Smith,2.54765E+11,,,,
7654,Grace Rodriguez,2.54781E+11,,,,
7653,Alice Williams,2.54756E+11,,,,
7652,Diana Garcia,2.54792E+11,,,,
7651,John Johnson,2.54724E+11,,,,
7650,John Jones,2.54741E+11,,,,
7649,Henry Brown,2.54785E+11,,,,
7648,Bob Martinez,2.54754E+11,,,,
7647,Jane Brown,2.54773E+11,,,,
7646,Carlos Garcia,2.54799E+11,,,,
7645,Bob Garcia,2.54748E+11,,,,
7644,Diana Williams,2.5474E+11,,,,
7643,Frank Jones,2.54784E+11,,,,
7642,Diana Smith,2.54781E+11,,,,
7641,Jane Miller,2.54716E+11,,,,
7640,Frank Martinez,2.5473E+11,,,,
7639,Henry Brown,2.54731E+11,,,,
7638,Henry Garcia,2.54745E+11,,,,
7637,Frank Williams,2.54744E+11,,,,
7636,Carlos Jones,2.54774E+11,,,,
7635,Frank Smith,2.54747E+11,,,,
7634,Frank Garcia,2.54787E+11,,,,
7633,John Miller,2.54751E+11,,,,
7632,Jane Martinez,2.54751E+11,,,,
7631,Bob Rodriguez,2.54748E+11,,,,
7630,Diana Martinez,2.54776E+11,,,,
7629,Bob Williams,2.54796E+11,,,,
7628,Henry Brown,2.5471E+11,,,,
7627,Grace Garcia,2.54718E+11,,,,
7626,Alice Johnson,2.54738E+11,,,,
7625,Alice Rodriguez,2.54732E+11,,,,
7624,Carlos Jones,2.54765E+11,,,,
7623,Carlos Smith,2.54737E+11,,,,
7622,Henry Davis,2.54727E+11,,,,
7621,Jane Brown,2.54795E+11,,,,
7620,Bob Smith,2.54752E+11,,,,
7619,Frank Johnson,2.54766E+11,,,,
7618,Bob Davis,2.54717E+11,,,,
7617,Alice Smith,2.54766E+11,,,,
7616,Jane Martinez,2.54719E+11,,,,
7615,Carlos Jones,2.54728E+11,,,,
7614,Frank Williams,2.54783E+11,,,,
7613,John Smith,2.54784E+11,,,,
7612,Frank Smith,2.54718E+11,,,,
7611,John Williams,2.54785E+11,,,,
7610,Bob Garcia,2.54773E+11,,,,
7609,Bob Williams,2.54732E+11,,,,
7608,Diana Martinez,2.54791E+11,,,,
7607,Bob Brown,2.54739E+11,,,,
7606,Henry Miller,2.54713E+11,,,,
7605,Alice Brown,2.54734E+11,,,,
7604,Bob Martinez,2.54724E+11,,,,
7603,Grace Martinez,2.54721E+11,,,,
7602,Frank Brown,2.5479E+11,,,,
7601,John Miller,2.54773E+11,,,,
7600,Jane Garcia,2.54797E+11,,,,
7599,Diana Smith,2.54726E+11,,,,
7598,Frank Jones,2.54726E+11,,,,
7597,Diana Rodriguez,2.54772E+11,,,,
7596,Henry Williams,2.54772E+11,,,,
7595,Bob Miller,2.548E+11,,,,
7594,Henry Brown,2.54797E+11,,,,
7593,Grace Jones,2.54714E+11,,,,
7592,Diana Garcia,2.5478E+11,,,,
7591,Jane Brown,2.54718E+11,,,,
7590,Alice Brown,2.54798E+11,,,,
7589,Diana Williams,2.5477E+11,,,,
7588,John Rodriguez,2.5471E+11,,,,
7587,Frank Martinez,2.54756E+11,,,,
7586,Alice Martinez,2.54748E+11,,,,
7585,Frank Smith,2.54737E+11,,,,
7584,Frank Williams,2.54786E+11,,,,
7583,Jane Rodriguez,2.54777E+11,,,,
7582,Henry Miller,2.54713E+11,,,,
7581,Jane Miller,2.54755E+11,,,,
7580,Bob Martinez,2.54725E+11,,,,
7579,Alice Jones,2.54783E+11,,,,
7578,Frank Rodriguez,2.54743E+11,,,,
7577,Bob Garcia,2.54792E+11,,,,
7576,Diana Miller,2.54724E+11,,,,
7575,Grace Williams,2.54767E+11,,,,
7574,Alice Davis,2.54742E+11,,,,
7573,Frank Miller,2.54772E+11,,,,
7572,Henry Jones,2.54755E+11,,,,
7571,Frank Williams,2.54766E+11,,,,
7570,Henry Garcia,2.54716E+11,,,,
7569,Henry Brown,2.54736E+11,,,,
7568,Grace Martinez,2.54779E+11,,,,
7567,Bob Jones,2.54762E+11,,,,
7566,John Rodriguez,2.54784E+11,,,,
7565,Alice Rodriguez,2.54749E+11,,,,
7564,Carlos Williams,2.54721E+11,,,,
7563,Bob Williams,2.54777E+11,,,,
7562,Alice Johnson,2.54748E+11,,,,
7561,Eve Garcia,2.54739E+11,,,,
7560,Diana Smith,2.54729E+11,,,,
7559,John Brown,2.5473E+11,,,,
7558,Grace Davis,2.54776E+11,,,,
7557,Carlos Brown,2.54723E+11,,,,
7556,Bob Rodriguez,2.54744E+11,,,,
7555,Henry Jones,2.54759E+11,,,,
7554,Bob Garcia,2.54752E+11,,,,
7553,Alice Williams,2.54783E+11,,,,
7552,Frank Smith,2.54714E+11,,,,
7551,Jane Rodriguez,2.5476E+11,,,,
7550,Henry Miller,2.54733E+11,,,,
7549,Eve Martinez,2.54794E+11,,,,
7548,Jane Williams,2.54747E+11,,,,
7547,John Smith,2.54754E+11,,,,
7546,John Miller,2.5479E+11,,,,
7545,Carlos Martinez,2.54714E+11,,,,
7544,Eve Johnson,2.54741E+11,,,,
7543,Eve Smith,2.54744E+11,,,,
7542,Eve Smith,2.54795E+11,,,,
7541,Eve Rodriguez,2.54719E+11,,,,
7540,Frank Garcia,2.54765E+11,,,,
7539,Diana Jones,2.54766E+11,,,,
7538,Alice Johnson,2.54756E+11,,,,
7537,Bob Miller,2.5473E+11,,,,
7536,Bob Miller,2.54729E+11,,,,
7535,Grace Rodriguez,2.54786E+11,,,,
7534,Diana Johnson,2.54734E+11,,,,
7533,Carlos Garcia,2.5477E+11,,,,
7532,Eve Johnson,2.54722E+11,,,,
7531,Eve Brown,2.54713E+11,,,,
7530,Frank Garcia,2.5478E+11,,,,
7529,Alice Rodriguez,2.54715E+11,,,,
7528,Frank Davis,2.54732E+11,,,,
7527,Eve Miller,2.54791E+11,,,,
7526,Jane Jones,2.54715E+11,,,,
7525,Bob Miller,2.54787E+11,,,,
7524,Henry Davis,2.54748E+11,,,,
7523,Henry Jones,2.54749E+11,,,,
7522,Eve Smith,2.54738E+11,,,,
7521,Eve Davis,2.54724E+11,,,,
7520,Carlos Martinez,2.54715E+11,,,,
7519,Alice Williams,2.54786E+11,,,,
7518,Jane Davis,2.54715E+11,,,,
7517,Eve Rodriguez,2.54762E+11,,,,
7516,Jane Johnson,2.54769E+11,,,,
7515,Frank Williams,2.54763E+11,,,,
7514,Diana Williams,2.54742E+11,,,,
7513,Diana Brown,2.54765E+11,,,,
7512,Diana Davis,2.54783E+11,,,,
7511,Carlos Garcia,2.54781E+11,,,,
7510,Jane Davis,2.54746E+11,,,,
7509,Diana Davis,2.54798E+11,,,,
7508,Grace Martinez,2.54738E+11,,,,
7507,Bob Johnson,2.54785E+11,,,,
7506,John Martinez,2.54736E+11,,,,
7505,John Miller,2.54751E+11,,,,
7504,John Brown,2.54767E+11,,,,
7503,Henry Miller,2.54728E+11,,,,
7502,Grace Rodriguez,2.54718E+11,,,,
7501,Jane Brown,2.54787E+11,,,,
7500,Grace Johnson,2.54763E+11,,,,
7499,Bob Rodriguez,2.54764E+11,,,,
7498,John Rodriguez,2.54722E+11,,,,
7497,Grace Jones,2.54728E+11,,,,
7496,Frank Garcia,2.54729E+11,,,,
7495,Alice Jones,2.54741E+11,,,,
7494,Jane Johnson,2.54759E+11,,,,
7493,Diana Jones,2.54734E+11,,,,
7492,Alice Jones,2.54799E+11,,,,
7491,Bob Johnson,2.54791E+11,,,,
7490,Henry Rodriguez,2.54715E+11,,,,
7489,Alice Brown,2.54735E+11,,,,
7488,Eve Davis,2.54731E+11,,,,
7487,Carlos Williams,2.54784E+11,,,,
7486,Frank Miller,2.54715E+11,,,,
7485,Eve Rodriguez,2.54793E+11,,,,
7484,Carlos Miller,2.54779E+11,,,,
7483,Carlos Davis,2.54783E+11,,,,
7482,Bob Davis,2.54788E+11,,,,
7481,Frank Garcia,2.54762E+11,,,,
7480,Henry Rodriguez,2.54789E+11,,,,
7479,Grace Martinez,2.54717E+11,,,,
7478,Carlos Brown,2.54738E+11,,,,
7477,John Miller,2.5478E+11,,,,
7476,Henry Miller,2.5475E+11,,,,
7475,Frank Smith,2.54799E+11,,,,
7474,Diana Rodriguez,2.54755E+11,,,,
7473,John Rodriguez,2.54797E+11,,,,
7472,Frank Garcia,2.54745E+11,,,,
7471,Frank Brown,2.54788E+11,,,,
7470,Alice Brown,2.5479E+11,,,,
7469,Diana Garcia,2.54752E+11,,,,
7468,Carlos Garcia,2.54738E+11,,,,
7467,John Smith,2.54725E+11,,,,
7466,Jane Davis,2.54761E+11,,,,
7465,Alice Smith,2.54776E+11,,,,
7464,Henry Smith,2.54753E+11,,,,
7463,Diana Rodriguez,2.5478E+11,,,,
7462,Alice Garcia,2.5478E+11,,,,
7461,Carlos Martinez,2.54785E+11,,,,
7460,Carlos Brown,2.54792E+11,,,,
7459,Eve Garcia,2.5477E+11,,,,
7458,Bob Rodriguez,2.5478E+11,,,,
7457,Jane Smith,2.54724E+11,,,,
7456,Eve Brown,2.54791E+11,,,,
7455,Bob Jones,2.54775E+11,,,,
7454,John Smith,2.54784E+11,,,,
7453,Diana Miller,2.54748E+11,,,,
7452,Diana Garcia,2.54762E+11,,,,
7451,Alice Martinez,2.5479E+11,,,,
7450,Eve Johnson,2.54755E+11,,,,
7449,Henry Johnson,2.54793E+11,,,,
7448,Henry Brown,2.54792E+11,,,,
7447,Grace Jones,2.54752E+11,,,,
7446,Grace Davis,2.54734E+11,,,,
7445,Alice Smith,2.54799E+11,,,,
7444,Frank Williams,2.54788E+11,,,,
7443,Jane Jones,2.54781E+11,,,,
7442,Bob Martinez,2.54733E+11,,,,
7441,Grace Davis,2.54774E+11,,,,
7440,Alice Garcia,2.54782E+11,,,,
7439,Diana Jones,2.54715E+11,,,,
7438,Carlos Rodriguez,2.54735E+11,,,,
7437,Frank Brown,2.54797E+11,,,,
7436,Henry Williams,2.54724E+11,,,,
7435,Carlos Brown,2.54749E+11,,,,
7434,Frank Davis,2.54726E+11,,,,
7433,Henry Davis,2.54767E+11,,,,
7432,Bob Davis,2.54743E+11,,,,
7431,Carlos Johnson,2.54747E+11,,,,
7430,John Smith,2.54743E+11,,,,
7429,Carlos Rodriguez,2.54713E+11,,,,
7428,Grace Smith,2.54714E+11,,,,
7427,Eve Williams,2.5475E+11,,,,
7426,John Martinez,2.54762E+11,,,,
7425,Diana Smith,2.54778E+11,,,,
7424,Bob Miller,2.54746E+11,,,,
7423,Frank Rodriguez,2.54779E+11,,,,
7422,Henry Smith,2.54796E+11,,,,
7421,Diana Johnson,2.54759E+11,,,,
7420,Eve Williams,2.54793E+11,,,,
7419,Henry Jones,2.54758E+11,,,,
7418,Carlos Garcia,2.54743E+11,,,,
7417,Bob Smith,2.54765E+11,,,,
7416,Diana Brown,2.54732E+11,,,,
7415,Carlos Smith,2.54725E+11,,,,
7414,Jane Smith,2.54789E+11,,,,
7413,Jane Johnson,2.54715E+11,,,,
7412,Eve Jones,2.54748E+11,,,,
7411,Frank Jones,2.54797E+11,,,,
7410,Diana Garcia,2.54766E+11,,,,
7409,Grace Williams,2.5477E+11,,,,
7408,Diana Miller,2.54732E+11,,,,
7407,Grace Garcia,2.548E+11,,,,
7406,Alice Williams,2.54784E+11,,,,
7405,Frank Garcia,2.54785E+11,,,,
7404,Carlos Smith,2.54797E+11,,,,
7403,Jane Martinez,2.54722E+11,,,,
7402,Bob Garcia,2.54716E+11,,,,
7401,Alice Rodriguez,2.54786E+11,,,,
7400,Jane Rodriguez,2.54731E+11,,,,
7399,John Smith,2.54753E+11,,,,
7398,Diana Smith,2.5479E+11,,,,
7397,Carlos Smith,2.54741E+11,,,,
7396,Alice Davis,2.5473E+11,,,,
7395,Grace Williams,2.54796E+11,,,,
7394,Frank Brown,2.54759E+11,,,,
7393,Frank Martinez,2.54715E+11,,,,
7392,Frank Miller,2.54719E+11,,,,
7391,Eve Davis,2.54724E+11,,,,
7390,Grace Smith,2.54716E+11,,,,
7389,Bob Martinez,2.54779E+11,,,,
7388,Frank Williams,2.54768E+11,,,,
7387,John Martinez,2.54752E+11,,,,
7386,Diana Brown,2.5476E+11,,,,
7385,Eve Johnson,2.54764E+11,,,,
7384,Carlos Williams,2.54731E+11,,,,
7383,Eve Jones,2.54746E+11,,,,
7382,Henry Garcia,2.54775E+11,,,,
7381,Jane Johnson,2.54752E+11,,,,
7380,Eve Martinez,2.54795E+11,,,,
7379,Henry Miller,2.54732E+11,,,,
7378,Alice Miller,2.54775E+11,,,,
7377,Henry Miller,2.54781E+11,,,,
7376,Diana Smith,2.54713E+11,,,,
7375,Frank Rodriguez,2.54791E+11,,,,
7374,Alice Jones,2.54722E+11,,,,
7373,Bob Johnson,2.54757E+11,,,,
7372,Eve Williams,2.54762E+11,,,,
7371,John Miller,2.54798E+11,,,,
7370,Frank Garcia,2.54739E+11,,,,
7369,Frank Garcia,2.54743E+11,,,,
7368,Eve Garcia,2.54748E+11,,,,
7367,Bob Davis,2.54727E+11,,,,
7366,Henry Johnson,2.54796E+11,,,,
7365,Bob Davis,2.5473E+11,,,,
7364,Henry Jones,2.54737E+11,,,,
7363,Frank Johnson,2.54793E+11,,,,
7362,John Johnson,2.54781E+11,,,,
7361,Jane Smith,2.54711E+11,,,,
7360,Alice Garcia,2.54739E+11,,,,
7359,Henry Brown,2.54721E+11,,,,
7358,John Rodriguez,2.54776E+11,,,,
7357,Bob Garcia,2.54759E+11,,,,
7356,Alice Johnson,2.54765E+11,,,,
7355,Frank Johnson,2.54746E+11,,,,
7354,John Davis,2.54724E+11,,,,
7353,John Williams,2.54789E+11,,,,
7352,Jane Williams,2.54728E+11,,,,
7351,Henry Martinez,2.54745E+11,,,,
7350,Carlos Jones,2.54746E+11,,,,
7349,Grace Williams,2.54771E+11,,,,
7348,Grace Martinez,2.54735E+11,,,,
7347,Jane Brown,2.5474E+11,,,,
7346,Bob Williams,2.54766E+11,,,,
7345,Grace Jones,2.54716E+11,,,,
7344,Diana Johnson,2.54757E+11,,,,
7343,Carlos Smith,2.54799E+11,,,,
7342,Bob Martinez,2.54782E+11,,,,
7341,Jane Williams,2.54757E+11,,,,
7340,Carlos Smith,2.54786E+11,,,,
7339,Henry Rodriguez,2.54772E+11,,,,
7338,Henry Davis,2.54714E+11,,,,
7337,Carlos Rodriguez,2.54722E+11,,,,
7336,Alice Brown,2.54734E+11,,,,
7335,Diana Davis,2.54778E+11,,,,
7334,Frank Johnson,2.54723E+11,,,,
7333,Carlos Johnson,2.54723E+11,,,,
7332,Frank Martinez,2.5472E+11,,,,
7331,Grace Rodriguez,2.54715E+11,,,,
7330,Henry Miller,2.54744E+11,,,,
7329,Bob Miller,2.54764E+11,,,,
7328,Grace Miller,2.54748E+11,,,,
7327,Carlos Johnson,2.54789E+11,,,,
7326,John Brown,2.54759E+11,,,,
7325,Frank Garcia,2.54743E+11,,,,
7324,Carlos Johnson,2.54768E+11,,,,
7323,Alice Williams,2.54716E+11,,,,
7322,Bob Johnson,2.54733E+11,,,,
7321,Carlos Rodriguez,2.54746E+11,,,,
7320,Henry Williams,2.54756E+11,,,,
7319,Henry Johnson,2.54741E+11,,,,
7318,Alice Brown,2.54756E+11,,,,
7317,John Davis,2.54726E+11,,,,
7316,Grace Martinez,2.54735E+11,,,,
7315,Jane Williams,2.54795E+11,,,,
7314,Henry Rodriguez,2.54749E+11,,,,
7313,Diana Miller,2.54751E+11,,,,
7312,Henry Brown,2.54716E+11,,,,
7311,Bob Martinez,2.54752E+11,,,,
7310,John Martinez,2.54747E+11,,,,
7309,Jane Brown,2.54735E+11,,,,
7308,Diana Brown,2.54764E+11,,,,
7307,Eve Davis,2.54799E+11,,,,
7306,Eve Brown,2.54738E+11,,,,
7305,Bob Smith,2.54723E+11,,,,
7304,Jane Miller,2.54721E+11,,,,
7303,Henry Smith,2.54747E+11,,,,
7302,Diana Jones,2.54715E+11,,,,
7301,John Johnson,2.54762E+11,,,,
7300,Diana Williams,2.54755E+11,,,,
7299,Grace Williams,2.54717E+11,,,,
7298,Eve Johnson,2.54749E+11,,,,
7297,Alice Miller,2.5478E+11,,,,
7296,Carlos Miller,2.54776E+11,,,,
7295,Alice Williams,2.54769E+11,,,,
7294,Grace Jones,2.5472E+11,,,,
7293,John Smith,2.54771E+11,,,,
7292,Bob Johnson,2.54763E+11,,,,
7291,Henry Martinez,2.54726E+11,,,,
7290,Carlos Smith,2.54797E+11,,,,
7289,Eve Martinez,2.54722E+11,,,,
7288,Bob Johnson,2.54755E+11,,,,
7287,Bob Garcia,2.54754E+11,,,,
7286,Eve Brown,2.54767E+11,,,,
7285,Bob Williams,2.54747E+11,,,,
7284,Carlos Martinez,2.54779E+11,,,,
7283,Bob Rodriguez,2.54783E+11,,,,
7282,Frank Rodriguez,2.54732E+11,,,,
7281,Diana Davis,2.54794E+11,,,,
7280,Frank Jones,2.54799E+11,,,,
7279,Frank Williams,2.54762E+11,,,,
7278,Henry Garcia,2.54762E+11,,,,
7277,Diana Brown,2.54734E+11,,,,
7276,Frank Jones,2.54773E+11,,,,
7275,Frank Johnson,2.54763E+11,,,,
7274,Carlos Rodriguez,2.54731E+11,,,,
7273,Eve Rodriguez,2.54742E+11,,,,
7272,Bob Williams,2.54739E+11,,,,
7271,Alice Brown,2.54743E+11,,,,
7270,Bob Brown,2.54736E+11,,,,
7269,Frank Smith,2.54798E+11,,,,
7268,Alice Davis,2.54738E+11,,,,
7267,Bob Brown,2.54775E+11,,,,
7266,Alice Johnson,2.54713E+11,,,,
7265,Carlos Davis,2.54758E+11,,,,
7264,Alice Johnson,2.54765E+11,,,,
7263,Diana Brown,2.54769E+11,,,,
7262,Alice Johnson,2.54711E+11,,,,
7261,Grace Garcia,2.54797E+11,,,,
7260,Grace Williams,2.54737E+11,,,,
7259,Jane Garcia,2.54751E+11,,,,
7258,John Miller,2.54744E+11,,,,
7257,Grace Martinez,2.54715E+11,,,,
7256,Bob Miller,2.54756E+11,,,,
7255,Bob Davis,2.54715E+11,,,,
7254,Henry Martinez,2.54743E+11,,,,
7253,Grace Miller,2.54787E+11,,,,
7252,Frank Miller,2.54765E+11,,,,
7251,Alice Brown,2.54768E+11,,,,
7250,Bob Davis,2.54724E+11,,,,
7249,Frank Miller,2.54751E+11,,,,
7248,Jane Martinez,2.54769E+11,,,,
7247,Alice Williams,2.54757E+11,,,,
7246,Eve Smith,2.54788E+11,,,,
7245,Frank Smith,2.54797E+11,,,,
7244,Bob Miller,2.54798E+11,,,,
7243,John Johnson,2.5473E+11,,,,
7242,Henry Rodriguez,2.54791E+11,,,,
7241,Frank Davis,2.54776E+11,,,,
7240,Bob Davis,2.5473E+11,,,,
7239,John Brown,2.54785E+11,,,,
7238,Frank Davis,2.54749E+11,,,,
7237,Bob Johnson,2.54785E+11,,,,
7236,Jane Garcia,2.54746E+11,,,,
7235,Bob Brown,2.54771E+11,,,,
7234,Diana Martinez,2.54734E+11,,,,
7233,Carlos Brown,2.54784E+11,,,,
7232,Alice Davis,2.54746E+11,,,,
7231,Bob Garcia,2.54719E+11,,,,
7230,Bob Rodriguez,2.54787E+11,,,,
7229,Henry Garcia,2.54772E+11,,,,
7228,Alice Martinez,2.54765E+11,,,,
7227,Eve Miller,2.54765E+11,,,,
7226,Alice Davis,2.54761E+11,,,,
7225,John Martinez,2.54722E+11,,,,
7224,Eve Davis,2.54789E+11,,,,
7223,Carlos Brown,2.54732E+11,,,,
7222,Bob Rodriguez,2.54738E+11,,,,
7221,Henry Davis,2.54798E+11,,,,
7220,Grace Williams,2.54768E+11,,,,
7219,John Martinez,2.54725E+11,,,,
7218,Carlos Smith,2.54733E+11,,,,
7217,Grace Rodriguez,2.5471E+11,,,,
7216,Frank Miller,2.54745E+11,,,,
7215,Diana Williams,2.54757E+11,,,,
7214,Alice Jones,2.54791E+11,,,,
7213,Diana Miller,2.54785E+11,,,,
7212,Carlos Brown,2.54736E+11,,,,
7211,Diana Davis,2.54763E+11,,,,
7210,Frank Smith,2.54746E+11,,,,
7209,Grace Johnson,2.54732E+11,,,,
7208,Frank Miller,2.54724E+11,,,,
7207,Grace Johnson,2.54714E+11,,,,
7206,Bob Williams,2.54717E+11,,,,
7205,Jane Rodriguez,2.54764E+11,,,,
7204,Frank Brown,2.54763E+11,,,,
7203,John Miller,2.54772E+11,,,,
7202,John Williams,2.54732E+11,,,,
7201,Frank Rodriguez,2.54766E+11,,,,
7200,Grace Martinez,2.54748E+11,,,,
7199,Frank Davis,2.54729E+11,,,,
7198,Henry Williams,2.54729E+11,,,,
7197,Henry Williams,2.54739E+11,,,,
7196,Jane Garcia,2.54743E+11,,,,
7195,Alice Brown,2.54743E+11,,,,
7194,Alice Smith,2.54768E+11,,,,
7193,Diana Davis,2.54739E+11,,,,
7192,Alice Garcia,2.54796E+11,,,,
7191,Bob Johnson,2.54735E+11,,,,
7190,Carlos Smith,2.54715E+11,,,,
7189,Henry Rodriguez,2.54733E+11,,,,
7188,Diana Johnson,2.54774E+11,,,,
7187,John Martinez,2.54718E+11,,,,
7186,Henry Rodriguez,2.54766E+11,,,,
7185,Carlos Miller,2.54758E+11,,,,
7184,Frank Johnson,2.54759E+11,,,,
7183,Alice Rodriguez,2.54783E+11,,,,
7182,John Miller,2.54732E+11,,,,
7181,Frank Brown,2.54741E+11,,,,
7180,Eve Miller,2.54752E+11,,,,
7179,Alice Davis,2.54747E+11,,,,
7178,Jane Johnson,2.54785E+11,,,,
7177,Carlos Jones,2.54788E+11,,,,
7176,Carlos Brown,2.54752E+11,,,,
7175,Bob Jones,2.54729E+11,,,,
7174,Eve Martinez,2.54784E+11,,,,
7173,Frank Davis,2.54778E+11,,,,
7172,Frank Johnson,2.54777E+11,,,,
7171,Diana Johnson,2.54751E+11,,,,
7170,Henry Brown,2.54714E+11,,,,
7169,Jane Williams,2.5479E+11,,,,
7168,Diana Smith,2.54714E+11,,,,
7167,Bob Johnson,2.54729E+11,,,,
7166,Alice Davis,2.54773E+11,,,,
7165,Jane Miller,2.5474E+11,,,,
7164,John Smith,2.54748E+11,,,,
7163,Grace Williams,2.5475E+11,,,,
7162,Carlos Brown,2.54773E+11,,,,
7161,Frank Brown,2.54765E+11,,,,
7160,Diana Jones,2.54719E+11,,,,
7159,John Brown,2.54744E+11,,,,
7158,Jane Brown,2.54728E+11,,,,
7157,Grace Smith,2.54724E+11,,,,
7156,Bob Garcia,2.54769E+11,,,,
7155,Frank Garcia,2.54722E+11,,,,
7154,John Miller,2.54744E+11,,,,
7153,John Jones,2.54713E+11,,,,
7152,Diana Williams,2.54752E+11,,,,
7151,Eve Rodriguez,2.54762E+11,,,,
7150,Carlos Williams,2.54757E+11,,,,
7149,Grace Davis,2.54797E+11,,,,
7148,Bob Jones,2.54742E+11,,,,
7147,Bob Garcia,2.54747E+11,,,,
7146,Grace Garcia,2.54735E+11,,,,
7145,Eve Martinez,2.54761E+11,,,,
7144,Diana Garcia,2.54756E+11,,,,
7143,Eve Brown,2.54759E+11,,,,
7142,Carlos Johnson,2.54733E+11,,,,
7141,Carlos Jones,2.54778E+11,,,,
7140,Eve Martinez,2.54772E+11,,,,
7139,Diana Miller,2.54774E+11,,,,
7138,Frank Rodriguez,2.54779E+11,,,,
7137,John Smith,2.54764E+11,,,,
7136,Jane Williams,2.54764E+11,,,,
7135,Grace Davis,2.54739E+11,,,,
7134,John Jones,2.54791E+11,,,,
7133,John Williams,2.54727E+11,,,,
7132,Grace Rodriguez,2.54765E+11,,,,
7131,John Smith,2.5476E+11,,,,
7130,Jane Garcia,2.54784E+11,,,,
7129,Carlos Johnson,2.54797E+11,,,,
7128,Grace Williams,2.54766E+11,,,,
7127,Henry Martinez,2.54778E+11,,,,
7126,John Johnson,2.54739E+11,,,,
7125,Eve Garcia,2.54722E+11,,,,
7124,Diana Martinez,2.54739E+11,,,,
7123,Diana Brown,2.54713E+11,,,,
7122,Henry Brown,2.54764E+11,,,,
7121,Jane Garcia,2.54751E+11,,,,
7120,Jane Johnson,2.54754E+11,,,,
7119,Eve Williams,2.54717E+11,,,,
7118,Eve Miller,2.54737E+11,,,,
7117,Grace Brown,2.54726E+11,,,,
7116,Frank Miller,2.54782E+11,,,,
7115,Diana Jones,2.54739E+11,,,,
7114,Diana Johnson,2.54787E+11,,,,
7113,Bob Rodriguez,2.54738E+11,,,,
7112,Bob Martinez,2.54766E+11,,,,
7111,Henry Garcia,2.54736E+11,,,,
7110,Jane Williams,2.54798E+11,,,,
7109,Jane Brown,2.54718E+11,,,,
7108,Carlos Martinez,2.54735E+11,,,,
7107,Carlos Martinez,2.54726E+11,,,,
7106,Diana Garcia,2.54756E+11,,,,
7105,Alice Davis,2.54775E+11,,,,
7104,Henry Johnson,2.54749E+11,,,,
7103,Grace Miller,2.54777E+11,,,,
7102,Henry Jones,2.54747E+11,,,,
7101,Diana Williams,2.54742E+11,,,,
7100,Grace Jones,2.54779E+11,,,,
7099,Grace Rodriguez,2.54748E+11,,,,
7098,Grace Jones,2.54721E+11,,,,
7097,Henry Martinez,2.54741E+11,,,,
7096,Alice Davis,2.54791E+11,,,,
7095,Alice Brown,2.54768E+11,,,,
7094,Diana Miller,2.54713E+11,,,,
7093,Carlos Johnson,2.54771E+11,,,,
7092,Carlos Smith,2.54759E+11,,,,
7091,Frank Garcia,2.54754E+11,,,,
7090,Carlos Martinez,2.54744E+11,,,,
7089,John Miller,2.54779E+11,,,,
7088,Grace Smith,2.54798E+11,,,,
7087,John Garcia,2.54755E+11,,,,
7086,Alice Johnson,2.54727E+11,,,,
7085,Carlos Davis,2.54748E+11,,,,
7084,Bob Rodriguez,2.54768E+11,,,,
7083,John Brown,2.54785E+11,,,,
7082,Diana Davis,2.54767E+11,,,,
7081,Carlos Garcia,2.54715E+11,,,,
7080,Frank Garcia,2.54723E+11,,,,
7079,Frank Davis,2.54767E+11,,,,
7078,Diana Davis,2.54762E+11,,,,
7077,Eve Johnson,2.54728E+11,,,,
7076,Jane Martinez,2.54742E+11,,,,
7075,Jane Davis,2.5476E+11,,,,
7074,Jane Smith,2.54742E+11,,,,
7073,Eve Johnson,2.5473E+11,,,,
7072,Carlos Miller,2.54791E+11,,,,
7071,Grace Williams,2.54775E+11,,,,
7070,Bob Jones,2.54784E+11,,,,
7069,Grace Jones,2.54738E+11,,,,
7068,Carlos Garcia,2.54778E+11,,,,
7067,Frank Johnson,2.5478E+11,,,,
7066,John Brown,2.5477E+11,,,,
7065,Henry Williams,2.54774E+11,,,,
7064,John Davis,2.54733E+11,,,,
7063,Alice Brown,2.54733E+11,,,,
7062,Alice Davis,2.54793E+11,,,,
7061,Bob Smith,2.54731E+11,,,,
7060,Jane Miller,2.54727E+11,,,,
7059,Frank Garcia,2.5473E+11,,,,
7058,Alice Williams,2.54784E+11,,,,
7057,Alice Jones,2.54796E+11,,,,
7056,Diana Jones,2.54732E+11,,,,
7055,Grace Johnson,2.54716E+11,,,,
7054,Carlos Jones,2.5478E+11,,,,
7053,Diana Garcia,2.54727E+11,,,,
7052,Eve Miller,2.54776E+11,,,,
7051,Alice Johnson,2.54772E+11,,,,
7050,Henry Davis,2.54775E+11,,,,
7049,Jane Jones,2.54782E+11,,,,
7048,Bob Rodriguez,2.54748E+11,,,,
7047,Grace Rodriguez,2.54783E+11,,,,
7046,Grace Davis,2.54769E+11,,,,
7045,Jane Rodriguez,2.54762E+11,,,,
7044,Eve Miller,2.54779E+11,,,,
7043,Grace Miller,2.54762E+11,,,,
7042,Grace Martinez,2.54747E+11,,,,
7041,John Johnson,2.54717E+11,,,,
7040,Frank Garcia,2.54739E+11,,,,
7039,Henry Jones,2.54751E+11,,,,
7038,Carlos Williams,2.54776E+11,,,,
7037,Henry Smith,2.54756E+11,,,,
7036,Eve Rodriguez,2.54747E+11,,,,
7035,Frank Williams,2.54738E+11,,,,
7034,Grace Smith,2.54761E+11,,,,
7033,Bob Williams,2.54715E+11,,,,
7032,Eve Garcia,2.54714E+11,,,,
7031,Jane Miller,2.54783E+11,,,,
7030,Jane Smith,2.54762E+11,,,,
7029,Alice Jones,2.54736E+11,,,,
7028,Eve Rodriguez,2.54717E+11,,,,
7027,John Rodriguez,2.54796E+11,,,,
7026,Alice Jones,2.54711E+11,,,,
7025,Bob Smith,2.54797E+11,,,,
7024,Henry Rodriguez,2.5477E+11,,,,
7023,Grace Martinez,2.54711E+11,,,,
7022,Alice Miller,2.54769E+11,,,,
7021,Henry Smith,2.54795E+11,,,,
7020,Diana Miller,2.54792E+11,,,,
7019,Diana Rodriguez,2.54764E+11,,,,
7018,Carlos Rodriguez,2.54729E+11,,,,
7017,Carlos Johnson,2.54754E+11,,,,
7016,Henry Rodriguez,2.54781E+11,,,,
7015,Eve Miller,2.54713E+11,,,,
7014,Diana Johnson,2.54781E+11,,,,
7013,Grace Jones,2.54772E+11,,,,
7012,John Johnson,2.54741E+11,,,,
7011,John Rodriguez,2.54796E+11,,,,
7010,Jane Johnson,2.54778E+11,,,,
7009,Frank Davis,2.54732E+11,,,,
7008,Bob Miller,2.54715E+11,,,,
7007,Jane Garcia,2.54725E+11,,,,
7006,John Brown,2.54776E+11,,,,
7005,Bob Jones,2.54749E+11,,,,
7004,Diana Davis,2.54762E+11,,,,
7003,Bob Davis,2.54779E+11,,,,
7002,Diana Davis,2.54792E+11,,,,
7001,Grace Brown,2.5474E+11,,,,
7000,Grace Johnson,2.54764E+11,,,,
6999,Carlos Brown,2.54757E+11,,,,
6998,Grace Miller,2.54764E+11,,,,
6997,Diana Jones,2.54738E+11,,,,
6996,John Jones,2.54715E+11,,,,
6995,Bob Martinez,2.54747E+11,,,,
6994,Henry Jones,2.54714E+11,,,,
6993,Eve Johnson,2.5478E+11,,,,
6992,Jane Rodriguez,2.5476E+11,,,,
6991,Alice Smith,2.54759E+11,,,,
6990,Alice Johnson,2.54748E+11,,,,
6989,Diana Jones,2.54724E+11,,,,
6988,John Williams,2.54712E+11,,,,
6987,Frank Garcia,2.54736E+11,,,,
6986,Carlos Williams,2.54727E+11,,,,
6985,Bob Martinez,2.54718E+11,,,,
6984,John Miller,2.54765E+11,,,,
6983,Henry Williams,2.54758E+11,,,,
6982,Diana Miller,2.54763E+11,,,,
6981,Grace Rodriguez,2.54799E+11,,,,
6980,Grace Williams,2.54795E+11,,,,
6979,Eve Davis,2.54747E+11,,,,
6978,Carlos Brown,2.54755E+11,,,,
6977,Diana Rodriguez,2.54773E+11,,,,
6976,Alice Miller,2.54751E+11,,,,
6975,Bob Martinez,2.54717E+11,,,,
6974,Frank Rodriguez,2.54747E+11,,,,
6973,Frank Smith,2.54759E+11,,,,
6972,Jane Martinez,2.54718E+11,,,,
6971,Alice Martinez,2.54787E+11,,,,
6970,Jane Miller,2.54781E+11,,,,
6969,Alice Rodriguez,2.54756E+11,,,,
6968,John Johnson,2.54734E+11,,,,
6967,Diana Davis,2.54765E+11,,,,
6966,Henry Davis,2.54762E+11,,,,
6965,Bob Martinez,2.54779E+11,,,,
6964,John Brown,2.54799E+11,,,,
6963,Grace Smith,2.54737E+11,,,,
6962,Carlos Davis,2.54711E+11,,,,
6961,Carlos Smith,2.54743E+11,,,,
6960,Jane Jones,2.54735E+11,,,,
6959,Eve Smith,2.5479E+11,,,,
6958,Eve Davis,2.5477E+11,,,,
6957,John Miller,2.54735E+11,,,,
6956,Henry Jones,2.54791E+11,,,,
6955,Frank Miller,2.54751E+11,,,,
6954,Bob Williams,2.54777E+11,,,,
6953,Henry Davis,2.54762E+11,,,,
6952,Diana Smith,2.5473E+11,,,,
6951,Grace Martinez,2.54756E+11,,,,
6950,Alice Smith,2.54768E+11,,,,
6949,Alice Rodriguez,2.54796E+11,,,,
6948,Eve Williams,2.54747E+11,,,,
6947,Frank Martinez,2.54769E+11,,,,
6946,Eve Smith,2.54775E+11,,,,
6945,Grace Miller,2.54747E+11,,,,
6944,Jane Williams,2.54786E+11,,,,
6943,Jane Rodriguez,2.54746E+11,,,,
6942,Carlos Smith,2.54744E+11,,,,
6941,Carlos Garcia,2.54738E+11,,,,
6940,Eve Smith,2.54783E+11,,,,
6939,Jane Smith,2.54737E+11,,,,
6938,Alice Rodriguez,2.54738E+11,,,,
6937,Jane Johnson,2.5476E+11,,,,
6936,Frank Rodriguez,2.54746E+11,,,,
6935,Grace Brown,2.54736E+11,,,,
6934,Grace Brown,2.5472E+11,,,,
6933,Grace Rodriguez,2.5472E+11,,,,
6932,Grace Davis,2.54772E+11,,,,
6931,Diana Johnson,2.54741E+11,,,,
6930,Grace Rodriguez,2.54712E+11,,,,
6929,Frank Johnson,2.54773E+11,,,,
6928,Grace Johnson,2.54726E+11,,,,
6927,Alice Smith,2.54733E+11,,,,
6926,Alice Rodriguez,2.54799E+11,,,,
6925,Diana Davis,2.54782E+11,,,,
6924,Frank Smith,2.54747E+11,,,,
6923,Jane Miller,2.54786E+11,,,,
6922,Alice Davis,2.54799E+11,,,,
6921,Jane Smith,2.54794E+11,,,,
6920,Jane Brown,2.54797E+11,,,,
6919,Henry Martinez,2.54729E+11,,,,
6918,Bob Miller,2.54759E+11,,,,
6917,Eve Davis,2.54715E+11,,,,
6916,Alice Smith,2.54762E+11,,,,
6915,Carlos Williams,2.54748E+11,,,,
6914,Bob Smith,2.54758E+11,,,,
6913,Diana Martinez,2.54741E+11,,,,
6912,Frank Williams,2.54762E+11,,,,
6911,Diana Miller,2.54743E+11,,,,
6910,Jane Smith,2.54729E+11,,,,
6909,Bob Williams,2.54728E+11,,,,
6908,Eve Miller,2.54761E+11,,,,
6907,Eve Garcia,2.54782E+11,,,,
6906,Alice Rodriguez,2.5476E+11,,,,
6905,John Garcia,2.54751E+11,,,,
6904,Eve Williams,2.5474E+11,,,,
6903,Frank Garcia,2.54781E+11,,,,
6902,Grace Martinez,2.54781E+11,,,,
6901,Jane Miller,2.54785E+11,,,,
6900,Frank Brown,2.54713E+11,,,,
6899,Frank Rodriguez,2.54733E+11,,,,
6898,Carlos Martinez,2.54723E+11,,,,
6897,Jane Brown,2.54776E+11,,,,
6896,Bob Rodriguez,2.54762E+11,,,,
6895,Carlos Miller,2.54788E+11,,,,
6894,Grace Johnson,2.54798E+11,,,,
6893,Jane Williams,2.54727E+11,,,,
6892,Alice Brown,2.54744E+11,,,,
6891,Jane Martinez,2.54724E+11,,,,
6890,John Davis,2.54711E+11,,,,
6889,Frank Garcia,2.5472E+11,,,,
6888,Eve Rodriguez,2.54726E+11,,,,
6887,Frank Johnson,2.54784E+11,,,,
6886,Jane Martinez,2.5479E+11,,,,
6885,John Williams,2.54778E+11,,,,
6884,John Jones,2.54736E+11,,,,
6883,Jane Rodriguez,2.54748E+11,,,,
6882,Jane Johnson,2.5471E+11,,,,
6881,Diana Garcia,2.54752E+11,,,,
6880,Alice Brown,2.54799E+11,,,,
6879,Henry Rodriguez,2.54726E+11,,,,
6878,Henry Davis,2.54755E+11,,,,
6877,Henry Garcia,2.54772E+11,,,,
6876,Diana Martinez,2.54728E+11,,,,
6875,Carlos Smith,2.54719E+11,,,,
6874,Frank Garcia,2.54766E+11,,,,
6873,Eve Davis,2.54724E+11,,,,
6872,Diana Garcia,2.54747E+11,,,,
6871,Bob Johnson,2.54739E+11,,,,
6870,Alice Martinez,2.54728E+11,,,,
6869,Diana Smith,2.54744E+11,,,,
6868,Frank Williams,2.54785E+11,,,,
6867,Jane Miller,2.54779E+11,,,,
6866,Bob Williams,2.54754E+11,,,,
6865,Grace Davis,2.5475E+11,,,,
6864,Henry Garcia,2.54786E+11,,,,
6863,Jane Miller,2.54795E+11,,,,
6862,Grace Martinez,2.54731E+11,,,,
6861,Jane Williams,2.54791E+11,,,,
6860,Carlos Jones,2.54769E+11,,,,
6859,Bob Miller,2.5472E+11,,,,
6858,Grace Garcia,2.54791E+11,,,,
6857,Henry Jones,2.54717E+11,,,,
6856,Henry Smith,2.54729E+11,,,,
6855,Alice Williams,2.54762E+11,,,,
6854,Diana Johnson,2.54734E+11,,,,
6853,Bob Miller,2.54757E+11,,,,
6852,Eve Martinez,2.54746E+11,,,,
6851,John Brown,2.54744E+11,,,,
6850,Jane Smith,2.54732E+11,,,,
6849,John Johnson,2.54778E+11,,,,
6848,Frank Jones,2.54749E+11,,,,
6847,Eve Miller,2.54717E+11,,,,
6846,Grace Johnson,2.54787E+11,,,,
6845,Grace Martinez,2.54732E+11,,,,
6844,Carlos Johnson,2.54762E+11,,,,
6843,Eve Rodriguez,2.54791E+11,,,,
6842,Frank Martinez,2.54764E+11,,,,
6841,Bob Garcia,2.54767E+11,,,,
6840,Carlos Garcia,2.54799E+11,,,,
6839,Eve Garcia,2.5472E+11,,,,
6838,Grace Jones,2.54795E+11,,,,
6837,Henry Martinez,2.54732E+11,,,,
6836,Frank Smith,2.54796E+11,,,,
6835,Diana Brown,2.54763E+11,,,,
6834,Diana Martinez,2.54724E+11,,,,
6833,Bob Rodriguez,2.54782E+11,,,,
6832,Bob Jones,2.54738E+11,,,,
6831,Eve Johnson,2.54774E+11,,,,
6830,Carlos Johnson,2.54741E+11,,,,
6829,Henry Davis,2.54747E+11,,,,
6828,Grace Rodriguez,2.54717E+11,,,,
6827,Bob Williams,2.54749E+11,,,,
6826,John Williams,2.54777E+11,,,,
6825,Frank Smith,2.54783E+11,,,,
6824,Eve Jones,2.54746E+11,,,,
6823,Bob Brown,2.54773E+11,,,,
6822,Alice Rodriguez,2.54735E+11,,,,
6821,Bob Johnson,2.54786E+11,,,,
6820,Eve Smith,2.54777E+11,,,,
6819,Jane Brown,2.5471E+11,,,,
6818,Henry Martinez,2.54741E+11,,,,
6817,Diana Miller,2.54726E+11,,,,
6816,Frank Rodriguez,2.54733E+11,,,,
6815,Carlos Brown,2.54733E+11,,,,
6814,Alice Miller,2.54788E+11,,,,
6813,Eve Martinez,2.5474E+11,,,,
6812,Carlos Miller,2.54757E+11,,,,
6811,Eve Martinez,2.54794E+11,,,,
6810,Alice Davis,2.54763E+11,,,,
6809,Jane Brown,2.54787E+11,,,,
6808,Eve Rodriguez,2.54745E+11,,,,
6807,Jane Williams,2.54744E+11,,,,
6806,Diana Johnson,2.54765E+11,,,,
6805,Eve Martinez,2.54789E+11,,,,
6804,Eve Jones,2.54731E+11,,,,
6803,Alice Davis,2.5475E+11,,,,
6802,Grace Rodriguez,2.5473E+11,,,,
6801,Bob Martinez,2.54779E+11,,,,
6800,Jane Miller,2.54739E+11,,,,
6799,Henry Rodriguez,2.54744E+11,,,,
6798,Henry Martinez,2.54791E+11,,,,
6797,Alice Brown,2.54727E+11,,,,
6796,Bob Martinez,2.54755E+11,,,,
6795,Bob Miller,2.54786E+11,,,,
6794,Jane Jones,2.54768E+11,,,,
6793,Alice Williams,2.54735E+11,,,,
6792,John Williams,2.5472E+11,,,,
6791,Eve Smith,2.54747E+11,,,,
6790,Eve Jones,2.54756E+11,,,,
6789,Bob Rodriguez,2.54725E+11,,,,
6788,Bob Rodriguez,2.54725E+11,,,,
6787,Eve Garcia,2.54711E+11,,,,
6786,Carlos Jones,2.54746E+11,,,,
6785,Jane Rodriguez,2.54773E+11,,,,
6784,Carlos Miller,2.54782E+11,,,,
6783,Diana Brown,2.54796E+11,,,,
6782,Carlos Davis,2.54721E+11,,,,
6781,Henry Brown,2.54747E+11,,,,
6780,Grace Smith,2.54789E+11,,,,
6779,Jane Williams,2.54791E+11,,,,
6778,Frank Garcia,2.54771E+11,,,,
6777,Frank Jones,2.54782E+11,,,,
6776,Carlos Smith,2.54798E+11,,,,
6775,Bob Rodriguez,2.54739E+11,,,,
6774,Grace Williams,2.54782E+11,,,,
6773,Jane Johnson,2.54778E+11,,,,
6772,Carlos Miller,2.54757E+11,,,,
6771,Jane Johnson,2.54715E+11,,,,
6770,Henry Garcia,2.54781E+11,,,,
6769,Alice Johnson,2.54739E+11,,,,
6768,John Jones,2.5473E+11,,,,
6767,Jane Miller,2.54724E+11,,,,
6766,Frank Davis,2.54755E+11,,,,
6765,Alice Williams,2.54773E+11,,,,
6764,Jane Davis,2.54778E+11,,,,
6763,Eve Martinez,2.54716E+11,,,,
6762,Eve Rodriguez,2.54772E+11,,,,
6761,Jane Rodriguez,2.5475E+11,,,,
6760,Grace Rodriguez,2.54769E+11,,,,
6759,Grace Martinez,2.54792E+11,,,,
6758,Grace Martinez,2.5476E+11,,,,
6757,Alice Martinez,2.54797E+11,,,,
6756,Carlos Williams,2.54757E+11,,,,
6755,Alice Brown,2.54722E+11,,,,
6754,Carlos Brown,2.54755E+11,,,,
6753,Diana Smith,2.54735E+11,,,,
6752,Jane Miller,2.54746E+11,,,,
6751,John Miller,2.54744E+11,,,,
6750,Frank Davis,2.5473E+11,,,,
6749,Jane Miller,2.54798E+11,,,,
6748,Jane Miller,2.54754E+11,,,,
6747,Henry Smith,2.54759E+11,,,,
6746,Jane Miller,2.54796E+11,,,,
6745,John Rodriguez,2.54749E+11,,,,
6744,Diana Johnson,2.54717E+11,,,,
6743,Bob Garcia,2.54727E+11,,,,
6742,Grace Miller,2.54719E+11,,,,
6741,Bob Rodriguez,2.54741E+11,,,,
6740,Frank Jones,2.54768E+11,,,,
6739,Diana Brown,2.54721E+11,,,,
6738,Grace Jones,2.54795E+11,,,,
6737,Eve Smith,2.54749E+11,,,,
6736,Alice Smith,2.54742E+11,,,,
6735,Diana Jones,2.54735E+11,,,,
6734,Grace Brown,2.54776E+11,,,,
6733,Jane Williams,2.54748E+11,,,,
6732,Alice Miller,2.54773E+11,,,,
6731,John Smith,2.54782E+11,,,,
6730,Alice Williams,2.54799E+11,,,,
6729,Eve Miller,2.54735E+11,,,,
6728,Eve Brown,2.54746E+11,,,,
6727,Bob Brown,2.54749E+11,,,,
6726,Eve Williams,2.54711E+11,,,,
6725,Bob Rodriguez,2.54774E+11,,,,
6724,Bob Miller,2.54767E+11,,,,
6723,Frank Brown,2.54718E+11,,,,
6722,Henry Brown,2.54777E+11,,,,
6721,Diana Davis,2.54791E+11,,,,
6720,Frank Martinez,2.54746E+11,,,,
6719,Bob Smith,2.54778E+11,,,,
6718,Eve Davis,2.54777E+11,,,,
6717,Bob Martinez,2.54752E+11,,,,
6716,Eve Rodriguez,2.5473E+11,,,,
6715,Carlos Miller,2.5476E+11,,,,
6714,Bob Williams,2.54758E+11,,,,
6713,Frank Williams,2.54774E+11,,,,
6712,Eve Garcia,2.54714E+11,,,,
6711,John Miller,2.54726E+11,,,,
6710,Alice Brown,2.5472E+11,,,,
6709,Grace Garcia,2.54721E+11,,,,
6708,John Johnson,2.54752E+11,,,,
6707,Jane Rodriguez,2.54744E+11,,,,
6706,Alice Rodriguez,2.54781E+11,,,,
6705,Eve Williams,2.54716E+11,,,,
6704,Henry Smith,2.54716E+11,,,,
6703,Diana Rodriguez,2.54796E+11,,,,
6702,Eve Williams,2.54728E+11,,,,
6701,Alice Williams,2.54783E+11,,,,
6700,John Rodriguez,2.54725E+11,,,,
6699,Jane Johnson,2.5478E+11,,,,
6698,Diana Brown,2.54765E+11,,,,
6697,Alice Brown,2.54777E+11,,,,
6696,Jane Brown,2.54772E+11,,,,
6695,Alice Martinez,2.54727E+11,,,,
6694,Carlos Martinez,2.54753E+11,,,,
6693,Henry Johnson,2.54789E+11,,,,
6692,Alice Rodriguez,2.54743E+11,,,,
6691,Bob Smith,2.54763E+11,,,,
6690,Eve Davis,2.5473E+11,,,,
6689,Eve Brown,2.54758E+11,,,,
6688,John Martinez,2.54724E+11,,,,
6687,Bob Garcia,2.54736E+11,,,,
6686,Alice Williams,2.54737E+11,,,,
6685,Bob Miller,2.54743E+11,,,,
6684,John Davis,2.5479E+11,,,,
6683,Eve Davis,2.54771E+11,,,,
6682,Alice Smith,2.54754E+11,,,,
6681,Alice Smith,2.54766E+11,,,,
6680,Eve Davis,2.54731E+11,,,,
6679,Jane Garcia,2.54756E+11,,,,
6678,Jane Smith,2.54748E+11,,,,
6677,Grace Brown,2.54759E+11,,,,
6676,Carlos Johnson,2.54783E+11,,,,
6675,Bob Davis,2.54759E+11,,,,
6674,Eve Smith,2.54748E+11,,,,
6673,John Davis,2.54726E+11,,,,
6672,Eve Johnson,2.54773E+11,,,,
6671,Diana Jones,2.54747E+11,,,,
6670,Bob Williams,2.54755E+11,,,,
6669,Frank Jones,2.54741E+11,,,,
6668,Diana Williams,2.548E+11,,,,
6667,Jane Davis,2.54775E+11,,,,
6666,Grace Martinez,2.54771E+11,,,,
6665,Eve Smith,2.54784E+11,,,,
6664,Frank Jones,2.54786E+11,,,,
6663,John Rodriguez,2.54747E+11,,,,
6662,Henry Miller,2.54758E+11,,,,
6661,Henry Rodriguez,2.54793E+11,,,,
6660,Bob Miller,2.54759E+11,,,,
6659,Diana Miller,2.54741E+11,,,,
6658,Frank Davis,2.54713E+11,,,,
6657,Carlos Smith,2.54722E+11,,,,
6656,Diana Davis,2.54799E+11,,,,
6655,Bob Martinez,2.5473E+11,,,,
6654,Frank Miller,2.54753E+11,,,,
6653,Jane Johnson,2.54723E+11,,,,
6652,Bob Martinez,2.54741E+11,,,,
6651,Frank Williams,2.54766E+11,,,,
6650,Diana Davis,2.54793E+11,,,,
6649,Eve Miller,2.5472E+11,,,,
6648,Carlos Martinez,2.54796E+11,,,,
6647,Alice Garcia,2.54747E+11,,,,
6646,Eve Jones,2.54767E+11,,,,
6645,Bob Rodriguez,2.54717E+11,,,,
6644,Grace Brown,2.54759E+11,,,,
6643,Eve Smith,2.5474E+11,,,,
6642,Henry Johnson,2.54794E+11,,,,
6641,Frank Jones,2.54778E+11,,,,
6640,Henry Garcia,2.54763E+11,,,,
6639,Diana Jones,2.54788E+11,,,,
6638,Eve Miller,2.54729E+11,,,,
6637,Frank Miller,2.54753E+11,,,,
6636,Henry Rodriguez,2.54714E+11,,,,
6635,Jane Jones,2.54741E+11,,,,
6634,John Jones,2.54733E+11,,,,
6633,John Martinez,2.54753E+11,,,,
6632,Alice Williams,2.54731E+11,,,,
6631,Eve Martinez,2.54737E+11,,,,
6630,Frank Johnson,2.54781E+11,,,,
6629,Diana Garcia,2.54739E+11,,,,
6628,Alice Williams,2.54713E+11,,,,
6627,Diana Williams,2.54718E+11,,,,
6626,Diana Brown,2.54733E+11,,,,
6625,Frank Rodriguez,2.54771E+11,,,,
6624,Alice Rodriguez,2.54735E+11,,,,
6623,Jane Rodriguez,2.54778E+11,,,,
6622,Eve Smith,2.54789E+11,,,,
6621,Henry Martinez,2.54735E+11,,,,
6620,Jane Brown,2.5475E+11,,,,
6619,Bob Smith,2.54719E+11,,,,
6618,John Davis,2.54793E+11,,,,
6617,Carlos Martinez,2.54725E+11,,,,
6616,Carlos Garcia,2.54763E+11,,,,
6615,Bob Davis,2.54719E+11,,,,
6614,Alice Davis,2.5474E+11,,,,
6613,Diana Davis,2.54729E+11,,,,
6612,Frank Johnson,2.54754E+11,,,,
6611,Carlos Martinez,2.54752E+11,,,,
6610,Frank Jones,2.54746E+11,,,,
6609,Frank Garcia,2.54778E+11,,,,
6608,Jane Garcia,2.54718E+11,,,,
6607,Eve Martinez,2.54758E+11,,,,
6606,Alice Garcia,2.54794E+11,,,,
6605,Eve Rodriguez,2.54773E+11,,,,
6604,Eve Williams,2.54723E+11,,,,
6603,Diana Smith,2.54742E+11,,,,
6602,John Rodriguez,2.54751E+11,,,,
6601,Grace Brown,2.54771E+11,,,,
6600,Grace Martinez,2.54727E+11,,,,
6599,Alice Brown,2.54717E+11,,,,
6598,John Williams,2.54784E+11,,,,
6597,Henry Rodriguez,2.54759E+11,,,,
6596,Carlos Martinez,2.54769E+11,,,,
6595,Grace Davis,2.54758E+11,,,,
6594,Diana Williams,2.5471E+11,,,,
6593,Grace Rodriguez,2.54722E+11,,,,
6592,Jane Rodriguez,2.5474E+11,,,,
6591,Henry Jones,2.54719E+11,,,,
6590,Bob Garcia,2.54717E+11,,,,
6589,Bob Davis,2.54729E+11,,,,
6588,Henry Rodriguez,2.54712E+11,,,,
6587,Diana Williams,2.54785E+11,,,,
6586,Alice Davis,2.54764E+11,,,,
6585,Carlos Miller,2.54778E+11,,,,
6584,Grace Garcia,2.54751E+11,,,,
6583,Eve Davis,2.54781E+11,,,,
6582,Bob Brown,2.5472E+11,,,,
6581,Grace Johnson,2.54745E+11,,,,
6580,Diana Williams,2.54756E+11,,,,
6579,John Rodriguez,2.54769E+11,,,,
6578,Bob Williams,2.54794E+11,,,,
6577,Henry Miller,2.54724E+11,,,,
6576,Bob Johnson,2.54759E+11,,,,
6575,Grace Garcia,2.54767E+11,,,,
6574,Diana Miller,2.54733E+11,,,,
6573,Alice Johnson,2.54753E+11,,,,
6572,Diana Rodriguez,2.54724E+11,,,,
6571,Jane Davis,2.54754E+11,,,,
6570,Henry Williams,2.54743E+11,,,,
6569,Carlos Miller,2.54745E+11,,,,
6568,Eve Brown,2.54715E+11,,,,
6567,Carlos Williams,2.54798E+11,,,,
6566,Diana Smith,2.54732E+11,,,,
6565,John Rodriguez,2.54715E+11,,,,
6564,Eve Davis,2.54734E+11,,,,
6563,John Martinez,2.54746E+11,,,,
6562,Frank Miller,2.54742E+11,,,,
6561,Jane Johnson,2.54752E+11,,,,
6560,Alice Smith,2.54756E+11,,,,
6559,Diana Martinez,2.54755E+11,,,,
6558,Frank Garcia,2.54771E+11,,,,
6557,John Brown,2.54749E+11,,,,
6556,Eve Brown,2.54792E+11,,,,
6555,Alice Miller,2.54759E+11,,,,
6554,John Miller,2.54712E+11,,,,
6553,Bob Miller,2.54785E+11,,,,
6552,Alice Brown,2.54792E+11,,,,
6551,John Miller,2.54773E+11,,,,
6550,Frank Rodriguez,2.5476E+11,,,,
6549,Eve Davis,2.54719E+11,,,,
6548,Diana Rodriguez,2.54749E+11,,,,
6547,John Garcia,2.54766E+11,,,,
6546,Grace Martinez,2.54767E+11,,,,
6545,Grace Smith,2.54793E+11,,,,
6544,Bob Brown,2.54736E+11,,,,
6543,Diana Smith,2.54744E+11,,,,
6542,Grace Rodriguez,2.54781E+11,,,,
6541,John Williams,2.54734E+11,,,,
6540,Carlos Martinez,2.54792E+11,,,,
6539,Henry Davis,2.54751E+11,,,,
6538,Grace Brown,2.54717E+11,,,,
6537,Carlos Jones,2.54763E+11,,,,
6536,Carlos Williams,2.54727E+11,,,,
6535,Frank Johnson,2.54729E+11,,,,
6534,Jane Davis,2.54767E+11,,,,
6533,Eve Jones,2.54739E+11,,,,
6532,Grace Davis,2.54774E+11,,,,
6531,Bob Garcia,2.54747E+11,,,,
6530,John Brown,2.54747E+11,,,,
6529,Henry Davis,2.54768E+11,,,,
6528,Alice Smith,2.54725E+11,,,,
6527,Grace Davis,2.54724E+11,,,,
6526,Grace Martinez,2.54735E+11,,,,
6525,Grace Jones,2.54746E+11,,,,
6524,Frank Jones,2.54798E+11,,,,
6523,Diana Davis,2.54795E+11,,,,
6522,Eve Jones,2.54737E+11,,,,
6521,Carlos Jones,2.54744E+11,,,,
6520,Eve Miller,2.54737E+11,,,,
6519,Eve Martinez,2.54714E+11,,,,
6518,John Miller,2.54736E+11,,,,
6517,Eve Jones,2.54782E+11,,,,
6516,Bob Brown,2.54719E+11,,,,
6515,Frank Brown,2.54719E+11,,,,
6514,Carlos Smith,2.54762E+11,,,,
6513,Jane Martinez,2.54711E+11,,,,
6512,Henry Johnson,2.54771E+11,,,,
6511,Frank Miller,2.548E+11,,,,
6510,Diana Garcia,2.5472E+11,,,,
6509,Henry Martinez,2.54758E+11,,,,
6508,Henry Rodriguez,2.54732E+11,,,,
6507,John Garcia,2.54798E+11,,,,
6506,Alice Williams,2.54773E+11,,,,
6505,Frank Garcia,2.5473E+11,,,,
6504,Alice Rodriguez,2.54792E+11,,,,
6503,Bob Davis,2.54799E+11,,,,
6502,John Johnson,2.54763E+11,,,,
6501,Grace Rodriguez,2.54784E+11,,,,
6500,Jane Miller,2.54785E+11,,,,
6499,Carlos Smith,2.54735E+11,,,,
6498,Frank Williams,2.54734E+11,,,,
6497,Eve Smith,2.54768E+11,,,,
6496,Bob Martinez,2.54766E+11,,,,
6495,Frank Brown,2.54737E+11,,,,
6494,Diana Brown,2.54752E+11,,,,
6493,Jane Miller,2.54763E+11,,,,
6492,Jane Smith,2.54715E+11,,,,
6491,John Miller,2.54779E+11,,,,
6490,Henry Davis,2.54757E+11,,,,
6489,Carlos Martinez,2.54743E+11,,,,
6488,Alice Jones,2.54795E+11,,,,
6487,Frank Miller,2.54715E+11,,,,
6486,Frank Rodriguez,2.54788E+11,,,,
6485,Frank Miller,2.54797E+11,,,,
6484,Carlos Johnson,2.54744E+11,,,,
6483,Grace Jones,2.54781E+11,,,,
6482,Jane Rodriguez,2.54788E+11,,,,
6481,Bob Garcia,2.54747E+11,,,,
6480,Alice Martinez,2.54714E+11,,,,
6479,John Garcia,2.54774E+11,,,,
6478,Alice Johnson,2.54783E+11,,,,
6477,Grace Davis,2.54778E+11,,,,
6476,Carlos Miller,2.54711E+11,,,,
6475,Grace Garcia,2.5478E+11,,,,
6474,Jane Miller,2.54737E+11,,,,
6473,Grace Miller,2.54736E+11,,,,
6472,Grace Martinez,2.54762E+11,,,,
6471,Bob Smith,2.54758E+11,,,,
6443,John Williams,2.54761E+11,,,,
6442,Jane Brown,2.54722E+11,,,,
6441,Henry Smith,2.54731E+11,,,,
6440,Henry Johnson,2.54713E+11,,,,
6439,Jane Rodriguez,2.5474E+11,,,,
6438,Henry Johnson,2.54712E+11,,,,
6437,Bob Jones,2.54778E+11,,,,
6436,Alice Brown,2.5471E+11,,,,
6435,Diana Martinez,2.54754E+11,,,,
6434,Bob Rodriguez,2.5478E+11,,,,
6433,Carlos Williams,2.54728E+11,,,,
6432,Diana Martinez,2.54773E+11,,,,
6431,Carlos Smith,2.54795E+11,,,,
6430,Diana Johnson,2.54793E+11,,,,
6429,Alice Davis,2.54722E+11,,,,
6428,Bob Garcia,2.54733E+11,,,,
6427,Bob Garcia,2.5479E+11,,,,
6426,Eve Davis,2.54759E+11,,,,
6425,Alice Johnson,2.54734E+11,,,,
6424,Eve Rodriguez,2.54717E+11,,,,
6423,Jane Rodriguez,2.54717E+11,,,,
6422,Jane Rodriguez,2.54757E+11,,,,
6421,Alice Miller,2.54741E+11,,,,
6420,Jane Davis,2.5473E+11,,,,
6419,Bob Brown,2.54745E+11,,,,
6418,Frank Smith,2.54714E+11,,,,
6417,Jane Jones,2.54743E+11,,,,
6416,Eve Davis,2.5471E+11,,,,
6415,Eve Miller,2.54765E+11,,,,
6414,Eve Davis,2.5474E+11,,,,
6413,Eve Williams,2.54711E+11,,,,
6412,Jane Martinez,2.54786E+11,,,,
6411,John Davis,2.54755E+11,,,,
6410,Henry Johnson,2.54766E+11,,,,
6409,Henry Garcia,2.54733E+11,,,,
6408,Grace Garcia,2.54747E+11,,,,
6407,Carlos Williams,2.54717E+11,,,,
6406,Bob Miller,2.54743E+11,,,,
6405,Jane Brown,2.5474E+11,,,,
6404,Bob Johnson,2.54792E+11,,,,
6403,Bob Garcia,2.54723E+11,,,,
6402,Diana Smith,2.54782E+11,,,,
6401,Eve Rodriguez,2.54791E+11,,,,
6400,Carlos Rodriguez,2.54781E+11,,,,
6399,Alice Johnson,2.54722E+11,,,,
6398,Henry Jones,2.54761E+11,,,,
6397,Frank Jones,2.54752E+11,,,,
6396,Henry Johnson,2.54757E+11,,,,
6395,Carlos Smith,2.5472E+11,,,,
6394,Henry Brown,2.54782E+11,,,,
6393,Grace Johnson,2.54716E+11,,,,
6392,Grace Johnson,2.54776E+11,,,,
6391,Diana Miller,2.54719E+11,,,,
6390,Alice Martinez,2.54739E+11,,,,
6389,Alice Jones,2.54722E+11,,,,
6388,Bob Rodriguez,2.54764E+11,,,,
6387,Jane Garcia,2.54764E+11,,,,
6386,Jane Jones,2.54718E+11,,,,
6385,Frank Martinez,2.54779E+11,,,,
6384,Alice Smith,2.54746E+11,,,,
6383,Grace Miller,2.54747E+11,,,,
6382,Frank Rodriguez,2.54798E+11,,,,
6381,Grace Smith,2.54715E+11,,,,
6380,Jane Davis,2.54748E+11,,,,
6379,Carlos Jones,2.54771E+11,,,,
6378,Bob Smith,2.5478E+11,,,,
6377,Eve Martinez,2.54782E+11,,,,
6376,Diana Brown,2.54713E+11,,,,
6375,Bob Smith,2.54724E+11,,,,
6374,Eve Smith,2.54742E+11,,,,
6373,John Martinez,2.54749E+11,,,,
6372,John Johnson,2.54716E+11,,,,
6371,Eve Martinez,2.54783E+11,,,,
6370,Eve Garcia,2.5473E+11,,,,
6369,John Jones,2.54729E+11,,,,
6368,Bob Johnson,2.54749E+11,,,,
6367,Eve Martinez,2.54761E+11,,,,
6366,Alice Brown,2.54729E+11,,,,
6365,Eve Johnson,2.54759E+11,,,,
6364,Jane Garcia,2.54796E+11,,,,
6363,Diana Miller,2.54744E+11,,,,
6362,Diana Davis,2.54752E+11,,,,
6361,Grace Brown,2.54783E+11,,,,
6360,Alice Smith,2.54755E+11,,,,
6359,Bob Miller,2.54756E+11,,,,
6358,Grace Johnson,2.54776E+11,,,,
6357,Alice Smith,2.54723E+11,,,,
6356,Grace Davis,2.5474E+11,,,,
6355,Alice Smith,2.5472E+11,,,,
6354,Eve Davis,2.54779E+11,,,,
6353,Frank Williams,2.54773E+11,,,,
6352,Bob Johnson,2.54774E+11,,,,
6351,Eve Davis,2.54799E+11,,,,
6350,Grace Smith,2.5472E+11,,,,
6349,Jane Johnson,2.54711E+11,,,,
6348,Carlos Jones,2.54779E+11,,,,
6347,Jane Rodriguez,2.5477E+11,,,,
6346,Alice Miller,2.54717E+11,,,,
6345,Grace Johnson,2.54774E+11,,,,
6344,Grace Johnson,2.54765E+11,,,,
6343,Diana Brown,2.5477E+11,,,,
6342,Jane Martinez,2.54796E+11,,,,
6341,Carlos Jones,2.54749E+11,,,,
6340,Frank Garcia,2.5477E+11,,,,
6339,Frank Smith,2.54717E+11,,,,
6338,John Williams,2.54758E+11,,,,
6337,Bob Rodriguez,2.54797E+11,,,,
6336,Jane Jones,2.5474E+11,,,,
6335,Henry Garcia,2.54739E+11,,,,
6334,Bob Smith,2.54784E+11,,,,
6333,Grace Brown,2.54775E+11,,,,
6332,Bob Davis,2.54779E+11,,,,
6331,Frank Davis,2.54733E+11,,,,
6330,Bob Martinez,2.54711E+11,,,,
6329,Grace Davis,2.54742E+11,,,,
6328,Henry Davis,2.54717E+11,,,,
6327,Bob Garcia,2.54746E+11,,,,
6326,Diana Brown,2.54777E+11,,,,
6325,John Williams,2.54774E+11,,,,
6324,Eve Davis,2.54766E+11,,,,
6323,Carlos Martinez,2.54757E+11,,,,
6322,Jane Davis,2.54762E+11,,,,
6321,John Martinez,2.5471E+11,,,,
6320,Diana Brown,2.54767E+11,,,,
6319,Henry Martinez,2.54751E+11,,,,
6318,Henry Williams,2.54773E+11,,,,
6317,Henry Martinez,2.54731E+11,,,,
6316,Carlos Williams,2.5472E+11,,,,
6315,Frank Martinez,2.54717E+11,,,,
6314,Eve Rodriguez,2.54798E+11,,,,
6313,Alice Garcia,2.54785E+11,,,,
6312,Jane Brown,2.54788E+11,,,,
6311,Grace Martinez,2.54773E+11,,,,
6310,John Rodriguez,2.54721E+11,,,,
6309,Henry Jones,2.54768E+11,,,,
6308,Bob Davis,2.54796E+11,,,,
6307,Grace Jones,2.54758E+11,,,,
6306,Jane Williams,2.54728E+11,,,,
6305,Frank Garcia,2.54713E+11,,,,
6304,Henry Rodriguez,2.54729E+11,,,,
6303,Henry Jones,2.54756E+11,,,,
6302,Jane Smith,2.54744E+11,,,,
6301,Henry Miller,2.5474E+11,,,,
6300,Grace Davis,2.54727E+11,,,,
6299,Eve Jones,2.54742E+11,,,,
6298,Grace Johnson,2.54791E+11,,,,
6297,Eve Garcia,2.54757E+11,,,,
6296,Carlos Davis,2.54728E+11,,,,
6295,Bob Rodriguez,2.54787E+11,,,,
6294,Frank Garcia,2.54739E+11,,,,
6293,Henry Garcia,2.54725E+11,,,,
6292,Bob Johnson,2.54773E+11,,,,
6291,Grace Williams,2.54748E+11,,,,
6290,Alice Garcia,2.54797E+11,,,,
6289,Carlos Smith,2.54758E+11,,,,
6288,Diana Johnson,2.54792E+11,,,,
6287,Jane Rodriguez,2.54789E+11,,,,
6286,Frank Rodriguez,2.54775E+11,,,,
6285,John Williams,2.54715E+11,,,,
6284,Grace Brown,2.5477E+11,,,,
6283,Eve Miller,2.54756E+11,,,,
6282,Carlos Garcia,2.54797E+11,,,,
6281,Eve Johnson,2.54712E+11,,,,
6280,Frank Martinez,2.54757E+11,,,,
6279,Frank Martinez,2.54742E+11,,,,
6278,Diana Smith,2.54785E+11,,,,
6277,Henry Williams,2.54749E+11,,,,
6276,Eve Davis,2.54721E+11,,,,
6275,Diana Smith,2.54779E+11,,,,
6274,Alice Johnson,2.54772E+11,,,,
6273,Bob Brown,2.54731E+11,,,,
6272,Carlos Martinez,2.54782E+11,,,,
6271,Grace Garcia,2.54728E+11,,,,
6270,Eve Smith,2.54787E+11,,,,
6269,Jane Rodriguez,2.54774E+11,,,,
6268,Henry Williams,2.54749E+11,,,,
6267,Eve Johnson,2.54733E+11,,,,
6266,Diana Rodriguez,2.54765E+11,,,,
6265,Eve Johnson,2.54726E+11,,,,
6264,Diana Rodriguez,2.54761E+11,,,,
6263,Jane Martinez,2.54798E+11,,,,
6262,Alice Brown,2.54748E+11,,,,
6261,Grace Jones,2.54788E+11,,,,
6260,Diana Smith,2.5478E+11,,,,
6259,Frank Davis,2.54746E+11,,,,
6258,Grace Williams,2.54748E+11,,,,
6257,Grace Davis,2.54721E+11,,,,
6256,Carlos Rodriguez,2.54732E+11,,,,
6255,John Brown,2.54743E+11,,,,
6254,Eve Johnson,2.54722E+11,,,,
6253,Bob Williams,2.54786E+11,,,,
6252,Eve Johnson,2.54769E+11,,,,
6251,Frank Martinez,2.54759E+11,,,,
6250,Alice Brown,2.54755E+11,,,,
6249,Eve Smith,2.54719E+11,,,,
6248,Henry Miller,2.54737E+11,,,,
6247,Grace Smith,2.54775E+11,,,,
6246,Diana Brown,2.54716E+11,,,,
6245,Bob Brown,2.54722E+11,,,,
6244,Alice Garcia,2.54747E+11,,,,
6243,Henry Miller,2.54745E+11,,,,
6242,Henry Jones,2.54752E+11,,,,
6241,Bob Johnson,2.54748E+11,,,,
6240,Frank Smith,2.54783E+11,,,,
6239,Carlos Rodriguez,2.54756E+11,,,,
6238,Grace Rodriguez,2.54728E+11,,,,
6237,Bob Davis,2.5473E+11,,,,
6236,Frank Jones,2.54775E+11,,,,
6235,Carlos Smith,2.54761E+11,,,,
6234,John Smith,2.54763E+11,,,,
6233,Eve Brown,2.54724E+11,,,,
6232,Diana Rodriguez,2.54793E+11,,,,
6231,Alice Jones,2.54787E+11,,,,
6230,Diana Smith,2.54711E+11,,,,
6229,John Rodriguez,2.54723E+11,,,,
6228,Alice Miller,2.54717E+11,,,,
6227,Grace Williams,2.54715E+11,,,,
6226,Jane Brown,2.54745E+11,,,,
6225,Bob Brown,2.54766E+11,,,,
6224,Eve Rodriguez,2.54742E+11,,,,
6223,Diana Martinez,2.54711E+11,,,,
6222,Bob Garcia,2.54793E+11,,,,
6221,Frank Martinez,2.54792E+11,,,,
6220,Alice Davis,2.54737E+11,,,,
6219,Diana Brown,2.54779E+11,,,,
6218,Grace Davis,2.54715E+11,,,,
6217,Grace Martinez,2.54794E+11,,,,
6216,Frank Brown,2.54792E+11,,,,
6215,Jane Johnson,2.5479E+11,,,,
6214,Henry Jones,2.54779E+11,,,,
6213,Carlos Brown,2.54717E+11,,,,
6212,Alice Jones,2.54713E+11,,,,
6211,John Miller,2.54798E+11,,,,
6210,Grace Brown,2.5471E+11,,,,
6209,Carlos Martinez,2.5475E+11,,,,
6208,Carlos Brown,2.54796E+11,,,,
6207,Carlos Smith,2.54757E+11,,,,
6206,Bob Garcia,2.54746E+11,,,,
6205,Henry Garcia,2.54728E+11,,,,
6204,Alice Brown,2.54734E+11,,,,
6203,Alice Davis,2.54788E+11,,,,
6202,Eve Williams,2.5474E+11,,,,
6201,Jane Jones,2.54737E+11,,,,
6200,Eve Smith,2.54797E+11,,,,
6199,Grace Miller,2.54763E+11,,,,
6198,Eve Jones,2.54717E+11,,,,
6197,Eve Williams,2.54742E+11,,,,
6196,Alice Jones,2.54784E+11,,,,
6195,Carlos Williams,2.54799E+11,,,,
6194,John Jones,2.54742E+11,,,,
6193,Henry Rodriguez,2.54789E+11,,,,
6192,Henry Smith,2.54797E+11,,,,
6191,Diana Rodriguez,2.54792E+11,,,,
6190,Frank Jones,2.54713E+11,,,,
6189,Jane Miller,2.54767E+11,,,,
6188,Diana Davis,2.54783E+11,,,,
6187,Frank Jones,2.54782E+11,,,,
6186,Carlos Jones,2.54719E+11,,,,
6185,John Smith,2.54741E+11,,,,
6184,Bob Davis,2.54716E+11,,,,
6183,Henry Davis,2.54796E+11,,,,
6182,Grace Garcia,2.54794E+11,,,,
6181,Diana Martinez,2.54767E+11,,,,
6180,Bob Williams,2.54728E+11,,,,
6179,Henry Williams,2.54723E+11,,,,
6178,Jane Davis,2.54779E+11,,,,
6177,Diana Martinez,2.54723E+11,,,,
6176,Jane Williams,2.54797E+11,,,,
6175,Bob Miller,2.54739E+11,,,,
6174,Alice Jones,2.54748E+11,,,,
6173,Henry Brown,2.54799E+11,,,,
6172,John Rodriguez,2.54737E+11,,,,
6171,Frank Davis,2.54778E+11,,,,
6170,Alice Jones,2.54736E+11,,,,
6169,Henry Brown,2.5475E+11,,,,
6168,Jane Williams,2.54748E+11,,,,
6167,Henry Garcia,2.54734E+11,,,,
6166,Diana Rodriguez,2.54762E+11,,,,
6165,Henry Garcia,2.54785E+11,,,,
6164,Alice Rodriguez,2.5473E+11,,,,
6163,Alice Miller,2.5478E+11,,,,
6162,Bob Jones,2.54781E+11,,,,
6161,Frank Rodriguez,2.54775E+11,,,,
6160,Jane Rodriguez,2.54782E+11,,,,
6159,Jane Brown,2.54724E+11,,,,
6158,Grace Martinez,2.5475E+11,,,,
6157,Eve Brown,2.54739E+11,,,,
6156,Carlos Davis,2.54747E+11,,,,
6155,Jane Williams,2.54729E+11,,,,
6154,Alice Smith,2.54718E+11,,,,
6153,Jane Jones,2.54728E+11,,,,
6152,Grace Jones,2.54756E+11,,,,
6151,Carlos Smith,2.54712E+11,,,,
6150,John Davis,2.54756E+11,,,,
6149,Diana Miller,2.54722E+11,,,,
6148,Carlos Davis,2.54723E+11,,,,
6147,Frank Jones,2.54752E+11,,,,
6146,Bob Martinez,2.5473E+11,,,,
6145,John Martinez,2.54742E+11,,,,
6144,Eve Johnson,2.5476E+11,,,,
6143,Henry Miller,2.54712E+11,,,,
6142,Frank Miller,2.5473E+11,,,,
6141,Carlos Miller,2.54794E+11,,,,
6140,Bob Miller,2.54712E+11,,,,
6139,John Jones,2.54785E+11,,,,
6138,Jane Miller,2.54794E+11,,,,
6137,Jane Martinez,2.54751E+11,,,,
6136,Alice Jones,2.54712E+11,,,,
6135,Diana Davis,2.54798E+11,,,,
6134,Grace Jones,2.54753E+11,,,,
6133,Jane Smith,2.54794E+11,,,,
6132,Henry Brown,2.54755E+11,,,,
6131,Henry Davis,2.54712E+11,,,,
6130,Frank Garcia,2.54723E+11,,,,
6129,John Garcia,2.54711E+11,,,,
6128,Carlos Smith,2.54761E+11,,,,
6127,Grace Williams,2.54785E+11,,,,
6126,Eve Garcia,2.54721E+11,,,,
6125,Eve Miller,2.54742E+11,,,,
6124,Carlos Brown,2.54738E+11,,,,
6123,Bob Williams,2.54764E+11,,,,
6122,Jane Brown,2.54755E+11,,,,
6121,Frank Garcia,2.54739E+11,,,,
6120,Diana Garcia,2.54794E+11,,,,
6119,Bob Miller,2.54725E+11,,,,
6118,John Miller,2.54753E+11,,,,
6117,Diana Johnson,2.54792E+11,,,,
6116,Alice Martinez,2.54716E+11,,,,
6115,Diana Johnson,2.54758E+11,,,,
6114,Diana Rodriguez,2.54787E+11,,,,
6113,Frank Davis,2.54794E+11,,,,
6112,Frank Garcia,2.54749E+11,,,,
6111,Carlos Brown,2.54774E+11,,,,
6110,Bob Jones,2.5478E+11,,,,
6109,Grace Davis,2.54744E+11,,,,
6108,Diana Miller,2.5477E+11,,,,
6107,Eve Davis,2.54772E+11,,,,
6106,Frank Williams,2.54776E+11,,,,
6105,Grace Davis,2.54724E+11,,,,
6104,Diana Martinez,2.54751E+11,,,,
6103,Carlos Williams,2.54785E+11,,,,
6102,Grace Garcia,2.54778E+11,,,,
6101,Grace Davis,2.54799E+11,,,,
6100,Bob Garcia,2.54789E+11,,,,
6099,Alice Miller,2.54739E+11,,,,
6098,Alice Martinez,2.54791E+11,,,,
6097,Grace Smith,2.54763E+11,,,,
6096,Eve Johnson,2.54799E+11,,,,
6095,John Jones,2.54714E+11,,,,
6094,Jane Johnson,2.54715E+11,,,,
6093,Eve Jones,2.54714E+11,,,,
6092,Jane Garcia,2.54777E+11,,,,
6091,John Miller,2.54761E+11,,,,
6090,Diana Rodriguez,2.54783E+11,,,,
6089,Carlos Davis,2.54761E+11,,,,
6088,Alice Rodriguez,2.54716E+11,,,,
6087,Diana Martinez,2.54754E+11,,,,
6086,Frank Miller,2.54782E+11,,,,
6085,Eve Garcia,2.5474E+11,,,,
6084,Alice Brown,2.54728E+11,,,,
6083,Diana Brown,2.54796E+11,,,,
6082,Grace Rodriguez,2.5472E+11,,,,
6081,Eve Miller,2.54774E+11,,,,
6080,Henry Rodriguez,2.5474E+11,,,,
6079,Alice Smith,2.54752E+11,,,,
6078,Eve Smith,2.54716E+11,,,,
6077,Henry Rodriguez,2.54769E+11,,,,
6076,Diana Williams,2.54751E+11,,,,
6075,Henry Garcia,2.54793E+11,,,,
6074,Grace Jones,2.54725E+11,,,,
6073,Henry Rodriguez,2.54746E+11,,,,
6072,Eve Martinez,2.54753E+11,,,,
6071,Bob Davis,2.54791E+11,,,,
6070,Frank Brown,2.54743E+11,,,,
6069,Frank Smith,2.54742E+11,,,,
6068,John Garcia,2.54761E+11,,,,
6067,Alice Williams,2.54734E+11,,,,
6066,Carlos Johnson,2.54758E+11,,,,
6065,Bob Miller,2.54735E+11,,,,
6064,Henry Martinez,2.54781E+11,,,,
6063,Henry Johnson,2.54789E+11,,,,
6062,Bob Jones,2.54727E+11,,,,
6061,Frank Davis,2.54778E+11,,,,
6060,John Miller,2.54794E+11,,,,
6059,Jane Brown,2.54773E+11,,,,
6058,Eve Williams,2.54753E+11,,,,
6057,Eve Martinez,2.54779E+11,,,,
6056,Alice Jones,2.54767E+11,,,,
6055,Grace Garcia,2.54718E+11,,,,
6054,Carlos Brown,2.5475E+11,,,,
6053,John Miller,2.54775E+11,,,,
6052,Frank Johnson,2.54778E+11,,,,
6051,Carlos Miller,2.54739E+11,,,,
6050,Grace Johnson,2.54753E+11,,,,
6049,Grace Jones,2.54758E+11,,,,
6048,John Garcia,2.54796E+11,,,,
6047,John Miller,2.54746E+11,,,,
6046,Jane Smith,2.54713E+11,,,,
6045,Jane Smith,2.54721E+11,,,,
6044,Alice Miller,2.54763E+11,,,,
6043,Alice Davis,2.5472E+11,,,,
6042,Carlos Smith,2.54772E+11,,,,
6041,Eve Miller,2.54713E+11,,,,
6040,Carlos Johnson,2.5478E+11,,,,
6039,Frank Johnson,2.54737E+11,,,,
6038,Jane Jones,2.54736E+11,,,,
6037,Eve Johnson,2.54742E+11,,,,
6036,Henry Johnson,2.54781E+11,,,,
6035,Alice Miller,2.5475E+11,,,,
6034,Grace Garcia,2.54755E+11,,,,
6033,Grace Garcia,2.54796E+11,,,,
6032,Frank Jones,2.54771E+11,,,,
6031,Jane Martinez,2.54749E+11,,,,
6030,Frank Martinez,2.54754E+11,,,,
6029,Bob Williams,2.54784E+11,,,,
6028,John Brown,2.54717E+11,,,,
6027,Grace Smith,2.54764E+11,,,,
6026,Alice Williams,2.54798E+11,,,,
6025,Eve Davis,2.5478E+11,,,,
6024,Jane Miller,2.54741E+11,,,,
6023,Eve Davis,2.54715E+11,,,,
6022,Eve Garcia,2.54745E+11,,,,
6021,Alice Davis,2.54749E+11,,,,
6020,Eve Miller,2.54796E+11,,,,
6019,Carlos Martinez,2.5473E+11,,,,
6018,Diana Martinez,2.54747E+11,,,,
6017,Jane Rodriguez,2.54733E+11,,,,
6016,Henry Brown,2.54714E+11,,,,
6015,Frank Johnson,2.54764E+11,,,,
6014,Grace Williams,2.54771E+11,,,,
6013,Grace Williams,2.54721E+11,,,,
6012,John Smith,2.54737E+11,,,,
6011,John Rodriguez,2.54787E+11,,,,
6010,Jane Brown,2.5478E+11,,,,
6009,Jane Rodriguez,2.5479E+11,,,,
6008,John Brown,2.54717E+11,,,,
6007,Eve Williams,2.5472E+11,,,,
6006,Grace Johnson,2.54754E+11,,,,
6005,John Johnson,2.54742E+11,,,,
6004,Diana Davis,2.5478E+11,,,,
6003,Bob Williams,2.54751E+11,,,,
6002,Diana Williams,2.54734E+11,,,,
6001,Frank Johnson,2.54749E+11,,,,
6000,Alice Garcia,2.54744E+11,,,,
5999,Diana Williams,2.54782E+11,,,,
5998,Jane Brown,2.54795E+11,,,,
5997,Diana Martinez,2.54763E+11,,,,
5996,Diana Williams,2.54746E+11,,,,
5995,Eve Smith,2.54786E+11,,,,
5994,Carlos Brown,2.54779E+11,,,,
5993,Frank Johnson,2.5475E+11,,,,
5992,Diana Rodriguez,2.54794E+11,,,,
5991,Eve Rodriguez,2.54754E+11,,,,
5990,Alice Miller,2.54764E+11,,,,
5989,Jane Miller,2.54782E+11,,,,
5988,Bob Martinez,2.54712E+11,,,,
5987,Grace Smith,2.54732E+11,,,,
5986,Diana Rodriguez,2.54744E+11,,,,
5985,Diana Brown,2.54775E+11,,,,
5984,Jane Davis,2.54736E+11,,,,
5983,Eve Jones,2.54724E+11,,,,
5982,Frank Johnson,2.54795E+11,,,,
5981,Henry Miller,2.548E+11,,,,
5980,Diana Smith,2.54782E+11,,,,
5979,Carlos Martinez,2.54779E+11,,,,
5978,Alice Jones,2.54791E+11,,,,
5977,Alice Martinez,2.54784E+11,,,,
5976,Diana Brown,2.5472E+11,,,,
5975,Grace Miller,2.54749E+11,,,,
5974,Jane Williams,2.54795E+11,,,,
5973,Diana Johnson,2.54772E+11,,,,
5972,Bob Jones,2.54775E+11,,,,
5971,Carlos Brown,2.54791E+11,,,,
5970,Frank Rodriguez,2.54738E+11,,,,
5969,Bob Brown,2.54762E+11,,,,
5968,Frank Johnson,2.54765E+11,,,,
5967,Jane Brown,2.54716E+11,,,,
5966,Bob Brown,2.54757E+11,,,,
5965,Grace Rodriguez,2.54746E+11,,,,
5964,Eve Williams,2.54722E+11,,,,
5963,Frank Martinez,2.54715E+11,,,,
5962,Diana Williams,2.5474E+11,,,,
5961,John Williams,2.54764E+11,,,,
5960,Bob Miller,2.54719E+11,,,,
5959,Diana Brown,2.54752E+11,,,,
5958,Bob Williams,2.54713E+11,,,,
5957,Bob Smith,2.54726E+11,,,,
5956,Bob Brown,2.54725E+11,,,,
5955,Henry Rodriguez,2.548E+11,,,,
5954,John Garcia,2.54788E+11,,,,
5953,Carlos Johnson,2.54778E+11,,,,
5952,Jane Davis,2.54749E+11,,,,
5951,Grace Rodriguez,2.54725E+11,,,,
5950,Eve Miller,2.54782E+11,,,,
5949,Alice Smith,2.54718E+11,,,,
5948,Eve Martinez,2.54738E+11,,,,
5947,Bob Miller,2.54747E+11,,,,
5946,Diana Miller,2.54757E+11,,,,
5945,Henry Brown,2.5477E+11,,,,
5944,Grace Brown,2.54763E+11,,,,
5943,Grace Miller,2.54742E+11,,,,
5942,Frank Johnson,2.54765E+11,,,,
5941,Alice Brown,2.54772E+11,,,,
5940,John Garcia,2.54788E+11,,,,
5939,Carlos Brown,2.54742E+11,,,,
5938,Frank Smith,2.54719E+11,,,,
5937,Alice Smith,2.5473E+11,,,,
5936,Grace Smith,2.54719E+11,,,,
5935,Alice Martinez,2.54741E+11,,,,
5934,Jane Martinez,2.54725E+11,,,,
5933,Grace Garcia,2.54764E+11,,,,
5932,Henry Martinez,2.54753E+11,,,,
5931,Diana Smith,2.54782E+11,,,,
5930,Grace Miller,2.54722E+11,,,,
5929,Carlos Garcia,2.54719E+11,,,,
5928,Jane Rodriguez,2.54761E+11,,,,
5927,Alice Smith,2.54719E+11,,,,
5926,Grace Johnson,2.5477E+11,,,,
5925,Eve Smith,2.54791E+11,,,,
5924,Carlos Jones,2.54765E+11,,,,
5923,Diana Williams,2.54716E+11,,,,
5922,Eve Davis,2.54739E+11,,,,
5921,John Williams,2.5473E+11,,,,
5920,Diana Smith,2.54727E+11,,,,
5919,Frank Martinez,2.54775E+11,,,,
5918,Carlos Davis,2.54731E+11,,,,
5917,Carlos Johnson,2.54776E+11,,,,
5916,Eve Johnson,2.54714E+11,,,,
5915,Eve Johnson,2.54746E+11,,,,
5914,Grace Jones,2.5472E+11,,,,
5913,Jane Johnson,2.54734E+11,,,,
5912,Diana Jones,2.54731E+11,,,,
5911,Jane Jones,2.54797E+11,,,,
5910,Grace Brown,2.54751E+11,,,,
5909,John Brown,2.54775E+11,,,,
5908,Eve Miller,2.54748E+11,,,,
5907,Jane Garcia,2.54749E+11,,,,
5906,Diana Martinez,2.54719E+11,,,,
5905,Bob Smith,2.5473E+11,,,,
5904,Frank Johnson,2.54759E+11,,,,
5903,Diana Williams,2.54774E+11,,,,
5902,Eve Garcia,2.54789E+11,,,,
5901,Jane Williams,2.54758E+11,,,,
5900,Carlos Brown,2.5477E+11,,,,
5899,Eve Garcia,2.54771E+11,,,,
5898,Alice Rodriguez,2.54767E+11,,,,
5897,Carlos Miller,2.5478E+11,,,,
5896,Diana Garcia,2.54715E+11,,,,
5895,Grace Rodriguez,2.54753E+11,,,,
5894,Henry Smith,2.54753E+11,,,,
5893,Diana Miller,2.54739E+11,,,,
5892,Grace Johnson,2.54761E+11,,,,
5891,Jane Jones,2.54714E+11,,,,
5890,Grace Rodriguez,2.54731E+11,,,,
5889,Frank Rodriguez,2.54795E+11,,,,
5888,Eve Smith,2.54734E+11,,,,
5887,Grace Martinez,2.54793E+11,,,,
5886,Frank Rodriguez,2.54729E+11,,,,
5885,Bob Rodriguez,2.54736E+11,,,,
5884,Bob Miller,2.54731E+11,,,,
5883,John Jones,2.54739E+11,,,,
5882,John Garcia,2.54723E+11,,,,
5881,Grace Smith,2.54753E+11,,,,
5880,Carlos Rodriguez,2.54778E+11,,,,
5879,Carlos Smith,2.54744E+11,,,,
5878,Alice Williams,2.54752E+11,,,,
5877,Grace Rodriguez,2.54721E+11,,,,
5876,Eve Williams,2.54764E+11,,,,
5875,Grace Johnson,2.54774E+11,,,,
5874,Jane Rodriguez,2.54781E+11,,,,
5873,Eve Smith,2.54746E+11,,,,
5872,Alice Johnson,2.54771E+11,,,,
5871,Henry Garcia,2.54734E+11,,,,
5870,Carlos Rodriguez,2.54764E+11,,,,
5869,Eve Brown,2.54759E+11,,,,
5868,John Davis,2.54792E+11,,,,
5867,Alice Brown,2.54736E+11,,,,
5866,Bob Williams,2.54738E+11,,,,
5865,Henry Garcia,2.54754E+11,,,,
5864,Diana Brown,2.54736E+11,,,,
5863,John Garcia,2.54772E+11,,,,
5862,Frank Jones,2.54748E+11,,,,
5861,Bob Smith,2.5478E+11,,,,
5860,Henry Martinez,2.54735E+11,,,,
5859,Diana Garcia,2.54757E+11,,,,
5858,Henry Smith,2.54715E+11,,,,
5857,Grace Davis,2.54781E+11,,,,
5856,Henry Davis,2.54745E+11,,,,
5855,Alice Williams,2.54788E+11,,,,
5854,Grace Davis,2.54771E+11,,,,
5853,John Rodriguez,2.54718E+11,,,,
5852,Carlos Miller,2.54719E+11,,,,
5851,Eve Williams,2.5478E+11,,,,
5850,Henry Davis,2.54717E+11,,,,
5849,Jane Miller,2.54723E+11,,,,
5848,Henry Brown,2.54789E+11,,,,
5847,Grace Garcia,2.5477E+11,,,,
5846,John Johnson,2.54763E+11,,,,
5845,Grace Brown,2.5473E+11,,,,
5844,Grace Davis,2.54766E+11,,,,
5843,Frank Martinez,2.54782E+11,,,,
5842,Bob Rodriguez,2.54765E+11,,,,
5841,Carlos Miller,2.54765E+11,,,,
5840,Carlos Brown,2.5473E+11,,,,
5839,Eve Jones,2.54719E+11,,,,
5838,Diana Williams,2.54739E+11,,,,
5837,John Garcia,2.54797E+11,,,,
5836,Eve Martinez,2.54749E+11,,,,
5835,Diana Brown,2.5473E+11,,,,
5834,Alice Williams,2.54766E+11,,,,
5833,Bob Williams,2.54715E+11,,,,
5832,Carlos Johnson,2.54798E+11,,,,
5831,John Garcia,2.54784E+11,,,,
5830,Jane Martinez,2.54753E+11,,,,
5829,Eve Davis,2.54766E+11,,,,
5828,Frank Williams,2.54794E+11,,,,
5827,Grace Brown,2.54719E+11,,,,
5826,Frank Johnson,2.54734E+11,,,,
5825,Alice Martinez,2.54763E+11,,,,
5824,Alice Johnson,2.54735E+11,,,,
5823,Grace Smith,2.54766E+11,,,,
5822,Alice Rodriguez,2.54767E+11,,,,
5821,Henry Jones,2.54754E+11,,,,
5820,Henry Johnson,2.54785E+11,,,,
5819,Carlos Smith,2.54741E+11,,,,
5818,Eve Davis,2.54745E+11,,,,
5817,Carlos Rodriguez,2.54718E+11,,,,
5816,Carlos Rodriguez,2.54739E+11,,,,
5815,Henry Davis,2.54794E+11,,,,
5814,Bob Johnson,2.54783E+11,,,,
5813,Frank Smith,2.54745E+11,,,,
5812,Frank Rodriguez,2.54774E+11,,,,
5811,Jane Smith,2.54734E+11,,,,
5810,Eve Rodriguez,2.54716E+11,,,,
5809,Frank Davis,2.54773E+11,,,,
5808,John Williams,2.5479E+11,,,,
5807,Eve Jones,2.54738E+11,,,,
5806,Diana Rodriguez,2.54799E+11,,,,
5805,Frank Martinez,2.54725E+11,,,,
5804,Henry Martinez,2.54751E+11,,,,
5803,Henry Miller,2.54717E+11,,,,
5802,Carlos Miller,2.54715E+11,,,,
5801,Diana Martinez,2.54741E+11,,,,
5800,Eve Garcia,2.54787E+11,,,,
5799,Frank Williams,2.54799E+11,,,,
5798,Eve Miller,2.54764E+11,,,,
5797,Henry Garcia,2.54727E+11,,,,
5796,Frank Brown,2.54779E+11,,,,
5795,Alice Rodriguez,2.54744E+11,,,,
5794,Frank Jones,2.54739E+11,,,,
5793,Diana Johnson,2.54727E+11,,,,
5792,Alice Smith,2.54769E+11,,,,
5791,Henry Brown,2.54738E+11,,,,
5790,John Garcia,2.54712E+11,,,,
5789,Bob Johnson,2.54783E+11,,,,
5788,Bob Davis,2.54772E+11,,,,
5787,Jane Williams,2.54767E+11,,,,
5786,Carlos Martinez,2.5476E+11,,,,
5785,Diana Williams,2.54726E+11,,,,
5784,Grace Rodriguez,2.54782E+11,,,,
5783,John Davis,2.54734E+11,,,,
5782,Grace Johnson,2.54718E+11,,,,
5781,Eve Jones,2.54795E+11,,,,
5780,Henry Garcia,2.54718E+11,,,,
5779,John Miller,2.54776E+11,,,,
5778,Bob Rodriguez,2.54764E+11,,,,
5777,Grace Jones,2.54756E+11,,,,
5776,John Smith,2.54746E+11,,,,
5775,Henry Brown,2.548E+11,,,,
5774,Jane Rodriguez,2.54763E+11,,,,
5773,Alice Jones,2.54752E+11,,,,
5772,Bob Davis,2.54727E+11,,,,
5771,Bob Martinez,2.5475E+11,,,,
5770,Carlos Rodriguez,2.54716E+11,,,,
5769,Henry Miller,2.54727E+11,,,,
5768,Bob Garcia,2.54766E+11,,,,
5767,Frank Miller,2.54734E+11,,,,
5766,Frank Smith,2.54779E+11,,,,
5765,Bob Brown,2.54784E+11,,,,
5764,Carlos Smith,2.54799E+11,,,,
5763,Frank Martinez,2.54794E+11,,,,
5762,Bob Martinez,2.54774E+11,,,,
5761,Carlos Davis,2.54748E+11,,,,
5760,Alice Rodriguez,2.54731E+11,,,,
5759,Alice Jones,2.54711E+11,,,,
5758,Grace Jones,2.54784E+11,,,,
5757,Grace Rodriguez,2.54748E+11,,,,
5756,Henry Rodriguez,2.54787E+11,,,,
5755,Grace Garcia,2.54731E+11,,,,
5754,Grace Johnson,2.54712E+11,,,,
5753,Henry Johnson,2.54731E+11,,,,
5752,Diana Johnson,2.54714E+11,,,,
5751,Jane Johnson,2.54779E+11,,,,
5750,Eve Jones,2.54746E+11,,,,
5749,Carlos Martinez,2.54731E+11,,,,
5748,Frank Jones,2.54798E+11,,,,
5747,Bob Brown,2.54781E+11,,,,
5746,Grace Rodriguez,2.54773E+11,,,,
5745,John Williams,2.5479E+11,,,,
5744,Frank Smith,2.54753E+11,,,,
5743,Bob Rodriguez,2.54731E+11,,,,
5742,Bob Garcia,2.54718E+11,,,,
5741,Bob Rodriguez,2.5473E+11,,,,
5740,Frank Davis,2.54787E+11,,,,
5739,Carlos Jones,2.54793E+11,,,,
5738,Eve Garcia,2.54721E+11,,,,
5737,Diana Martinez,2.54749E+11,,,,
5736,Eve Rodriguez,2.54711E+11,,,,
5735,Jane Brown,2.54779E+11,,,,
5734,Carlos Martinez,2.54796E+11,,,,
5733,Eve Martinez,2.54788E+11,,,,
5732,Diana Smith,2.54784E+11,,,,
5731,Diana Brown,2.54743E+11,,,,
5730,Jane Garcia,2.54789E+11,,,,
5729,Grace Johnson,2.54724E+11,,,,
5728,Carlos Davis,2.54775E+11,,,,
5727,Henry Martinez,2.54784E+11,,,,
5726,Frank Garcia,2.5471E+11,,,,
5725,Carlos Johnson,2.54769E+11,,,,
5724,Jane Williams,2.54761E+11,,,,
5723,Diana Johnson,2.54776E+11,,,,
5722,Alice Jones,2.54735E+11,,,,
5721,Henry Martinez,2.54721E+11,,,,
5720,Grace Miller,2.54778E+11,,,,
5719,Diana Brown,2.54757E+11,,,,
5718,Grace Williams,2.54773E+11,,,,
5717,Bob Williams,2.54765E+11,,,,
5716,Henry Johnson,2.54762E+11,,,,
5715,Jane Miller,2.54711E+11,,,,
5714,John Garcia,2.54783E+11,,,,
5713,Eve Johnson,2.54771E+11,,,,
5712,Frank Johnson,2.54784E+11,,,,
5711,Diana Martinez,2.54722E+11,,,,
5710,Frank Rodriguez,2.5475E+11,,,,
5709,Diana Miller,2.54779E+11,,,,
5708,Henry Smith,2.5477E+11,,,,
5707,Eve Brown,2.54719E+11,,,,
5706,Henry Martinez,2.54772E+11,,,,
5705,Carlos Johnson,2.54793E+11,,,,
5704,Frank Garcia,2.54776E+11,,,,
5703,Frank Brown,2.54761E+11,,,,
5702,Eve Rodriguez,2.54721E+11,,,,
5701,Carlos Williams,2.5477E+11,,,,
5700,Henry Garcia,2.54755E+11,,,,
5699,Eve Jones,2.54735E+11,,,,
5698,Carlos Johnson,2.54738E+11,,,,
5697,John Rodriguez,2.54729E+11,,,,
5696,Bob Garcia,2.54788E+11,,,,
5695,Alice Smith,2.54785E+11,,,,
5694,Grace Johnson,2.54758E+11,,,,
5693,Eve Miller,2.54787E+11,,,,
5692,Eve Smith,2.54714E+11,,,,
5691,Henry Johnson,2.54775E+11,,,,
5690,Frank Rodriguez,2.54781E+11,,,,
5689,Carlos Williams,2.54771E+11,,,,
5688,Henry Miller,2.5477E+11,,,,
5687,Diana Miller,2.54767E+11,,,,
5686,Bob Miller,2.54797E+11,,,,
5685,Henry Johnson,2.54748E+11,,,,
5684,Frank Jones,2.54721E+11,,,,
5683,Alice Davis,2.5471E+11,,,,
5682,Diana Smith,2.54748E+11,,,,
5681,Diana Davis,2.54775E+11,,,,
5680,John Johnson,2.54726E+11,,,,
5679,Frank Garcia,2.54781E+11,,,,
5678,Eve Davis,2.54768E+11,,,,
5677,Grace Martinez,2.54751E+11,,,,
5676,Jane Johnson,2.54787E+11,,,,
5675,Grace Davis,2.54761E+11,,,,
5674,Diana Martinez,2.54732E+11,,,,
5673,Diana Miller,2.54755E+11,,,,
5672,Bob Jones,2.54756E+11,,,,
5671,Henry Rodriguez,2.54778E+11,,,,
5670,Eve Smith,2.54731E+11,,,,
5669,Alice Brown,2.54761E+11,,,,
5668,Eve Jones,2.54729E+11,,,,
5667,Jane Jones,2.54733E+11,,,,
5666,Grace Brown,2.54752E+11,,,,
5665,Diana Martinez,2.54749E+11,,,,
5664,Alice Williams,2.54742E+11,,,,
5663,Grace Rodriguez,2.54723E+11,,,,
5662,Alice Martinez,2.54745E+11,,,,
5661,Diana Williams,2.54743E+11,,,,
5660,Frank Martinez,2.54755E+11,,,,
5659,Bob Martinez,2.54783E+11,,,,
5658,Bob Martinez,2.54711E+11,,,,
5657,Jane Martinez,2.54776E+11,,,,
5656,Bob Rodriguez,2.54754E+11,,,,
5655,Frank Martinez,2.54727E+11,,,,
5654,Eve Garcia,2.54726E+11,,,,
5653,Henry Miller,2.5471E+11,,,,
5652,Henry Davis,2.54784E+11,,,,
5651,Frank Miller,2.54742E+11,,,,
5650,Grace Jones,2.548E+11,,,,
5649,Diana Brown,2.54787E+11,,,,
5648,Carlos Rodriguez,2.54732E+11,,,,
5647,Jane Jones,2.54736E+11,,,,
5646,Alice Davis,2.54767E+11,,,,
5645,Grace Smith,2.54766E+11,,,,
5644,Grace Miller,2.54767E+11,,,,
5643,Alice Johnson,2.54792E+11,,,,
5642,Bob Jones,2.54733E+11,,,,
5641,Henry Brown,2.5471E+11,,,,
5640,Jane Martinez,2.54715E+11,,,,
5639,Grace Garcia,2.5475E+11,,,,
5638,Eve Martinez,2.54735E+11,,,,
5637,Jane Williams,2.54792E+11,,,,
5636,Carlos Rodriguez,2.54728E+11,,,,
5635,Bob Smith,2.5479E+11,,,,
5634,Bob Jones,2.54784E+11,,,,
5633,Carlos Jones,2.54772E+11,,,,
5632,Henry Jones,2.54794E+11,,,,
5631,Carlos Martinez,2.54786E+11,,,,
5630,Grace Davis,2.54757E+11,,,,
5629,Frank Johnson,2.54758E+11,,,,
5628,Eve Jones,2.54724E+11,,,,
5627,Bob Jones,2.54762E+11,,,,
5626,Jane Davis,2.54748E+11,,,,
5625,Jane Smith,2.54724E+11,,,,
5624,Carlos Smith,2.54795E+11,,,,
5623,Carlos Brown,2.54736E+11,,,,
5622,Eve Garcia,2.54735E+11,,,,
5621,John Garcia,2.54773E+11,,,,
5620,Diana Brown,2.54791E+11,,,,
5619,Frank Miller,2.5477E+11,,,,
5618,Alice Garcia,2.5471E+11,,,,
5617,Diana Johnson,2.54793E+11,,,,
5616,Jane Rodriguez,2.54778E+11,,,,
5615,Jane Johnson,2.54774E+11,,,,
5614,Bob Jones,2.54746E+11,,,,
5613,Diana Williams,2.54766E+11,,,,
5612,Jane Miller,2.54729E+11,,,,
5611,Eve Miller,2.54777E+11,,,,
5610,Jane Brown,2.54727E+11,,,,
5609,Alice Jones,2.54736E+11,,,,
5608,Carlos Martinez,2.54719E+11,,,,
5607,Henry Williams,2.54775E+11,,,,
5606,Alice Smith,2.54728E+11,,,,
5605,Grace Smith,2.54714E+11,,,,
5604,Carlos Jones,2.54771E+11,,,,
5603,Grace Brown,2.5478E+11,,,,
5602,Carlos Miller,2.54786E+11,,,,
5601,Bob Miller,2.54782E+11,,,,
5600,Grace Smith,2.54737E+11,,,,
5599,John Williams,2.54713E+11,,,,
5598,John Rodriguez,2.54792E+11,,,,
5597,Jane Miller,2.54773E+11,,,,
5596,John Williams,2.5473E+11,,,,
5595,Alice Smith,2.54766E+11,,,,
5594,Alice Jones,2.54755E+11,,,,
5593,John Miller,2.54779E+11,,,,
5592,Jane Johnson,2.54777E+11,,,,
5591,Frank Williams,2.54711E+11,,,,
5590,Grace Davis,2.54734E+11,,,,
5589,John Garcia,2.54787E+11,,,,
5588,Bob Davis,2.54762E+11,,,,
5587,Frank Miller,2.54758E+11,,,,
5586,Alice Williams,2.54792E+11,,,,
5585,Jane Williams,2.5478E+11,,,,
5584,Henry Johnson,2.54747E+11,,,,
5583,Eve Martinez,2.54726E+11,,,,
5582,Henry Martinez,2.54792E+11,,,,
5581,Frank Miller,2.54781E+11,,,,
5580,Henry Martinez,2.54784E+11,,,,
5579,Bob Brown,2.54769E+11,,,,
5578,Diana Brown,2.54757E+11,,,,
5577,Henry Johnson,2.54727E+11,,,,
5576,Jane Smith,2.54741E+11,,,,
5575,Diana Garcia,2.54771E+11,,,,
5574,Carlos Smith,2.54798E+11,,,,
5573,Bob Rodriguez,2.54737E+11,,,,
5572,Grace Miller,2.54788E+11,,,,
5571,Henry Smith,2.54756E+11,,,,
5570,Eve Davis,2.548E+11,,,,
5569,Henry Miller,2.54765E+11,,,,
5568,Frank Davis,2.54727E+11,,,,
5567,Eve Martinez,2.54782E+11,,,,
5566,Jane Miller,2.54757E+11,,,,
5565,Bob Smith,2.54728E+11,,,,
5564,Eve Martinez,2.54793E+11,,,,
5563,Jane Davis,2.54759E+11,,,,
5562,Jane Brown,2.54773E+11,,,,
5561,Bob Davis,2.54748E+11,,,,
5560,Jane Jones,2.54766E+11,,,,
5559,Grace Johnson,2.54752E+11,,,,
5558,Frank Williams,2.54718E+11,,,,
5557,Henry Brown,2.54783E+11,,,,
5556,Carlos Williams,2.54716E+11,,,,
5555,Grace Jones,2.54759E+11,,,,
5554,Henry Smith,2.54726E+11,,,,
5553,John Smith,2.54734E+11,,,,
5552,Bob Martinez,2.54795E+11,,,,
5551,Diana Garcia,2.54779E+11,,,,
5550,Diana Rodriguez,2.54721E+11,,,,
5549,Henry Martinez,2.54752E+11,,,,
5548,Bob Rodriguez,2.54771E+11,,,,
5547,Carlos Miller,2.54731E+11,,,,
5546,Alice Garcia,2.54774E+11,,,,
5545,Henry Davis,2.5476E+11,,,,
5544,John Brown,2.54758E+11,,,,
5543,Diana Martinez,2.54746E+11,,,,
5542,Frank Brown,2.54762E+11,,,,
5541,Diana Rodriguez,2.54714E+11,,,,
5540,John Davis,2.54797E+11,,,,
5539,Carlos Jones,2.54773E+11,,,,
5538,Alice Miller,2.54778E+11,,,,
5537,Eve Garcia,2.54798E+11,,,,
5536,Grace Garcia,2.54737E+11,,,,
5535,Eve Garcia,2.54731E+11,,,,
5534,Alice Jones,2.5474E+11,,,,
5533,Henry Rodriguez,2.54745E+11,,,,
5532,Eve Smith,2.54754E+11,,,,
5531,Eve Williams,2.54793E+11,,,,
5530,Frank Brown,2.54754E+11,,,,
5529,Carlos Garcia,2.54796E+11,,,,
5528,Grace Brown,2.54736E+11,,,,
5527,Jane Jones,2.54777E+11,,,,
5526,Alice Davis,2.54774E+11,,,,
5525,John Johnson,2.54792E+11,,,,
5524,Carlos Martinez,2.54764E+11,,,,
5523,John Miller,2.54736E+11,,,,
5522,Eve Davis,2.54736E+11,,,,
5521,Eve Smith,2.5473E+11,,,,
5520,John Johnson,2.54717E+11,,,,
5519,Henry Davis,2.54762E+11,,,,
5518,Diana Brown,2.54712E+11,,,,
5517,Bob Smith,2.54711E+11,,,,
5516,Jane Martinez,2.5471E+11,,,,
5515,Bob Johnson,2.54716E+11,,,,
5514,Grace Williams,2.5473E+11,,,,
5513,Eve Smith,2.54731E+11,,,,
5512,Bob Rodriguez,2.54742E+11,,,,
5511,Grace Garcia,2.5471E+11,,,,
5510,Frank Martinez,2.54798E+11,,,,
5509,Eve Jones,2.54764E+11,,,,
5508,Bob Martinez,2.5473E+11,,,,
5507,Alice Brown,2.54792E+11,,,,
5506,Bob Jones,2.54763E+11,,,,
5505,Alice Rodriguez,2.54776E+11,,,,
5504,John Smith,2.54743E+11,,,,
5503,Henry Martinez,2.54749E+11,,,,
5502,Alice Jones,2.54737E+11,,,,
5501,Alice Johnson,2.54765E+11,,,,
5500,Diana Smith,2.54721E+11,,,,
5499,Alice Rodriguez,2.54743E+11,,,,
5498,Bob Johnson,2.54741E+11,,,,
5497,Grace Brown,2.54731E+11,,,,
5496,Bob Brown,2.54751E+11,,,,
5495,Alice Rodriguez,2.54794E+11,,,,
5494,Bob Miller,2.54721E+11,,,,
5493,Frank Martinez,2.54756E+11,,,,
5492,Eve Davis,2.54744E+11,,,,
5491,Bob Smith,2.54744E+11,,,,
5490,Eve Martinez,2.54773E+11,,,,
5489,Eve Brown,2.54754E+11,,,,
5488,Jane Garcia,2.54757E+11,,,,
5487,Carlos Brown,2.54773E+11,,,,
5486,John Martinez,2.5476E+11,,,,
5485,Alice Smith,2.54777E+11,,,,
5484,Frank Johnson,2.5471E+11,,,,
5483,Eve Johnson,2.54779E+11,,,,
5482,Jane Garcia,2.54759E+11,,,,
5481,Alice Johnson,2.54715E+11,,,,
5480,Frank Smith,2.54759E+11,,,,
5479,Diana Martinez,2.5476E+11,,,,
5478,Frank Davis,2.54723E+11,,,,
5477,Alice Martinez,2.54738E+11,,,,
5476,John Garcia,2.54785E+11,,,,
5475,Henry Garcia,2.54778E+11,,,,
5474,Carlos Martinez,2.54796E+11,,,,
5473,Frank Rodriguez,2.54775E+11,,,,
5472,Jane Davis,2.5472E+11,,,,
5471,Carlos Johnson,2.54755E+11,,,,
5470,Jane Brown,2.54746E+11,,,,
5469,Grace Jones,2.54729E+11,,,,
5468,Eve Rodriguez,2.54714E+11,,,,
5467,Henry Miller,2.54751E+11,,,,
5466,Grace Miller,2.54776E+11,,,,
5465,Bob Johnson,2.54716E+11,,,,
5464,Jane Smith,2.54787E+11,,,,
5463,Carlos Johnson,2.54722E+11,,,,
5462,John Martinez,2.54735E+11,,,,
5461,John Miller,2.54794E+11,,,,
5460,John Jones,2.54767E+11,,,,
5459,John Williams,2.54744E+11,,,,
5458,Grace Brown,2.5479E+11,,,,
5457,Bob Johnson,2.54793E+11,,,,
5456,Eve Jones,2.54799E+11,,,,
5455,Frank Martinez,2.5473E+11,,,,
5454,Alice Jones,2.54774E+11,,,,
5453,Henry Davis,2.54713E+11,,,,
5452,Henry Brown,2.54792E+11,,,,
5451,Carlos Davis,2.54792E+11,,,,
5450,Frank Martinez,2.54721E+11,,,,
5449,Alice Brown,2.54789E+11,,,,
5448,Diana Williams,2.54785E+11,,,,
5447,Eve Williams,2.54725E+11,,,,
5446,Henry Williams,2.54713E+11,,,,
5445,Diana Williams,2.54759E+11,,,,
5444,John Johnson,2.54713E+11,,,,
5443,Eve Smith,2.54784E+11,,,,
5442,Eve Garcia,2.5474E+11,,,,
5441,Alice Brown,2.54782E+11,,,,
5440,Jane Smith,2.54732E+11,,,,
5439,Jane Williams,2.54756E+11,,,,
5438,Carlos Williams,2.54764E+11,,,,
5437,Eve Rodriguez,2.54757E+11,,,,
5436,Diana Davis,2.54754E+11,,,,
5435,Diana Smith,2.54782E+11,,,,
5434,Bob Martinez,2.54722E+11,,,,
5433,Eve Jones,2.54739E+11,,,,
5432,Alice Jones,2.54727E+11,,,,
5431,John Martinez,2.54749E+11,,,,
5430,Jane Davis,2.54724E+11,,,,
5429,Diana Smith,2.54759E+11,,,,
5428,Carlos Williams,2.54762E+11,,,,
5427,Henry Miller,2.54792E+11,,,,
5426,John Smith,2.54739E+11,,,,
5425,Bob Williams,2.54741E+11,,,,
5424,Henry Jones,2.54729E+11,,,,
5423,Diana Garcia,2.54733E+11,,,,
5422,John Smith,2.5475E+11,,,,
5421,Henry Jones,2.54729E+11,,,,
5420,Jane Johnson,2.54794E+11,,,,
5419,Eve Jones,2.54718E+11,,,,
5418,Grace Jones,2.5475E+11,,,,
5417,Bob Garcia,2.54758E+11,,,,
5416,Alice Brown,2.54792E+11,,,,
5415,Bob Miller,2.54794E+11,,,,
5414,Grace Smith,2.54767E+11,,,,
5413,Eve Rodriguez,2.54765E+11,,,,
5412,Grace Jones,2.54712E+11,,,,
5411,Grace Jones,2.54773E+11,,,,
5410,Jane Johnson,2.54727E+11,,,,
5409,Diana Brown,2.54782E+11,,,,
5408,Frank Miller,2.54753E+11,,,,
5407,Diana Jones,2.54762E+11,,,,
5406,Jane Williams,2.54788E+11,,,,
5405,Alice Smith,2.5479E+11,,,,
5404,Jane Johnson,2.54769E+11,,,,
5403,Jane Miller,2.54798E+11,,,,
5402,Henry Rodriguez,2.54799E+11,,,,
5401,Carlos Martinez,2.54786E+11,,,,
5400,Alice Jones,2.54728E+11,,,,
5399,Bob Jones,2.54794E+11,,,,
5398,Alice Williams,2.54774E+11,,,,
5397,Carlos Williams,2.5477E+11,,,,
5396,Eve Smith,2.54748E+11,,,,
5395,Diana Garcia,2.54759E+11,,,,
5394,Carlos Rodriguez,2.54752E+11,,,,
5393,Henry Miller,2.54766E+11,,,,
5392,Frank Jones,2.54791E+11,,,,
5391,Jane Garcia,2.54789E+11,,,,
5390,Eve Miller,2.54776E+11,,,,
5389,John Brown,2.54765E+11,,,,
5388,Frank Williams,2.54737E+11,,,,
5387,Henry Rodriguez,2.54792E+11,,,,
5386,Bob Rodriguez,2.54797E+11,,,,
5385,Bob Davis,2.54788E+11,,,,
5384,John Brown,2.54756E+11,,,,
5383,Carlos Brown,2.54794E+11,,,,
5382,Eve Rodriguez,2.54791E+11,,,,
5381,Frank Davis,2.54789E+11,,,,
5380,Grace Williams,2.54714E+11,,,,
5379,Frank Garcia,2.548E+11,,,,
5378,Bob Miller,2.54799E+11,,,,
5377,Carlos Johnson,2.54761E+11,,,,
5376,Eve Johnson,2.54759E+11,,,,
5375,Jane Davis,2.5478E+11,,,,
5374,Carlos Martinez,2.54725E+11,,,,
5373,Alice Jones,2.5477E+11,,,,
5372,John Johnson,2.54779E+11,,,,
5371,Jane Martinez,2.54764E+11,,,,
5370,Diana Martinez,2.54781E+11,,,,
5369,Alice Rodriguez,2.54752E+11,,,,
5368,Eve Garcia,2.54762E+11,,,,
5367,Bob Garcia,2.54774E+11,,,,
5366,John Davis,2.54793E+11,,,,
5365,Carlos Williams,2.5477E+11,,,,
5364,Frank Johnson,2.54746E+11,,,,
5363,Carlos Rodriguez,2.5479E+11,,,,
5362,Bob Johnson,2.54782E+11,,,,
5361,Bob Martinez,2.54763E+11,,,,
5360,Diana Garcia,2.5478E+11,,,,
5359,Grace Johnson,2.54726E+11,,,,
5358,Frank Williams,2.54758E+11,,,,
5357,Jane Smith,2.54764E+11,,,,
5356,Frank Brown,2.5473E+11,,,,
5355,Bob Williams,2.54797E+11,,,,
5354,Bob Brown,2.54724E+11,,,,
5353,Carlos Smith,2.54776E+11,,,,
5352,John Rodriguez,2.54743E+11,,,,
5351,Eve Miller,2.54735E+11,,,,
5350,Bob Miller,2.54782E+11,,,,
5349,John Rodriguez,2.54772E+11,,,,
5348,Diana Brown,2.54736E+11,,,,
5347,Frank Martinez,2.54737E+11,,,,
5346,Jane Johnson,2.54729E+11,,,,
5345,Carlos Martinez,2.54795E+11,,,,
5344,Eve Jones,2.54725E+11,,,,
5343,Grace Miller,2.5473E+11,,,,
5342,Frank Martinez,2.54752E+11,,,,
5341,Jane Williams,2.54727E+11,,,,
5340,John Brown,2.54715E+11,,,,
5339,Eve Davis,2.54731E+11,,,,
5338,John Johnson,2.548E+11,,,,
5337,Frank Garcia,2.54713E+11,,,,
5336,John Miller,2.54716E+11,,,,
5335,Henry Brown,2.54789E+11,,,,
5334,Eve Smith,2.54778E+11,,,,
5333,Alice Davis,2.54788E+11,,,,
5332,John Brown,2.54776E+11,,,,
5331,Jane Smith,2.54759E+11,,,,
5330,Grace Smith,2.5478E+11,,,,
5329,Jane Johnson,2.54718E+11,,,,
5328,Jane Johnson,2.5476E+11,,,,
5327,Jane Davis,2.54735E+11,,,,
5326,Eve Jones,2.54785E+11,,,,
5325,Henry Miller,2.54755E+11,,,,
5324,Frank Smith,2.54792E+11,,,,
5323,Grace Miller,2.54786E+11,,,,
5322,Henry Smith,2.54754E+11,,,,
5321,Diana Johnson,2.54797E+11,,,,
5320,Carlos Smith,2.54725E+11,,,,
5319,Alice Rodriguez,2.54714E+11,,,,
5318,Henry Johnson,2.54738E+11,,,,
5317,Carlos Rodriguez,2.54744E+11,,,,
5316,Frank Smith,2.5471E+11,,,,
5315,Alice Brown,2.54727E+11,,,,
5314,Diana Garcia,2.54738E+11,,,,
5313,John Davis,2.5478E+11,,,,
5312,Grace Williams,2.54714E+11,,,,
5311,Jane Johnson,2.54799E+11,,,,
5310,Eve Rodriguez,2.54777E+11,,,,
5309,Bob Garcia,2.54783E+11,,,,
5308,Grace Rodriguez,2.54775E+11,,,,
5307,Frank Miller,2.54755E+11,,,,
5306,Carlos Johnson,2.54717E+11,,,,
5305,Alice Smith,2.54745E+11,,,,
5304,Alice Garcia,2.54744E+11,,,,
5303,Bob Brown,2.54757E+11,,,,
5302,Alice Williams,2.54727E+11,,,,
5301,Henry Garcia,2.54766E+11,,,,
5300,Carlos Martinez,2.54766E+11,,,,
5299,Henry Johnson,2.54717E+11,,,,
5298,Frank Brown,2.54788E+11,,,,
5297,Diana Miller,2.54797E+11,,,,
5296,John Rodriguez,2.54796E+11,,,,
5295,Alice Brown,2.54732E+11,,,,
5294,Carlos Smith,2.54763E+11,,,,
5293,Carlos Martinez,2.5477E+11,,,,
5292,Frank Garcia,2.54765E+11,,,,
5291,Carlos Davis,2.54723E+11,,,,
5290,Grace Miller,2.5475E+11,,,,
5289,Eve Rodriguez,2.54747E+11,,,,
5288,John Jones,2.54769E+11,,,,
5287,Eve Jones,2.5474E+11,,,,
5286,Bob Johnson,2.54745E+11,,,,
5285,Grace Martinez,2.54736E+11,,,,
5284,Eve Davis,2.54745E+11,,,,
5283,Diana Jones,2.54735E+11,,,,
5282,Carlos Johnson,2.54779E+11,,,,
5281,Frank Garcia,2.54791E+11,,,,
5280,Bob Johnson,2.54791E+11,,,,
5279,Frank Johnson,2.54726E+11,,,,
5278,Grace Williams,2.54798E+11,,,,
5277,Bob Miller,2.54787E+11,,,,
5276,Henry Jones,2.54799E+11,,,,
5275,Eve Garcia,2.54798E+11,,,,
5274,Henry Davis,2.54756E+11,,,,
5273,Frank Davis,2.54745E+11,,,,
5272,Eve Martinez,2.5473E+11,,,,
5271,Carlos Brown,2.54777E+11,,,,
5270,Carlos Jones,2.54725E+11,,,,
5269,Jane Johnson,2.54735E+11,,,,
5268,Jane Garcia,2.54737E+11,,,,
5267,Jane Brown,2.5472E+11,,,,
5266,John Johnson,2.5476E+11,,,,
5265,Jane Miller,2.54716E+11,,,,
5264,Frank Garcia,2.54774E+11,,,,
5263,Diana Jones,2.54726E+11,,,,
5262,Carlos Brown,2.54779E+11,,,,
5261,Jane Jones,2.5475E+11,,,,
5260,Eve Jones,2.54757E+11,,,,
5259,Jane Miller,2.54751E+11,,,,
5258,Henry Miller,2.54752E+11,,,,
5257,Diana Smith,2.54792E+11,,,,
5256,Carlos Jones,2.54759E+11,,,,
5255,Henry Garcia,2.54732E+11,,,,
5254,Frank Garcia,2.54712E+11,,,,
5253,Carlos Brown,2.54779E+11,,,,
5252,Carlos Davis,2.5477E+11,,,,
5251,Grace Miller,2.54724E+11,,,,
5250,Jane Brown,2.54714E+11,,,,
5249,Diana Miller,2.54726E+11,,,,
5248,Eve Garcia,2.54752E+11,,,,
5247,Jane Brown,2.54789E+11,,,,
5246,Henry Rodriguez,2.5472E+11,,,,
5245,Carlos Brown,2.54772E+11,,,,
5244,Henry Davis,2.54718E+11,,,,
5243,Diana Martinez,2.54734E+11,,,,
5242,John Williams,2.54778E+11,,,,
5241,Frank Jones,2.54787E+11,,,,
5240,Carlos Martinez,2.54739E+11,,,,
5239,John Miller,2.54766E+11,,,,
5238,Frank Garcia,2.54771E+11,,,,
5237,Henry Martinez,2.54725E+11,,,,
5236,Frank Rodriguez,2.54799E+11,,,,
5235,Grace Garcia,2.54731E+11,,,,
5234,Bob Miller,2.54736E+11,,,,
5233,Henry Rodriguez,2.54731E+11,,,,
5232,Alice Miller,2.54757E+11,,,,
5231,Grace Jones,2.54725E+11,,,,
5230,Alice Johnson,2.54741E+11,,,,
5229,Henry Smith,2.54725E+11,,,,
5228,Alice Martinez,2.54787E+11,,,,
5227,Jane Rodriguez,2.54743E+11,,,,
5226,Bob Brown,2.54714E+11,,,,
5225,Jane Johnson,2.54739E+11,,,,
5224,Henry Brown,2.54759E+11,,,,
5223,Eve Garcia,2.54788E+11,,,,
5222,Henry Brown,2.54724E+11,,,,
5221,Frank Rodriguez,2.54724E+11,,,,
5220,Alice Garcia,2.54715E+11,,,,
5219,Jane Davis,2.54747E+11,,,,
5218,Diana Garcia,2.54764E+11,,,,
5217,Bob Davis,2.5475E+11,,,,
5216,John Johnson,2.54751E+11,,,,
5215,Eve Smith,2.54727E+11,,,,
5214,Diana Williams,2.54721E+11,,,,
5213,Jane Brown,2.54768E+11,,,,
5212,Jane Garcia,2.54731E+11,,,,
5211,Carlos Davis,2.54796E+11,,,,
5210,Bob Garcia,2.54735E+11,,,,
5209,John Garcia,2.54769E+11,,,,
5208,Alice Martinez,2.54746E+11,,,,
5207,Eve Martinez,2.54733E+11,,,,
5206,Frank Garcia,2.54772E+11,,,,
5205,Jane Johnson,2.54768E+11,,,,
5204,Jane Smith,2.5479E+11,,,,
5203,Frank Jones,2.54712E+11,,,,
5202,Grace Garcia,2.54759E+11,,,,
5201,Diana Jones,2.54737E+11,,,,
5200,Frank Martinez,2.5472E+11,,,,
5199,Henry Martinez,2.54739E+11,,,,
5198,Carlos Brown,2.54736E+11,,,,
5197,Henry Garcia,2.54727E+11,,,,
5196,Henry Johnson,2.54787E+11,,,,
5195,Diana Johnson,2.54753E+11,,,,
5194,John Garcia,2.54767E+11,,,,
5193,Henry Brown,2.54752E+11,,,,
5192,Bob Brown,2.54744E+11,,,,
5191,Frank Miller,2.54737E+11,,,,
5190,Jane Smith,2.5478E+11,,,,
5189,Eve Smith,2.54783E+11,,,,
5188,John Williams,2.54779E+11,,,,
5187,Henry Garcia,2.54767E+11,,,,
5186,Grace Williams,2.54794E+11,,,,
5185,John Davis,2.54758E+11,,,,
5184,Alice Jones,2.54762E+11,,,,
5183,John Smith,2.54729E+11,,,,
5182,Diana Williams,2.54799E+11,,,,
5181,Carlos Davis,2.54716E+11,,,,
5180,Bob Williams,2.54767E+11,,,,
5179,Frank Williams,2.54768E+11,,,,
5178,John Davis,2.5476E+11,,,,
5177,Bob Williams,2.54766E+11,,,,
5176,Bob Miller,2.54726E+11,,,,
5175,Jane Davis,2.54777E+11,,,,
5174,Jane Garcia,2.54725E+11,,,,
5173,Bob Rodriguez,2.54715E+11,,,,
5172,Grace Johnson,2.54731E+11,,,,
5171,Jane Williams,2.54717E+11,,,,
5170,Bob Garcia,2.54782E+11,,,,
5169,Diana Garcia,2.54721E+11,,,,
5168,Henry Jones,2.54728E+11,,,,
5167,Frank Smith,2.54776E+11,,,,
5166,Frank Jones,2.54761E+11,,,,
5165,Frank Smith,2.54786E+11,,,,
5164,Bob Garcia,2.54774E+11,,,,
5163,Henry Smith,2.54745E+11,,,,
5162,John Martinez,2.54774E+11,,,,
5161,Eve Jones,2.54729E+11,,,,
5160,Frank Jones,2.54779E+11,,,,
5159,Jane Rodriguez,2.54766E+11,,,,
5158,Frank Rodriguez,2.54787E+11,,,,
5157,Bob Davis,2.54715E+11,,,,
5156,Frank Jones,2.54714E+11,,,,
5155,Henry Jones,2.54748E+11,,,,
5154,Grace Jones,2.54754E+11,,,,
5153,Frank Miller,2.54737E+11,,,,
5152,Eve Rodriguez,2.5476E+11,,,,
5151,Jane Smith,2.54712E+11,,,,
5150,Frank Davis,2.5477E+11,,,,
5149,Eve Brown,2.54737E+11,,,,
5148,Eve Davis,2.54756E+11,,,,
5147,Henry Garcia,2.54793E+11,,,,
5146,John Williams,2.54714E+11,,,,
5145,Henry Williams,2.54763E+11,,,,
5144,Jane Martinez,2.54742E+11,,,,
5143,Carlos Williams,2.54726E+11,,,,
5142,Alice Williams,2.54717E+11,,,,
5141,Carlos Johnson,2.54776E+11,,,,
5140,Diana Jones,2.54731E+11,,,,
5139,Diana Jones,2.548E+11,,,,
5138,Diana Williams,2.54757E+11,,,,
5137,Bob Rodriguez,2.54759E+11,,,,
5136,Grace Jones,2.54756E+11,,,,
5135,Grace Jones,2.54753E+11,,,,
5134,Frank Davis,2.54723E+11,,,,
5133,Alice Johnson,2.54754E+11,,,,
5132,Bob Williams,2.5477E+11,,,,
5131,Jane Garcia,2.54771E+11,,,,
5130,Alice Williams,2.54777E+11,,,,
5129,John Davis,2.54744E+11,,,,
5128,Grace Brown,2.54748E+11,,,,
5127,Carlos Miller,2.54795E+11,,,,
5126,Frank Martinez,2.54741E+11,,,,
5125,John Smith,2.54732E+11,,,,
5124,Carlos Miller,2.54717E+11,,,,
5123,Alice Garcia,2.54744E+11,,,,
5122,Alice Smith,2.54776E+11,,,,
5121,John Rodriguez,2.54762E+11,,,,
5120,Grace Jones,2.54721E+11,,,,
5119,Bob Miller,2.54776E+11,,,,
5118,Grace Davis,2.54722E+11,,,,
5117,Henry Brown,2.54772E+11,,,,
5116,Carlos Smith,2.54718E+11,,,,
5115,Henry Jones,2.54744E+11,,,,
5114,Henry Garcia,2.54731E+11,,,,
5113,Diana Miller,2.54747E+11,,,,
5112,John Martinez,2.54771E+11,,,,
5111,Diana Miller,2.54769E+11,,,,
5110,Eve Martinez,2.54746E+11,,,,
5109,Alice Johnson,2.54712E+11,,,,
5108,Carlos Rodriguez,2.5472E+11,,,,
5107,Henry Rodriguez,2.54744E+11,,,,
5106,Grace Johnson,2.54725E+11,,,,
5105,Bob Smith,2.54746E+11,,,,
5104,Henry Brown,2.54778E+11,,,,
5103,Henry Jones,2.5477E+11,,,,
5102,Diana Johnson,2.548E+11,,,,
5101,Grace Williams,2.54751E+11,,,,
5100,Bob Davis,2.54793E+11,,,,
5099,Frank Johnson,2.54796E+11,,,,
5098,Frank Rodriguez,2.54728E+11,,,,
5097,Grace Rodriguez,2.54784E+11,,,,
5096,Eve Jones,2.54717E+11,,,,
5095,Bob Smith,2.54741E+11,,,,
5094,Grace Williams,2.54731E+11,,,,
5093,Alice Jones,2.54775E+11,,,,
5092,Grace Miller,2.5472E+11,,,,
5091,Alice Martinez,2.54718E+11,,,,
5090,Eve Brown,2.54723E+11,,,,
5089,Alice Smith,2.5473E+11,,,,
5088,Frank Davis,2.54798E+11,,,,
5087,Grace Davis,2.54748E+11,,,,
5086,John Rodriguez,2.54742E+11,,,,
5085,Bob Rodriguez,2.54762E+11,,,,
5084,Diana Martinez,2.54762E+11,,,,
5083,Frank Smith,2.54766E+11,,,,
5082,Henry Williams,2.54762E+11,,,,
5081,Jane Williams,2.54795E+11,,,,
5080,Eve Johnson,2.54786E+11,,,,
5079,Henry Rodriguez,2.54734E+11,,,,
5078,Jane Brown,2.54718E+11,,,,
5077,John Smith,2.54735E+11,,,,
5076,Henry Davis,2.54718E+11,,,,
5075,Bob Williams,2.54783E+11,,,,
5074,Eve Davis,2.5473E+11,,,,
5073,Diana Garcia,2.54759E+11,,,,
5072,Jane Rodriguez,2.54768E+11,,,,
5071,Carlos Martinez,2.54744E+11,,,,
5070,Jane Jones,2.54717E+11,,,,
5069,Bob Miller,2.54719E+11,,,,
5068,Carlos Garcia,2.54774E+11,,,,
5067,Jane Johnson,2.54783E+11,,,,
5066,Diana Johnson,2.54759E+11,,,,
5065,Carlos Davis,2.54744E+11,,,,
5064,Carlos Miller,2.5475E+11,,,,
5063,Henry Miller,2.54793E+11,,,,
5062,Carlos Johnson,2.54752E+11,,,,
5061,Jane Johnson,2.54785E+11,,,,
5060,Frank Brown,2.54741E+11,,,,
5059,Eve Rodriguez,2.54722E+11,,,,
5058,John Rodriguez,2.54728E+11,,,,
5057,Henry Brown,2.54717E+11,,,,
5056,Diana Smith,2.54787E+11,,,,
5055,Diana Davis,2.54727E+11,,,,
5054,Frank Rodriguez,2.54737E+11,,,,
5053,Carlos Brown,2.54738E+11,,,,
5052,Alice Williams,2.54729E+11,,,,
5051,Carlos Jones,2.5473E+11,,,,
5050,Bob Smith,2.54759E+11,,,,
5049,Henry Smith,2.5471E+11,,,,
5048,Eve Davis,2.54763E+11,,,,
5047,Jane Johnson,2.54719E+11,,,,
5046,Frank Garcia,2.5472E+11,,,,
5045,Henry Smith,2.54785E+11,,,,
5044,Diana Williams,2.54745E+11,,,,
5043,Alice Davis,2.5479E+11,,,,
5042,Eve Williams,2.54722E+11,,,,
5041,Carlos Jones,2.54783E+11,,,,
5040,Grace Jones,2.54793E+11,,,,
5039,Diana Davis,2.54775E+11,,,,
5038,Jane Smith,2.54744E+11,,,,
5037,John Jones,2.54778E+11,,,,
5036,Grace Rodriguez,2.54732E+11,,,,
5035,Frank Miller,2.54784E+11,,,,
5034,Carlos Davis,2.54733E+11,,,,
5033,Henry Miller,2.54792E+11,,,,
5032,Alice Miller,2.54731E+11,,,,
5031,Bob Garcia,2.54781E+11,,,,
5030,Carlos Brown,2.54712E+11,,,,
5029,Frank Davis,2.54793E+11,,,,
5028,Frank Jones,2.5471E+11,,,,
5027,Eve Rodriguez,2.54722E+11,,,,
5026,Carlos Smith,2.54741E+11,,,,
5025,Henry Rodriguez,2.54798E+11,,,,
5024,Carlos Brown,2.54751E+11,,,,
5023,Grace Davis,2.54722E+11,,,,
5022,Grace Smith,2.54795E+11,,,,
5021,Frank Martinez,2.5473E+11,,,,
5020,Eve Davis,2.54728E+11,,,,
5019,John Garcia,2.54782E+11,,,,
5018,Frank Brown,2.54764E+11,,,,
5017,Bob Jones,2.54751E+11,,,,
5016,Jane Jones,2.54765E+11,,,,
5015,Bob Williams,2.54733E+11,,,,
5014,Eve Miller,2.54751E+11,,,,
5013,Diana Miller,2.54713E+11,,,,
5012,John Martinez,2.54729E+11,,,,
5011,John Smith,2.54728E+11,,,,
5010,Jane Brown,2.54745E+11,,,,
5009,Carlos Martinez,2.54715E+11,,,,
5008,Frank Davis,2.54736E+11,,,,
5007,John Smith,2.54781E+11,,,,
5006,John Smith,2.54787E+11,,,,
5005,Carlos Brown,2.54778E+11,,,,
5004,Alice Martinez,2.54776E+11,,,,
5003,Eve Davis,2.54764E+11,,,,
5002,Henry Jones,2.54781E+11,,,,
5001,Frank Garcia,2.54732E+11,,,,
5000,Eve Williams,2.54726E+11,,,,
4999,Henry Rodriguez,2.54711E+11,,,,
4998,Eve Garcia,2.5479E+11,,,,
4997,Grace Davis,2.54739E+11,,,,
4996,Jane Brown,2.54737E+11,,,,
4995,Frank Brown,2.5477E+11,,,,
4994,Frank Smith,2.54716E+11,,,,
4993,Grace Rodriguez,2.54779E+11,,,,
4992,Frank Jones,2.54756E+11,,,,
4991,Alice Smith,2.5474E+11,,,,
4990,Alice Williams,2.54732E+11,,,,
4989,Eve Martinez,2.5477E+11,,,,
4988,John Miller,2.54778E+11,,,,
4987,Eve Williams,2.54794E+11,,,,
4986,Jane Williams,2.54731E+11,,,,
4985,Diana Williams,2.54722E+11,,,,
4984,Carlos Jones,2.54768E+11,,,,
4983,Carlos Davis,2.54784E+11,,,,
4982,Henry Davis,2.54716E+11,,,,
4981,Bob Jones,2.5473E+11,,,,
4980,Eve Brown,2.54782E+11,,,,
4979,Frank Johnson,2.54741E+11,,,,
4978,Diana Johnson,2.54751E+11,,,,
4977,Grace Brown,2.5472E+11,,,,
4976,Henry Jones,2.54752E+11,,,,
4975,Bob Davis,2.5477E+11,,,,
4974,Diana Williams,2.54753E+11,,,,
4973,John Rodriguez,2.54753E+11,,,,
4972,Henry Miller,2.54748E+11,,,,
4971,Henry Johnson,2.54777E+11,,,,
4970,Eve Garcia,2.54766E+11,,,,
4969,Frank Johnson,2.5473E+11,,,,
4968,Alice Williams,2.54798E+11,,,,
4967,Jane Smith,2.54773E+11,,,,
4966,Henry Miller,2.5471E+11,,,,
4965,Alice Garcia,2.54745E+11,,,,
4964,Jane Jones,2.54752E+11,,,,
4963,Grace Brown,2.54739E+11,,,,
4962,John Martinez,2.54785E+11,,,,
4961,Grace Jones,2.54737E+11,,,,
4960,Bob Miller,2.54777E+11,,,,
4959,Henry Johnson,2.54791E+11,,,,
4958,Jane Williams,2.54725E+11,,,,
4957,Bob Martinez,2.54798E+11,,,,
4956,Jane Williams,2.5472E+11,,,,
4955,Carlos Brown,2.5473E+11,,,,
4954,Grace Williams,2.5479E+11,,,,
4953,Eve Garcia,2.54789E+11,,,,
4952,Alice Miller,2.54746E+11,,,,
4951,John Brown,2.54791E+11,,,,
4950,Eve Garcia,2.54794E+11,,,,
4949,Alice Martinez,2.54778E+11,,,,
4948,Bob Williams,2.54741E+11,,,,
4947,Jane Jones,2.54793E+11,,,,
4946,Diana Brown,2.54781E+11,,,,
4945,Diana Jones,2.54784E+11,,,,
4944,Alice Miller,2.54726E+11,,,,
4943,Carlos Martinez,2.5475E+11,,,,
4942,John Williams,2.54729E+11,,,,
4941,Grace Rodriguez,2.54731E+11,,,,
4940,Frank Johnson,2.54755E+11,,,,
4939,John Smith,2.54784E+11,,,,
4938,Henry Williams,2.5473E+11,,,,
4937,Eve Smith,2.54773E+11,,,,
4936,Frank Davis,2.54744E+11,,,,
4935,Carlos Rodriguez,2.54794E+11,,,,
4934,John Davis,2.54742E+11,,,,
4933,Bob Garcia,2.54752E+11,,,,
4932,Henry Williams,2.54774E+11,,,,
4931,Alice Davis,2.54774E+11,,,,
4930,Alice Williams,2.5472E+11,,,,
4929,Frank Garcia,2.54746E+11,,,,
4928,Henry Rodriguez,2.54788E+11,,,,
4927,Bob Davis,2.54793E+11,,,,
4926,Jane Williams,2.54773E+11,,,,
4925,Alice Brown,2.54756E+11,,,,
4924,Bob Williams,2.54753E+11,,,,
4923,Frank Jones,2.54733E+11,,,,
4922,Diana Johnson,2.54715E+11,,,,
4921,Jane Martinez,2.54759E+11,,,,
4920,Diana Martinez,2.54765E+11,,,,
4919,Diana Brown,2.54762E+11,,,,
4918,Henry Miller,2.54711E+11,,,,
4917,Bob Smith,2.54796E+11,,,,
4916,Grace Miller,2.54718E+11,,,,
4915,Eve Garcia,2.54756E+11,,,,
4914,Carlos Brown,2.54788E+11,,,,
4913,Eve Brown,2.54713E+11,,,,
4912,Diana Martinez,2.54722E+11,,,,
4911,Alice Jones,2.5473E+11,,,,
4910,Diana Brown,2.54712E+11,,,,
4909,Jane Brown,2.54744E+11,,,,
4908,Bob Martinez,2.54728E+11,,,,
4907,Alice Smith,2.54751E+11,,,,
4906,Eve Jones,2.54715E+11,,,,
4905,Diana Garcia,2.54757E+11,,,,
4904,Frank Jones,2.54716E+11,,,,
4903,Grace Williams,2.54784E+11,,,,
4902,Bob Smith,2.54792E+11,,,,
4901,Henry Williams,2.5479E+11,,,,
4900,Frank Williams,2.54733E+11,,,,
4899,Jane Rodriguez,2.54747E+11,,,,
4898,Grace Jones,2.54742E+11,,,,
4897,John Davis,2.54794E+11,,,,
4896,Frank Davis,2.54763E+11,,,,
4895,Grace Jones,2.54754E+11,,,,
4894,Frank Davis,2.54782E+11,,,,
4893,Frank Rodriguez,2.54765E+11,,,,
4892,Alice Williams,2.54716E+11,,,,
4891,Carlos Martinez,2.54766E+11,,,,
4890,Eve Garcia,2.54726E+11,,,,
4889,Jane Johnson,2.54798E+11,,,,
4888,Frank Williams,2.54798E+11,,,,
4887,Henry Rodriguez,2.54796E+11,,,,
4886,Alice Smith,2.54735E+11,,,,
4885,John Johnson,2.54726E+11,,,,
4884,Bob Garcia,2.54732E+11,,,,
4883,John Smith,2.54775E+11,,,,
4882,Eve Davis,2.54724E+11,,,,
4881,John Johnson,2.54764E+11,,,,
4880,Carlos Johnson,2.54716E+11,,,,
4879,Henry Williams,2.54719E+11,,,,
4878,Grace Williams,2.5479E+11,,,,
4877,Jane Smith,2.54733E+11,,,,
4876,Alice Williams,2.54776E+11,,,,
4875,Jane Johnson,2.54729E+11,,,,
4874,Jane Williams,2.54764E+11,,,,
4873,Grace Miller,2.54757E+11,,,,
4872,Jane Jones,2.54781E+11,,,,
4871,Diana Williams,2.54751E+11,,,,
4870,Bob Brown,2.54767E+11,,,,
4869,Eve Rodriguez,2.5471E+11,,,,
4868,Diana Miller,2.54739E+11,,,,
4867,Bob Smith,2.54712E+11,,,,
4866,Henry Martinez,2.54715E+11,,,,
4865,Carlos Brown,2.54777E+11,,,,
4864,Grace Miller,2.54768E+11,,,,
4863,Bob Jones,2.54773E+11,,,,
4862,Eve Miller,2.54749E+11,,,,
4861,Eve Martinez,2.54765E+11,,,,
4860,Carlos Davis,2.5472E+11,,,,
4859,Frank Miller,2.54794E+11,,,,
4858,Diana Johnson,2.54778E+11,,,,
4857,Alice Garcia,2.54711E+11,,,,
4856,Frank Garcia,2.5473E+11,,,,
4855,Bob Miller,2.5472E+11,,,,
4854,Bob Martinez,2.54773E+11,,,,
4853,Grace Smith,2.5478E+11,,,,
4852,Bob Smith,2.54712E+11,,,,
4851,Jane Johnson,2.54722E+11,,,,
4850,Diana Davis,2.54721E+11,,,,
4849,Diana Martinez,2.54741E+11,,,,
4848,Grace Martinez,2.54771E+11,,,,
4847,John Rodriguez,2.54725E+11,,,,
4846,Eve Johnson,2.5478E+11,,,,
4845,Alice Miller,2.54729E+11,,,,
4844,Alice Brown,2.5474E+11,,,,
4843,John Garcia,2.54774E+11,,,,
4842,Eve Smith,2.54738E+11,,,,
4841,Carlos Brown,2.54759E+11,,,,
4840,Henry Martinez,2.54732E+11,,,,
4839,Bob Smith,2.54793E+11,,,,
4838,Alice Brown,2.54754E+11,,,,
4837,Frank Davis,2.54724E+11,,,,
4836,Eve Garcia,2.54721E+11,,,,
4835,Diana Martinez,2.54722E+11,,,,
4834,John Garcia,2.5477E+11,,,,
4833,Bob Rodriguez,2.54769E+11,,,,
4832,John Smith,2.54777E+11,,,,
4831,Grace Garcia,2.54767E+11,,,,
4830,Henry Brown,2.54761E+11,,,,
4829,Jane Brown,2.54787E+11,,,,
4828,Carlos Jones,2.54784E+11,,,,
4827,Diana Williams,2.54779E+11,,,,
4826,Bob Davis,2.5473E+11,,,,
4825,Carlos Smith,2.54754E+11,,,,
4824,Carlos Garcia,2.54717E+11,,,,
4823,Diana Jones,2.54724E+11,,,,
4822,Eve Jones,2.54732E+11,,,,
4821,Henry Jones,2.54717E+11,,,,
4820,Frank Garcia,2.54769E+11,,,,
4819,Grace Martinez,2.54741E+11,,,,
4818,Carlos Garcia,2.54732E+11,,,,
4817,Henry Williams,2.54722E+11,,,,
4816,John Smith,2.54773E+11,,,,
4815,Bob Smith,2.54756E+11,,,,
4814,Henry Davis,2.5477E+11,,,,
4813,Carlos Garcia,2.54763E+11,,,,
4812,Carlos Johnson,2.54729E+11,,,,
4811,Grace Smith,2.54758E+11,,,,
4810,Alice Rodriguez,2.5477E+11,,,,
4809,John Johnson,2.54749E+11,,,,
4808,Bob Davis,2.54725E+11,,,,
4807,Henry Martinez,2.54739E+11,,,,
4806,Carlos Garcia,2.54751E+11,,,,
4805,Alice Smith,2.54772E+11,,,,
4804,Alice Garcia,2.5479E+11,,,,
4803,Diana Smith,2.54741E+11,,,,
4802,Henry Jones,2.5477E+11,,,,
4801,Bob Johnson,2.54757E+11,,,,
4800,John Rodriguez,2.54765E+11,,,,
4799,Alice Johnson,2.54747E+11,,,,
4798,Frank Martinez,2.54726E+11,,,,
4797,Henry Smith,2.54773E+11,,,,
4796,Henry Rodriguez,2.54747E+11,,,,
4795,John Brown,2.54775E+11,,,,
4794,Henry Rodriguez,2.54717E+11,,,,
4793,Diana Johnson,2.54733E+11,,,,
4792,Frank Davis,2.54732E+11,,,,
4791,Diana Rodriguez,2.54727E+11,,,,
4790,Carlos Rodriguez,2.54788E+11,,,,
4789,Grace Brown,2.54748E+11,,,,
4788,Alice Rodriguez,2.54741E+11,,,,
4787,Alice Rodriguez,2.54796E+11,,,,
4786,Henry Johnson,2.54799E+11,,,,
4785,Frank Johnson,2.54781E+11,,,,
4784,Frank Davis,2.54786E+11,,,,
4783,John Johnson,2.5473E+11,,,,
4782,Bob Rodriguez,2.54755E+11,,,,
4781,Eve Rodriguez,2.54775E+11,,,,
4780,Jane Garcia,2.54762E+11,,,,
4779,John Davis,2.54734E+11,,,,
4778,Jane Rodriguez,2.54722E+11,,,,
4777,John Davis,2.54714E+11,,,,
4776,Jane Rodriguez,2.54734E+11,,,,
4775,Bob Rodriguez,2.54777E+11,,,,
4774,Henry Jones,2.54754E+11,,,,
4773,Carlos Miller,2.54795E+11,,,,
4772,Bob Miller,2.54784E+11,,,,
4771,Diana Jones,2.54733E+11,,,,
4770,Diana Davis,2.54756E+11,,,,
4769,Eve Rodriguez,2.54727E+11,,,,
4768,Henry Martinez,2.54797E+11,,,,
4767,Jane Jones,2.54719E+11,,,,
4766,Jane Jones,2.54731E+11,,,,
4765,Frank Rodriguez,2.54752E+11,,,,
4764,Diana Johnson,2.5472E+11,,,,
4763,Bob Williams,2.54745E+11,,,,
4762,Bob Brown,2.5478E+11,,,,
4761,Henry Garcia,2.54724E+11,,,,
4760,Carlos Williams,2.54751E+11,,,,
4759,Frank Davis,2.54735E+11,,,,
4758,Jane Rodriguez,2.54761E+11,,,,
4757,Diana Johnson,2.54726E+11,,,,
4756,Bob Johnson,2.54739E+11,,,,
4755,John Williams,2.5476E+11,,,,
4754,Eve Davis,2.54783E+11,,,,
4753,Carlos Williams,2.54726E+11,,,,
4752,Frank Garcia,2.54784E+11,,,,
4751,Frank Williams,2.54747E+11,,,,
4750,John Williams,2.54734E+11,,,,
4749,Grace Rodriguez,2.54798E+11,,,,
4748,Alice Smith,2.5477E+11,,,,
4747,Bob Miller,2.54757E+11,,,,
4746,Henry Jones,2.54727E+11,,,,
4745,Frank Rodriguez,2.54729E+11,,,,
4744,Eve Garcia,2.54734E+11,,,,
4743,Diana Johnson,2.54736E+11,,,,
4742,Grace Smith,2.54762E+11,,,,
4741,John Jones,2.54735E+11,,,,
4740,Carlos Miller,2.54723E+11,,,,
4739,Jane Johnson,2.5475E+11,,,,
4738,Diana Martinez,2.54771E+11,,,,
4737,Grace Smith,2.54755E+11,,,,
4736,Jane Williams,2.54757E+11,,,,
4735,Frank Martinez,2.54783E+11,,,,
4734,Bob Smith,2.54773E+11,,,,
4733,Bob Garcia,2.54757E+11,,,,
4732,Diana Brown,2.54722E+11,,,,
4731,Eve Brown,2.54743E+11,,,,
4730,Alice Smith,2.54781E+11,,,,
4729,Jane Davis,2.54714E+11,,,,
4728,John Williams,2.54748E+11,,,,
4727,Henry Martinez,2.54758E+11,,,,
4726,John Brown,2.54736E+11,,,,
4725,Eve Miller,2.5477E+11,,,,
4724,John Garcia,2.54783E+11,,,,
4723,Bob Williams,2.54776E+11,,,,
4722,Bob Brown,2.54727E+11,,,,
4721,Henry Jones,2.54721E+11,,,,
4720,Henry Martinez,2.54744E+11,,,,
4719,Carlos Williams,2.54725E+11,,,,
4718,Eve Smith,2.54793E+11,,,,
4717,Alice Martinez,2.5477E+11,,,,
4716,Diana Smith,2.54771E+11,,,,
4715,Diana Miller,2.54789E+11,,,,
4714,John Garcia,2.54735E+11,,,,
4713,Carlos Williams,2.5478E+11,,,,
4712,Alice Jones,2.54789E+11,,,,
4711,Carlos Johnson,2.54713E+11,,,,
4710,Alice Jones,2.54771E+11,,,,
4709,Jane Martinez,2.54712E+11,,,,
4708,Diana Garcia,2.54718E+11,,,,
4707,Grace Garcia,2.54756E+11,,,,
4706,Jane Garcia,2.54768E+11,,,,
4705,Diana Martinez,2.54736E+11,,,,
4704,Carlos Garcia,2.54799E+11,,,,
4703,Bob Martinez,2.54766E+11,,,,
4702,Carlos Jones,2.54759E+11,,,,
4701,Carlos Brown,2.54728E+11,,,,
4700,Henry Davis,2.54773E+11,,,,
4699,Bob Garcia,2.54732E+11,,,,
4698,Grace Rodriguez,2.54763E+11,,,,
4697,Grace Brown,2.54778E+11,,,,
4696,Henry Miller,2.54787E+11,,,,
4695,Bob Miller,2.54715E+11,,,,
4694,Carlos Brown,2.5471E+11,,,,
4693,Bob Miller,2.54732E+11,,,,
4692,Henry Rodriguez,2.54711E+11,,,,
4691,Alice Williams,2.54718E+11,,,,
4690,Alice Martinez,2.54764E+11,,,,
4689,Henry Miller,2.54753E+11,,,,
4688,Carlos Martinez,2.54728E+11,,,,
4687,Diana Miller,2.54762E+11,,,,
4686,Grace Rodriguez,2.5475E+11,,,,
4685,Alice Rodriguez,2.54725E+11,,,,
4684,Diana Miller,2.54786E+11,,,,
4683,Bob Miller,2.54794E+11,,,,
4682,Grace Garcia,2.5479E+11,,,,
4681,Grace Rodriguez,2.54762E+11,,,,
4680,Jane Rodriguez,2.54784E+11,,,,
4679,Grace Brown,2.54718E+11,,,,
4678,John Garcia,2.54778E+11,,,,
4677,Jane Martinez,2.54756E+11,,,,
4676,Bob Williams,2.54787E+11,,,,
4675,John Jones,2.54715E+11,,,,
4674,Grace Martinez,2.54788E+11,,,,
4673,Eve Brown,2.54748E+11,,,,
4672,Eve Miller,2.54719E+11,,,,
4671,Jane Davis,2.54768E+11,,,,
4670,Grace Miller,2.54777E+11,,,,
4669,Henry Davis,2.54786E+11,,,,
4668,Alice Williams,2.54712E+11,,,,
4667,Diana Brown,2.54766E+11,,,,
4666,John Rodriguez,2.54767E+11,,,,
4665,Jane Smith,2.54721E+11,,,,
4664,Henry Jones,2.54755E+11,,,,
4663,Frank Martinez,2.54793E+11,,,,
4662,John Jones,2.54772E+11,,,,
4661,Frank Garcia,2.54732E+11,,,,
4660,Jane Smith,2.54724E+11,,,,
4659,Grace Rodriguez,2.54729E+11,,,,
4658,Jane Brown,2.54755E+11,,,,
4657,John Miller,2.54718E+11,,,,
4656,Eve Johnson,2.54713E+11,,,,
4655,Frank Williams,2.54776E+11,,,,
4654,Grace Garcia,2.54783E+11,,,,
4653,Henry Garcia,2.54782E+11,,,,
4652,Eve Williams,2.54745E+11,,,,
4651,Frank Rodriguez,2.54735E+11,,,,
4650,Eve Smith,2.54754E+11,,,,
4649,Carlos Miller,2.54753E+11,,,,
4648,Bob Johnson,2.54785E+11,,,,
4647,Carlos Williams,2.54759E+11,,,,
4646,Carlos Johnson,2.54781E+11,,,,
4645,Jane Williams,2.5472E+11,,,,
4644,Carlos Smith,2.54771E+11,,,,
4643,Henry Martinez,2.54769E+11,,,,
4642,Grace Smith,2.54783E+11,,,,
4641,Bob Martinez,2.54775E+11,,,,
4640,Diana Smith,2.54762E+11,,,,
4639,Bob Rodriguez,2.54797E+11,,,,
4638,Jane Jones,2.54733E+11,,,,
4637,Jane Brown,2.54782E+11,,,,
4636,Alice Jones,2.5474E+11,,,,
4635,Bob Martinez,2.54718E+11,,,,
4634,Henry Smith,2.54746E+11,,,,
4633,Eve Johnson,2.5471E+11,,,,
4632,John Rodriguez,2.54714E+11,,,,
4631,Grace Miller,2.54731E+11,,,,
4630,Jane Rodriguez,2.54737E+11,,,,
4629,Grace Rodriguez,2.54712E+11,,,,
4628,Alice Jones,2.54751E+11,,,,
4627,Carlos Jones,2.54774E+11,,,,
4626,Grace Jones,2.54742E+11,,,,
4625,Grace Brown,2.54781E+11,,,,
4624,Jane Miller,2.54762E+11,,,,
4623,John Johnson,2.54776E+11,,,,
4622,Grace Smith,2.54797E+11,,,,
4621,Jane Miller,2.54792E+11,,,,
4620,Frank Brown,2.54756E+11,,,,
4619,Alice Miller,2.54756E+11,,,,
4618,Carlos Garcia,2.54758E+11,,,,
4617,Carlos Smith,2.54738E+11,,,,
4616,Alice Davis,2.54764E+11,,,,
4615,Carlos Garcia,2.54754E+11,,,,
4614,Frank Johnson,2.54776E+11,,,,
4613,Carlos Johnson,2.54723E+11,,,,
4612,Carlos Jones,2.54779E+11,,,,
4611,Frank Johnson,2.54794E+11,,,,
4610,Frank Garcia,2.54796E+11,,,,
4609,Carlos Davis,2.54713E+11,,,,
4608,Bob Rodriguez,2.54721E+11,,,,
4607,Diana Garcia,2.54771E+11,,,,
4606,John Jones,2.54715E+11,,,,
4605,John Garcia,2.54747E+11,,,,
4604,Carlos Miller,2.54785E+11,,,,
4603,John Martinez,2.54732E+11,,,,
4602,Eve Jones,2.54741E+11,,,,
4601,Carlos Jones,2.54732E+11,,,,
4600,Alice Davis,2.5473E+11,,,,
4599,Grace Jones,2.54718E+11,,,,
4598,Grace Smith,2.54784E+11,,,,
4597,Carlos Johnson,2.54792E+11,,,,
4596,Henry Jones,2.54723E+11,,,,
4595,Henry Williams,2.54724E+11,,,,
4594,Henry Williams,2.54769E+11,,,,
4593,Eve Garcia,2.54749E+11,,,,
4592,Eve Miller,2.5476E+11,,,,
4591,Grace Jones,2.54771E+11,,,,
4590,Bob Rodriguez,2.54791E+11,,,,
4589,John Williams,2.54787E+11,,,,
4588,Grace Garcia,2.5475E+11,,,,
4587,Henry Davis,2.54731E+11,,,,
4586,Diana Miller,2.54756E+11,,,,
4585,Bob Smith,2.54792E+11,,,,
4584,Grace Davis,2.54788E+11,,,,
4583,Frank Williams,2.54712E+11,,,,
4582,Eve Smith,2.54762E+11,,,,
4581,Frank Rodriguez,2.54798E+11,,,,
4580,Diana Martinez,2.54741E+11,,,,
4579,Diana Jones,2.54751E+11,,,,
4578,Henry Brown,2.54779E+11,,,,
4577,Eve Johnson,2.5473E+11,,,,
4576,Carlos Johnson,2.54752E+11,,,,
4575,Diana Rodriguez,2.54788E+11,,,,
4574,Grace Rodriguez,2.5472E+11,,,,
4573,Diana Davis,2.54712E+11,,,,
4572,Alice Rodriguez,2.54778E+11,,,,
4571,John Jones,2.54771E+11,,,,
4570,Jane Rodriguez,2.54796E+11,,,,
4569,Eve Miller,2.54771E+11,,,,
4568,Jane Rodriguez,2.54778E+11,,,,
4567,Frank Johnson,2.54762E+11,,,,
4566,Diana Smith,2.5473E+11,,,,
4565,Grace Miller,2.54734E+11,,,,
4564,Jane Miller,2.54748E+11,,,,
4563,Carlos Brown,2.54724E+11,,,,
4562,Diana Garcia,2.54786E+11,,,,
4561,Diana Brown,2.54788E+11,,,,
4560,Diana Johnson,2.54773E+11,,,,
4559,Diana Martinez,2.54768E+11,,,,
4558,Bob Rodriguez,2.54761E+11,,,,
4557,Frank Garcia,2.54797E+11,,,,
4556,Carlos Smith,2.54747E+11,,,,
4555,Jane Miller,2.54712E+11,,,,
4554,Grace Brown,2.54789E+11,,,,
4553,Diana Rodriguez,2.54722E+11,,,,
4552,Diana Smith,2.54741E+11,,,,
4551,Frank Jones,2.54732E+11,,,,
4550,Carlos Smith,2.54734E+11,,,,
4549,Carlos Jones,2.54794E+11,,,,
4548,John Garcia,2.54767E+11,,,,
4547,Diana Davis,2.54784E+11,,,,
4546,Alice Miller,2.54774E+11,,,,
4545,Jane Miller,2.54719E+11,,,,
4544,Grace Davis,2.5474E+11,,,,
4543,Frank Williams,2.54768E+11,,,,
4542,Henry Martinez,2.54745E+11,,,,
4541,Jane Davis,2.54798E+11,,,,
4540,Jane Davis,2.54738E+11,,,,
4539,Frank Miller,2.54798E+11,,,,
4538,Carlos Jones,2.54773E+11,,,,
4537,Frank Martinez,2.54723E+11,,,,
4536,Carlos Jones,2.54742E+11,,,,
4535,Diana Smith,2.54781E+11,,,,
4534,John Davis,2.54751E+11,,,,
4533,Diana Williams,2.54747E+11,,,,
4532,John Smith,2.54756E+11,,,,
4531,Frank Williams,2.54736E+11,,,,
4530,Bob Miller,2.54747E+11,,,,
4529,Grace Johnson,2.54793E+11,,,,
4528,John Jones,2.54774E+11,,,,
4527,Jane Miller,2.54777E+11,,,,
4526,Eve Rodriguez,2.54795E+11,,,,
4525,Grace Miller,2.54763E+11,,,,
4524,Carlos Williams,2.54766E+11,,,,
4523,Carlos Williams,2.54753E+11,,,,
4522,Henry Jones,2.54719E+11,,,,
4521,John Martinez,2.54784E+11,,,,
4520,Alice Johnson,2.54778E+11,,,,
4519,Carlos Williams,2.5473E+11,,,,
4518,Frank Miller,2.54781E+11,,,,
4517,John Smith,2.54743E+11,,,,
4516,Alice Miller,2.54786E+11,,,,
4515,John Martinez,2.54767E+11,,,,
4514,Bob Rodriguez,2.54733E+11,,,,
4513,Jane Rodriguez,2.54758E+11,,,,
4512,Bob Jones,2.54748E+11,,,,
4511,John Miller,2.54718E+11,,,,
4510,Alice Brown,2.54787E+11,,,,
4509,Jane Garcia,2.54765E+11,,,,
4508,Carlos Martinez,2.54775E+11,,,,
4507,Alice Williams,2.54777E+11,,,,
4506,Diana Garcia,2.54713E+11,,,,
4505,Alice Garcia,2.54756E+11,,,,
4504,Bob Brown,2.54777E+11,,,,
4503,Bob Johnson,2.54784E+11,,,,
4502,Eve Johnson,2.54755E+11,,,,
4501,Diana Johnson,2.54774E+11,,,,
4500,Jane Davis,2.54768E+11,,,,
4499,Carlos Williams,2.54726E+11,,,,
4498,Grace Rodriguez,2.54783E+11,,,,
4497,Carlos Garcia,2.5475E+11,,,,
4496,Grace Garcia,2.54738E+11,,,,
4495,Carlos Miller,2.54715E+11,,,,
4494,Frank Garcia,2.5471E+11,,,,
4493,Jane Brown,2.54717E+11,,,,
4492,John Williams,2.54736E+11,,,,
4491,Diana Jones,2.54728E+11,,,,
4490,Alice Martinez,2.54769E+11,,,,
4489,Grace Smith,2.54783E+11,,,,
4488,Carlos Davis,2.54783E+11,,,,
4487,Diana Smith,2.54717E+11,,,,
4486,John Davis,2.54719E+11,,,,
4485,Jane Garcia,2.54766E+11,,,,
4484,Jane Davis,2.54728E+11,,,,
4483,Grace Rodriguez,2.54753E+11,,,,
4482,John Rodriguez,2.54789E+11,,,,
4481,Alice Garcia,2.54743E+11,,,,
4480,Jane Williams,2.54753E+11,,,,
4479,Frank Smith,2.54737E+11,,,,
4478,Henry Davis,2.54754E+11,,,,
4477,Diana Williams,2.54735E+11,,,,
4476,Frank Jones,2.54729E+11,,,,
4475,Henry Davis,2.54761E+11,,,,
4474,Alice Brown,2.54748E+11,,,,
4473,Bob Martinez,2.54764E+11,,,,
4472,Bob Smith,2.54768E+11,,,,
4471,Bob Johnson,2.54779E+11,,,,
4470,Frank Brown,2.54739E+11,,,,
4469,Frank Smith,2.54755E+11,,,,
4468,Jane Miller,2.54712E+11,,,,
4467,Alice Williams,2.54745E+11,,,,
4466,Grace Jones,2.54756E+11,,,,
4465,Henry Johnson,2.54736E+11,,,,
4464,Henry Rodriguez,2.54731E+11,,,,
4463,Carlos Brown,2.54772E+11,,,,
4462,Alice Martinez,2.54773E+11,,,,
4461,John Smith,2.54778E+11,,,,
4460,Jane Miller,2.54768E+11,,,,
4459,Grace Williams,2.5478E+11,,,,
4458,Jane Jones,2.54711E+11,,,,
4457,Eve Rodriguez,2.54796E+11,,,,
4456,Eve Martinez,2.5473E+11,,,,
4455,John Martinez,2.54791E+11,,,,
4454,Eve Miller,2.54726E+11,,,,
4453,Alice Jones,2.54713E+11,,,,
4452,Alice Johnson,2.54792E+11,,,,
4451,Bob Davis,2.54796E+11,,,,
4450,Eve Miller,2.54713E+11,,,,
4449,Frank Brown,2.54749E+11,,,,
4448,John Miller,2.54727E+11,,,,
4447,Bob Davis,2.54743E+11,,,,
4446,Grace Brown,2.54733E+11,,,,
4445,Alice Smith,2.54739E+11,,,,
4444,Diana Jones,2.54799E+11,,,,
4443,Jane Martinez,2.54714E+11,,,,
4442,Bob Jones,2.54742E+11,,,,
4441,Jane Martinez,2.54733E+11,,,,
4440,Jane Jones,2.54779E+11,,,,
4439,John Miller,2.54775E+11,,,,
4438,Carlos Garcia,2.54791E+11,,,,
4437,Jane Martinez,2.54721E+11,,,,
4436,Carlos Garcia,2.54789E+11,,,,
4435,Bob Williams,2.54757E+11,,,,
4434,John Miller,2.54799E+11,,,,
4433,Jane Brown,2.54735E+11,,,,
4432,Bob Martinez,2.54726E+11,,,,
4431,Frank Davis,2.54775E+11,,,,
4430,Diana Garcia,2.54712E+11,,,,
4429,Alice Williams,2.54799E+11,,,,
4428,Bob Johnson,2.54791E+11,,,,
4427,Jane Miller,2.54782E+11,,,,
4426,Henry Brown,2.54767E+11,,,,
4425,John Miller,2.54719E+11,,,,
4424,Bob Jones,2.54776E+11,,,,
4423,Alice Jones,2.54779E+11,,,,
4422,Diana Brown,2.54799E+11,,,,
4421,Frank Rodriguez,2.54796E+11,,,,
4420,Henry Jones,2.54729E+11,,,,
4419,Alice Davis,2.54769E+11,,,,
4418,Frank Williams,2.54728E+11,,,,
4417,Bob Davis,2.54762E+11,,,,
4416,Eve Davis,2.54737E+11,,,,
4415,Frank Johnson,2.54745E+11,,,,
4414,Eve Davis,2.5472E+11,,,,
4413,Bob Garcia,2.54717E+11,,,,
4412,Grace Johnson,2.54735E+11,,,,
4411,Eve Jones,2.54779E+11,,,,
4410,Eve Brown,2.54736E+11,,,,
4409,Carlos Miller,2.5474E+11,,,,
4408,Diana Smith,2.54785E+11,,,,
4407,Frank Johnson,2.5478E+11,,,,
4406,Grace Davis,2.54727E+11,,,,
4405,Carlos Garcia,2.54794E+11,,,,
4404,Bob Johnson,2.54748E+11,,,,
4403,Carlos Martinez,2.54727E+11,,,,
4402,Bob Johnson,2.54774E+11,,,,
4401,Jane Johnson,2.54735E+11,,,,
4400,Jane Jones,2.54789E+11,,,,
4399,Eve Miller,2.54733E+11,,,,
4398,Grace Davis,2.54793E+11,,,,
4397,Grace Brown,2.5472E+11,,,,
4396,Bob Garcia,2.54735E+11,,,,
4395,Bob Miller,2.54789E+11,,,,
4394,Eve Davis,2.54799E+11,,,,
4393,Bob Brown,2.54717E+11,,,,
4392,Bob Williams,2.54714E+11,,,,
4391,Jane Davis,2.54781E+11,,,,
4390,Eve Rodriguez,2.54754E+11,,,,
4389,Grace Martinez,2.54775E+11,,,,
4388,John Miller,2.54737E+11,,,,
4387,Diana Garcia,2.54726E+11,,,,
4386,Carlos Garcia,2.54786E+11,,,,
4385,Frank Smith,2.54768E+11,,,,
4384,Jane Garcia,2.54756E+11,,,,
4383,Grace Williams,2.54752E+11,,,,
4382,Carlos Williams,2.54714E+11,,,,
4381,Alice Davis,2.5479E+11,,,,
4380,Alice Jones,2.54737E+11,,,,
4379,Henry Martinez,2.5474E+11,,,,
4378,Eve Rodriguez,2.54772E+11,,,,
4377,Diana Davis,2.54771E+11,,,,
4376,Diana Martinez,2.54761E+11,,,,
4375,Bob Davis,2.54713E+11,,,,
4374,Diana Miller,2.54724E+11,,,,
4373,Frank Williams,2.54733E+11,,,,
4372,Bob Davis,2.54789E+11,,,,
4371,Carlos Smith,2.54796E+11,,,,
4370,Diana Williams,2.54723E+11,,,,
4369,Henry Davis,2.54722E+11,,,,
4368,Jane Rodriguez,2.54714E+11,,,,
4367,Jane Garcia,2.54745E+11,,,,
4366,John Brown,2.54743E+11,,,,
4365,Jane Rodriguez,2.54752E+11,,,,
4364,Carlos Garcia,2.54799E+11,,,,
4363,Grace Miller,2.54762E+11,,,,
4362,Diana Davis,2.5476E+11,,,,
4361,Diana Martinez,2.54776E+11,,,,
4360,Eve Rodriguez,2.54789E+11,,,,
4359,Carlos Johnson,2.54714E+11,,,,
4358,Grace Miller,2.5477E+11,,,,
4357,Alice Miller,2.54772E+11,,,,
4356,Diana Brown,2.54748E+11,,,,
4355,John Jones,2.54719E+11,,,,
4354,Bob Rodriguez,2.54749E+11,,,,
4353,John Garcia,2.54753E+11,,,,
4352,Carlos Martinez,2.5476E+11,,,,
4351,Jane Miller,2.54771E+11,,,,
4350,John Rodriguez,2.54711E+11,,,,
4349,Bob Martinez,2.5472E+11,,,,
4348,John Martinez,2.54734E+11,,,,
4347,Eve Smith,2.54739E+11,,,,
4346,John Williams,2.54712E+11,,,,
4345,Grace Smith,2.5472E+11,,,,
4344,Diana Johnson,2.54771E+11,,,,
4343,Grace Johnson,2.54762E+11,,,,
4342,Jane Martinez,2.54781E+11,,,,
4341,Grace Smith,2.5475E+11,,,,
4340,Alice Miller,2.54751E+11,,,,
4339,Grace Miller,2.54749E+11,,,,
4338,Jane Davis,2.54779E+11,,,,
4337,Alice Brown,2.5477E+11,,,,
4336,Diana Martinez,2.54746E+11,,,,
4335,Eve Garcia,2.54728E+11,,,,
4334,Henry Rodriguez,2.54741E+11,,,,
4333,Eve Brown,2.54745E+11,,,,
4332,Diana Smith,2.54734E+11,,,,
4331,Alice Davis,2.54756E+11,,,,
4330,Frank Williams,2.54781E+11,,,,
4329,Diana Smith,2.54793E+11,,,,
4328,John Garcia,2.54795E+11,,,,
4327,Grace Rodriguez,2.54768E+11,,,,
4326,Bob Miller,2.54754E+11,,,,
4325,Diana Johnson,2.54727E+11,,,,
4324,Alice Martinez,2.5478E+11,,,,
4323,Henry Brown,2.54713E+11,,,,
4322,Diana Martinez,2.5475E+11,,,,
4321,Carlos Davis,2.54793E+11,,,,
4320,Eve Miller,2.54723E+11,,,,
4319,Henry Jones,2.54721E+11,,,,
4318,Bob Rodriguez,2.54798E+11,,,,
4317,Bob Miller,2.54717E+11,,,,
4316,John Davis,2.54746E+11,,,,
4315,John Martinez,2.54742E+11,,,,
4314,Henry Brown,2.54779E+11,,,,
4313,Jane Davis,2.54755E+11,,,,
4312,Grace Rodriguez,2.5479E+11,,,,
4311,Jane Williams,2.54755E+11,,,,
4310,Jane Williams,2.54713E+11,,,,
4309,Jane Williams,2.54786E+11,,,,
4308,Jane Martinez,2.54745E+11,,,,
4307,Alice Garcia,2.5473E+11,,,,
4306,Bob Rodriguez,2.54712E+11,,,,
4305,Henry Garcia,2.54776E+11,,,,
4304,John Jones,2.54769E+11,,,,
4303,Carlos Martinez,2.54782E+11,,,,
4302,Alice Jones,2.54782E+11,,,,
4301,Diana Brown,2.54731E+11,,,,
4300,Henry Smith,2.54738E+11,,,,
4299,Grace Williams,2.54735E+11,,,,
4298,Diana Martinez,2.54725E+11,,,,
4297,Bob Miller,2.54753E+11,,,,
4296,John Miller,2.54798E+11,,,,
4295,John Rodriguez,2.5477E+11,,,,
4294,Diana Garcia,2.54792E+11,,,,
4293,Grace Williams,2.54761E+11,,,,
4292,Jane Miller,2.54762E+11,,,,
4291,Diana Johnson,2.54761E+11,,,,
4290,Carlos Smith,2.5474E+11,,,,
4289,Carlos Smith,2.54785E+11,,,,
4288,Jane Davis,2.5471E+11,,,,
4287,Carlos Williams,2.5479E+11,,,,
4286,John Williams,2.54793E+11,,,,
4285,Bob Smith,2.54723E+11,,,,
4284,Carlos Williams,2.54793E+11,,,,
4283,Frank Miller,2.548E+11,,,,
4282,Eve Rodriguez,2.54745E+11,,,,
4281,Bob Smith,2.54771E+11,,,,
4280,Diana Rodriguez,2.54793E+11,,,,
4279,Bob Jones,2.54791E+11,,,,
4278,Diana Miller,2.54788E+11,,,,
4277,Bob Garcia,2.54781E+11,,,,
4276,Carlos Brown,2.54789E+11,,,,
4275,Frank Brown,2.5479E+11,,,,
4274,Frank Williams,2.54747E+11,,,,
4273,Eve Martinez,2.54726E+11,,,,
4272,Eve Rodriguez,2.54758E+11,,,,
4271,Carlos Williams,2.54735E+11,,,,
4270,Frank Brown,2.54775E+11,,,,
4269,Diana Miller,2.54741E+11,,,,
4268,Bob Williams,2.54742E+11,,,,
4267,Diana Garcia,2.54751E+11,,,,
4266,Bob Davis,2.54723E+11,,,,
4265,Henry Williams,2.54732E+11,,,,
4264,Diana Miller,2.54772E+11,,,,
4263,Jane Williams,2.5473E+11,,,,
4262,Jane Martinez,2.54792E+11,,,,
4261,Jane Smith,2.54726E+11,,,,
4260,John Williams,2.54716E+11,,,,
4259,Frank Davis,2.54736E+11,,,,
4258,Bob Rodriguez,2.54762E+11,,,,
4257,Henry Brown,2.54713E+11,,,,
4256,Eve Martinez,2.54786E+11,,,,
4255,Carlos Smith,2.54718E+11,,,,
4254,Bob Miller,2.54783E+11,,,,
4253,John Williams,2.54768E+11,,,,
4252,John Martinez,2.54714E+11,,,,
4251,Eve Smith,2.54787E+11,,,,
4250,Frank Jones,2.54742E+11,,,,
4249,Diana Rodriguez,2.54755E+11,,,,
4248,Henry Jones,2.54755E+11,,,,
4247,Jane Jones,2.54789E+11,,,,
4246,Frank Smith,2.54734E+11,,,,
4245,Diana Williams,2.54768E+11,,,,
4244,Diana Miller,2.54725E+11,,,,
4243,Frank Rodriguez,2.54715E+11,,,,
4242,Jane Miller,2.54744E+11,,,,
4241,Jane Rodriguez,2.54787E+11,,,,
4240,Henry Miller,2.54778E+11,,,,
4239,Henry Rodriguez,2.54775E+11,,,,
4238,Carlos Smith,2.54716E+11,,,,
4237,Jane Garcia,2.54716E+11,,,,
4236,Diana Davis,2.54766E+11,,,,
4235,Henry Jones,2.54768E+11,,,,
4234,Diana Smith,2.54729E+11,,,,
4233,Bob Jones,2.54716E+11,,,,
4232,Bob Martinez,2.54782E+11,,,,
4231,Henry Johnson,2.54745E+11,,,,
4230,John Williams,2.54751E+11,,,,
4229,Alice Brown,2.54742E+11,,,,
4228,Grace Martinez,2.5475E+11,,,,
4227,Bob Miller,2.54781E+11,,,,
4226,Carlos Davis,2.54768E+11,,,,
4225,Grace Martinez,2.54744E+11,,,,
4224,Alice Johnson,2.54744E+11,,,,
4223,Alice Jones,2.54782E+11,,,,
4222,Frank Rodriguez,2.54765E+11,,,,
4221,Grace Rodriguez,2.54793E+11,,,,
4220,Henry Jones,2.54799E+11,,,,
4219,Jane Davis,2.54758E+11,,,,
4218,Henry Williams,2.54723E+11,,,,
4217,John Williams,2.54781E+11,,,,
4216,Bob Miller,2.54739E+11,,,,
4215,Eve Garcia,2.54756E+11,,,,
4214,Alice Brown,2.54728E+11,,,,
4213,Grace Miller,2.54776E+11,,,,
4212,Diana Miller,2.5475E+11,,,,
4211,Diana Jones,2.54737E+11,,,,
4210,Carlos Jones,2.54747E+11,,,,
4209,Eve Martinez,2.54763E+11,,,,
4208,John Rodriguez,2.54714E+11,,,,
4207,Diana Smith,2.5473E+11,,,,
4206,Jane Jones,2.54783E+11,,,,
4205,Bob Johnson,2.54777E+11,,,,
4204,Carlos Johnson,2.54738E+11,,,,
4203,Grace Jones,2.5475E+11,,,,
4202,Alice Davis,2.54785E+11,,,,
4201,Diana Williams,2.54781E+11,,,,
4200,Grace Jones,2.54713E+11,,,,
4199,Carlos Martinez,2.54734E+11,,,,
4198,Grace Johnson,2.54756E+11,,,,
4197,Grace Smith,2.5475E+11,,,,
4196,Eve Smith,2.54794E+11,,,,
4195,Carlos Miller,2.54771E+11,,,,
4194,Grace Garcia,2.548E+11,,,,
4193,Jane Miller,2.54774E+11,,,,
4192,Eve Garcia,2.54741E+11,,,,
4191,Grace Williams,2.54721E+11,,,,
4190,Henry Miller,2.54736E+11,,,,
4189,Bob Jones,2.54739E+11,,,,
4188,Alice Brown,2.54798E+11,,,,
4187,Alice Garcia,2.54764E+11,,,,
4186,Alice Jones,2.54729E+11,,,,
4185,Carlos Davis,2.54747E+11,,,,
4184,John Smith,2.54722E+11,,,,
4183,Carlos Johnson,2.54792E+11,,,,
4182,Jane Martinez,2.54766E+11,,,,
4181,Henry Jones,2.54746E+11,,,,
4180,Henry Williams,2.54795E+11,,,,
4179,John Williams,2.5473E+11,,,,
4178,Grace Garcia,2.54796E+11,,,,
4177,Henry Jones,2.5473E+11,,,,
4176,Grace Rodriguez,2.5472E+11,,,,
4175,John Williams,2.5479E+11,,,,
4174,Diana Garcia,2.54793E+11,,,,
4173,Eve Martinez,2.54774E+11,,,,
4172,Alice Miller,2.54769E+11,,,,
4171,Alice Brown,2.5475E+11,,,,
4170,Grace Smith,2.54751E+11,,,,
4169,Grace Martinez,2.54733E+11,,,,
4168,Carlos Williams,2.54718E+11,,,,
4167,Carlos Brown,2.54796E+11,,,,
4166,Henry Miller,2.54714E+11,,,,
4165,Bob Garcia,2.5478E+11,,,,
4164,Carlos Miller,2.54778E+11,,,,
4163,Jane Jones,2.54758E+11,,,,
4162,Jane Johnson,2.5472E+11,,,,
4161,Bob Rodriguez,2.54788E+11,,,,
4160,Bob Smith,2.5475E+11,,,,
4159,Grace Smith,2.54723E+11,,,,
4158,Diana Williams,2.54784E+11,,,,
4157,Carlos Miller,2.54727E+11,,,,
4156,Eve Brown,2.54731E+11,,,,
4155,Jane Rodriguez,2.5477E+11,,,,
4154,Alice Williams,2.54712E+11,,,,
4153,Eve Jones,2.54727E+11,,,,
4152,Jane Jones,2.54767E+11,,,,
4151,John Garcia,2.54724E+11,,,,
4150,Carlos Miller,2.54756E+11,,,,
4149,Grace Williams,2.5471E+11,,,,
4148,Bob Williams,2.5479E+11,,,,
4147,Diana Smith,2.54748E+11,,,,
4146,Alice Garcia,2.54755E+11,,,,
4145,John Miller,2.54766E+11,,,,
4144,Grace Davis,2.54771E+11,,,,
4143,Frank Rodriguez,2.54782E+11,,,,
4142,Carlos Smith,2.54742E+11,,,,
4141,Alice Miller,2.54738E+11,,,,
4140,Eve Miller,2.54788E+11,,,,
4139,John Martinez,2.54731E+11,,,,
4138,Jane Brown,2.54762E+11,,,,
4137,Henry Williams,2.54738E+11,,,,
4136,Bob Rodriguez,2.54774E+11,,,,
4135,Bob Williams,2.54758E+11,,,,
4134,Eve Williams,2.54713E+11,,,,
4133,Frank Garcia,2.54775E+11,,,,
4132,Alice Jones,2.54722E+11,,,,
4131,John Garcia,2.54796E+11,,,,
4130,Jane Miller,2.54751E+11,,,,
4129,Grace Johnson,2.54773E+11,,,,
4128,Carlos Johnson,2.54746E+11,,,,
4127,Grace Rodriguez,2.54797E+11,,,,
4126,Jane Williams,2.54725E+11,,,,
4125,Jane Miller,2.54788E+11,,,,
4124,Eve Smith,2.54797E+11,,,,
4123,Bob Jones,2.5474E+11,,,,
4122,John Rodriguez,2.54715E+11,,,,
4121,Grace Davis,2.54798E+11,,,,
4120,Alice Davis,2.54759E+11,,,,
4119,Henry Jones,2.54742E+11,,,,
4118,Henry Jones,2.54785E+11,,,,
4117,Grace Smith,2.54789E+11,,,,
4116,Grace Brown,2.54755E+11,,,,
4115,Carlos Brown,2.54753E+11,,,,
4114,Diana Miller,2.54756E+11,,,,
4113,Frank Johnson,2.54765E+11,,,,
4112,Grace Davis,2.54752E+11,,,,
4111,Henry Martinez,2.54715E+11,,,,
4110,Henry Jones,2.54719E+11,,,,
4109,Carlos Martinez,2.54791E+11,,,,
4108,Grace Garcia,2.54726E+11,,,,
4107,Alice Rodriguez,2.54747E+11,,,,
4106,Bob Rodriguez,2.54768E+11,,,,
4105,Eve Brown,2.54782E+11,,,,
4104,Frank Davis,2.54764E+11,,,,
4103,John Jones,2.5472E+11,,,,
4102,Eve Rodriguez,2.54749E+11,,,,
4101,Jane Williams,2.54765E+11,,,,
4100,Bob Martinez,2.54734E+11,,,,
4099,Jane Brown,2.54759E+11,,,,
4098,John Brown,2.54754E+11,,,,
4097,Alice Johnson,2.54715E+11,,,,
4096,Diana Brown,2.54795E+11,,,,
4095,Frank Johnson,2.54772E+11,,,,
4094,Grace Martinez,2.54736E+11,,,,
4093,Henry Martinez,2.54773E+11,,,,
4092,Grace Brown,2.54746E+11,,,,
4091,Jane Garcia,2.54726E+11,,,,
4090,Bob Miller,2.5478E+11,,,,
4089,John Davis,2.54767E+11,,,,
4088,Frank Brown,2.54763E+11,,,,
4087,Jane Smith,2.54762E+11,,,,
4086,Diana Jones,2.54761E+11,,,,
4085,John Johnson,2.54743E+11,,,,
4084,Alice Miller,2.54798E+11,,,,
4083,John Davis,2.54799E+11,,,,
4082,Eve Jones,2.5475E+11,,,,
4081,John Garcia,2.54713E+11,,,,
4080,Bob Miller,2.54727E+11,,,,
4079,Henry Johnson,2.54777E+11,,,,
4078,Henry Johnson,2.5472E+11,,,,
4077,Bob Rodriguez,2.54783E+11,,,,
4076,Bob Brown,2.54781E+11,,,,
4075,Henry Davis,2.54761E+11,,,,
4074,Bob Garcia,2.54723E+11,,,,
4073,Diana Smith,2.54761E+11,,,,
4072,John Martinez,2.54753E+11,,,,
4071,Frank Garcia,2.5478E+11,,,,
4070,Diana Garcia,2.54731E+11,,,,
4069,Diana Brown,2.54781E+11,,,,
4068,Carlos Williams,2.54746E+11,,,,
4067,John Jones,2.54789E+11,,,,
4066,Eve Smith,2.54772E+11,,,,
4065,Eve Martinez,2.5478E+11,,,,
4064,Diana Jones,2.5478E+11,,,,
4063,Grace Johnson,2.54745E+11,,,,
4062,Henry Williams,2.54726E+11,,,,
4061,Henry Garcia,2.54713E+11,,,,
4060,Carlos Davis,2.54777E+11,,,,
4059,Carlos Brown,2.54781E+11,,,,
4058,Jane Miller,2.54769E+11,,,,
4057,Carlos Martinez,2.54798E+11,,,,
4056,John Williams,2.54753E+11,,,,
4055,Carlos Davis,2.54795E+11,,,,
4054,John Smith,2.5477E+11,,,,
4053,Diana Johnson,2.54783E+11,,,,
4052,Frank Rodriguez,2.5476E+11,,,,
4051,John Johnson,2.5476E+11,,,,
4050,Diana Martinez,2.54781E+11,,,,
4049,Henry Jones,2.54777E+11,,,,
4048,Jane Johnson,2.5476E+11,,,,
4047,John Miller,2.54798E+11,,,,
4046,Diana Rodriguez,2.54743E+11,,,,
4045,Jane Williams,2.54746E+11,,,,
4044,Grace Brown,2.54793E+11,,,,
4043,Alice Johnson,2.54737E+11,,,,
4042,Frank Smith,2.54757E+11,,,,
4041,John Johnson,2.54751E+11,,,,
4040,John Martinez,2.54716E+11,,,,
4039,Frank Davis,2.54765E+11,,,,
4038,Carlos Martinez,2.54744E+11,,,,
4037,Grace Brown,2.54763E+11,,,,
4036,Bob Davis,2.54776E+11,,,,
4035,John Williams,2.54761E+11,,,,
4034,John Williams,2.54758E+11,,,,
4033,John Rodriguez,2.54772E+11,,,,
4032,John Johnson,2.54766E+11,,,,
4031,Alice Williams,2.54724E+11,,,,
4030,John Martinez,2.54781E+11,,,,
4029,Frank Martinez,2.54729E+11,,,,
4028,Grace Martinez,2.5473E+11,,,,
4027,Jane Johnson,2.54781E+11,,,,
4026,Alice Garcia,2.54725E+11,,,,
4025,Carlos Davis,2.54787E+11,,,,
4024,Alice Garcia,2.54795E+11,,,,
4023,Frank Jones,2.54759E+11,,,,
4022,Jane Williams,2.5472E+11,,,,
4021,Bob Martinez,2.5476E+11,,,,
4020,Frank Smith,2.54751E+11,,,,
4019,Frank Garcia,2.54778E+11,,,,
4018,Alice Jones,2.54799E+11,,,,
4017,Alice Smith,2.54763E+11,,,,
4016,Carlos Brown,2.54738E+11,,,,
4015,Frank Johnson,2.54784E+11,,,,
4014,Grace Garcia,2.54784E+11,,,,
4013,Carlos Rodriguez,2.548E+11,,,,
4012,Frank Brown,2.54783E+11,,,,
4011,Eve Brown,2.54728E+11,,,,
4010,Eve Jones,2.54734E+11,,,,
4009,Alice Davis,2.54737E+11,,,,
4008,Jane Garcia,2.54718E+11,,,,
4007,Eve Miller,2.54776E+11,,,,
4006,Bob Rodriguez,2.54787E+11,,,,
4005,Jane Williams,2.54744E+11,,,,
4004,John Miller,2.54755E+11,,,,
4003,Jane Martinez,2.54728E+11,,,,
4002,Frank Johnson,2.54753E+11,,,,
4001,Diana Smith,2.5477E+11,,,,
4000,John Brown,2.54729E+11,,,,
3999,Frank Williams,2.5472E+11,,,,
3998,Grace Rodriguez,2.54718E+11,,,,
3997,Frank Davis,2.54761E+11,,,,
3996,Henry Jones,2.54716E+11,,,,
3995,Eve Miller,2.54777E+11,,,,
3994,John Williams,2.54779E+11,,,,
3993,Eve Brown,2.54721E+11,,,,
3992,Diana Davis,2.54773E+11,,,,
3991,Alice Williams,2.54751E+11,,,,
3990,Frank Martinez,2.54788E+11,,,,
3989,Henry Miller,2.54796E+11,,,,
3988,Bob Williams,2.5479E+11,,,,
3987,Jane Miller,2.54729E+11,,,,
3986,Bob Williams,2.54758E+11,,,,
3985,Grace Williams,2.54746E+11,,,,
3984,Diana Johnson,2.54724E+11,,,,
3983,Grace Davis,2.54746E+11,,,,
3982,John Davis,2.54752E+11,,,,
3981,Frank Smith,2.54796E+11,,,,
3980,Jane Brown,2.54769E+11,,,,
3979,Carlos Brown,2.54788E+11,,,,
3978,Carlos Johnson,2.54786E+11,,,,
3977,Henry Rodriguez,2.54796E+11,,,,
3976,Bob Martinez,2.54733E+11,,,,
3975,John Martinez,2.54729E+11,,,,
3974,John Smith,2.54767E+11,,,,
3973,Henry Brown,2.54753E+11,,,,
3972,Jane Brown,2.54791E+11,,,,
3971,Alice Garcia,2.54743E+11,,,,
3970,Eve Jones,2.54799E+11,,,,
3969,Jane Miller,2.54757E+11,,,,
3968,Diana Miller,2.54732E+11,,,,
3967,Frank Miller,2.54739E+11,,,,
3966,Grace Smith,2.54715E+11,,,,
3965,Frank Martinez,2.54751E+11,,,,
3964,Bob Williams,2.54753E+11,,,,
3963,Carlos Jones,2.54733E+11,,,,
3962,Eve Williams,2.54794E+11,,,,
3961,Grace Davis,2.54766E+11,,,,
3960,Eve Smith,2.54751E+11,,,,
3959,Henry Rodriguez,2.5478E+11,,,,
3958,Frank Smith,2.54791E+11,,,,
3957,Bob Martinez,2.54741E+11,,,,
3956,Jane Garcia,2.54716E+11,,,,
3955,Alice Miller,2.54754E+11,,,,
3954,Carlos Rodriguez,2.5479E+11,,,,
3953,Carlos Jones,2.54712E+11,,,,
3952,Eve Rodriguez,2.54783E+11,,,,
3951,Diana Davis,2.5478E+11,,,,
3950,Frank Johnson,2.54732E+11,,,,
3949,Henry Jones,2.54765E+11,,,,
3948,John Rodriguez,2.54772E+11,,,,
3947,Alice Martinez,2.54789E+11,,,,
3946,Jane Smith,2.54775E+11,,,,
3945,John Miller,2.54733E+11,,,,
3944,Jane Davis,2.54736E+11,,,,
3943,Eve Smith,2.54724E+11,,,,
3942,John Williams,2.5477E+11,,,,
3941,Jane Jones,2.54731E+11,,,,
3940,Alice Martinez,2.54725E+11,,,,
3939,Frank Jones,2.54769E+11,,,,
3938,Jane Smith,2.54758E+11,,,,
3937,Bob Garcia,2.54721E+11,,,,
3936,Eve Miller,2.5475E+11,,,,
3935,Bob Martinez,2.54791E+11,,,,
3934,Frank Smith,2.54769E+11,,,,
3933,Alice Brown,2.54729E+11,,,,
3932,Bob Miller,2.54771E+11,,,,
3931,Henry Miller,2.54793E+11,,,,
3930,Grace Rodriguez,2.54722E+11,,,,
3929,Jane Smith,2.54728E+11,,,,
3928,Jane Miller,2.54795E+11,,,,
3927,Alice Brown,2.54765E+11,,,,
3926,Henry Martinez,2.54726E+11,,,,
3925,John Johnson,2.54716E+11,,,,
3924,Jane Davis,2.5473E+11,,,,
3923,Eve Johnson,2.54727E+11,,,,
3922,Bob Rodriguez,2.54756E+11,,,,
3921,Grace Davis,2.54738E+11,,,,
3920,Henry Smith,2.548E+11,,,,
3919,Frank Davis,2.54716E+11,,,,
3918,Frank Brown,2.54723E+11,,,,
3917,Henry Williams,2.54738E+11,,,,
3916,John Davis,2.5472E+11,,,,
3915,John Garcia,2.54786E+11,,,,
3914,Frank Miller,2.54742E+11,,,,
3913,Eve Rodriguez,2.54715E+11,,,,
3912,Alice Miller,2.54791E+11,,,,
3911,Eve Miller,2.54769E+11,,,,
3910,Bob Johnson,2.54794E+11,,,,
3909,Frank Johnson,2.5471E+11,,,,
3908,John Smith,2.54756E+11,,,,
3907,Grace Miller,2.5477E+11,,,,
3906,Carlos Davis,2.54764E+11,,,,
3905,Henry Garcia,2.54737E+11,,,,
3904,Alice Jones,2.54759E+11,,,,
3903,Eve Williams,2.54793E+11,,,,
3902,Eve Brown,2.54786E+11,,,,
3901,Carlos Davis,2.54728E+11,,,,
3900,Bob Brown,2.5479E+11,,,,
3899,Diana Johnson,2.54741E+11,,,,
3898,Carlos Martinez,2.54785E+11,,,,
3897,Diana Garcia,2.54772E+11,,,,
3896,Eve Johnson,2.54789E+11,,,,
3895,Frank Martinez,2.54714E+11,,,,
3894,Alice Smith,2.5477E+11,,,,
3893,John Miller,2.54752E+11,,,,
3892,Carlos Rodriguez,2.54761E+11,,,,
3891,John Jones,2.54793E+11,,,,
3890,Alice Smith,2.54789E+11,,,,
3889,Bob Miller,2.54718E+11,,,,
3888,Frank Smith,2.54749E+11,,,,
3887,Bob Garcia,2.54742E+11,,,,
3886,Bob Garcia,2.54721E+11,,,,
3885,Henry Johnson,2.54746E+11,,,,
3884,Henry Garcia,2.54725E+11,,,,
3883,Henry Garcia,2.54742E+11,,,,
3882,Jane Garcia,2.54731E+11,,,,
3881,John Jones,2.54727E+11,,,,
3880,Carlos Williams,2.54784E+11,,,,
3879,Henry Garcia,2.54782E+11,,,,
3878,Henry Smith,2.54745E+11,,,,
3877,Henry Davis,2.54721E+11,,,,
3876,Carlos Martinez,2.54724E+11,,,,
3875,Eve Garcia,2.5471E+11,,,,
3874,Carlos Garcia,2.54768E+11,,,,
3873,Eve Williams,2.54792E+11,,,,
3872,John Brown,2.54732E+11,,,,
3871,Grace Jones,2.54755E+11,,,,
3870,Henry Smith,2.54765E+11,,,,
3869,Alice Smith,2.54776E+11,,,,
3868,Alice Davis,2.5474E+11,,,,
3867,Diana Williams,2.54719E+11,,,,
3866,Alice Jones,2.54755E+11,,,,
3865,John Garcia,2.54794E+11,,,,
3864,Henry Jones,2.54797E+11,,,,
3863,John Smith,2.54726E+11,,,,
3862,Diana Rodriguez,2.54741E+11,,,,
3861,Bob Davis,2.5479E+11,,,,
3860,Bob Johnson,2.54739E+11,,,,
3859,John Jones,2.54733E+11,,,,
3858,Carlos Davis,2.54751E+11,,,,
3857,Henry Jones,2.5473E+11,,,,
3856,Henry Martinez,2.54785E+11,,,,
3855,Alice Williams,2.54776E+11,,,,
3854,Frank Johnson,2.54724E+11,,,,
3853,Carlos Miller,2.54731E+11,,,,
3852,Bob Martinez,2.54715E+11,,,,
3851,Carlos Martinez,2.5471E+11,,,,
3850,Henry Jones,2.54784E+11,,,,
3849,Frank Smith,2.54756E+11,,,,
3848,Diana Miller,2.54779E+11,,,,
3847,Carlos Garcia,2.54772E+11,,,,
3846,Grace Martinez,2.54713E+11,,,,
3845,Carlos Davis,2.54794E+11,,,,
3844,Bob Garcia,2.54739E+11,,,,
3843,Jane Garcia,2.54732E+11,,,,
3842,Diana Davis,2.54721E+11,,,,
3841,Henry Martinez,2.5478E+11,,,,
3840,Bob Smith,2.54735E+11,,,,
3839,Frank Brown,2.54774E+11,,,,
3838,Frank Martinez,2.54791E+11,,,,
3837,Alice Miller,2.54726E+11,,,,
3836,Alice Jones,2.54731E+11,,,,
3835,John Smith,2.54781E+11,,,,
3834,Grace Rodriguez,2.54765E+11,,,,
3833,Carlos Miller,2.54781E+11,,,,
3832,Alice Rodriguez,2.54795E+11,,,,
3831,Grace Williams,2.54719E+11,,,,
3830,Bob Garcia,2.54726E+11,,,,
3829,Eve Garcia,2.54771E+11,,,,
3828,Bob Brown,2.54773E+11,,,,
3827,Grace Brown,2.54782E+11,,,,
3826,Grace Davis,2.54774E+11,,,,
3825,Jane Martinez,2.54759E+11,,,,
3824,Jane Williams,2.54793E+11,,,,
3823,Jane Jones,2.54738E+11,,,,
3822,Alice Johnson,2.54729E+11,,,,
3821,Carlos Jones,2.54722E+11,,,,
3820,Henry Johnson,2.54711E+11,,,,
3819,Jane Williams,2.54745E+11,,,,
3818,Bob Johnson,2.54761E+11,,,,
3817,Carlos Jones,2.54787E+11,,,,
3816,Grace Williams,2.54751E+11,,,,
3815,Henry Martinez,2.54748E+11,,,,
3814,Carlos Williams,2.54782E+11,,,,
3813,Alice Smith,2.5478E+11,,,,
3812,Jane Garcia,2.54731E+11,,,,
3811,Alice Garcia,2.548E+11,,,,
3810,Grace Johnson,2.54757E+11,,,,
3809,Jane Martinez,2.54779E+11,,,,
3808,Henry Davis,2.54742E+11,,,,
3807,Diana Johnson,2.5477E+11,,,,
3806,Alice Jones,2.54774E+11,,,,
3805,Diana Brown,2.54789E+11,,,,
3804,Jane Rodriguez,2.54781E+11,,,,
3803,John Williams,2.5471E+11,,,,
3802,Henry Smith,2.54766E+11,,,,
3801,Henry Martinez,2.54717E+11,,,,
3800,Grace Garcia,2.54757E+11,,,,
3799,Frank Smith,2.54792E+11,,,,
3798,Frank Williams,2.54722E+11,,,,
3797,Jane Garcia,2.54725E+11,,,,
3796,Diana Miller,2.54794E+11,,,,
3795,Eve Martinez,2.54724E+11,,,,
3794,Eve Rodriguez,2.54721E+11,,,,
3793,Bob Johnson,2.54791E+11,,,,
3792,Bob Miller,2.54748E+11,,,,
3791,Alice Davis,2.54725E+11,,,,
3790,Eve Martinez,2.54733E+11,,,,
3789,Grace Rodriguez,2.54751E+11,,,,
3788,Bob Davis,2.54731E+11,,,,
3787,Bob Williams,2.54718E+11,,,,
3786,John Miller,2.54797E+11,,,,
3785,Henry Williams,2.54716E+11,,,,
3784,Frank Brown,2.54764E+11,,,,
3783,John Williams,2.54717E+11,,,,
3782,Carlos Smith,2.54771E+11,,,,
3781,Grace Rodriguez,2.54711E+11,,,,
3780,Grace Martinez,2.54718E+11,,,,
3779,Henry Smith,2.54786E+11,,,,
3778,Alice Davis,2.54738E+11,,,,
3777,Frank Brown,2.54773E+11,,,,
3776,Frank Martinez,2.54728E+11,,,,
3775,Henry Garcia,2.5475E+11,,,,
3774,Frank Martinez,2.54798E+11,,,,
3773,Jane Martinez,2.54724E+11,,,,
3772,Alice Garcia,2.54731E+11,,,,
3771,Frank Davis,2.5474E+11,,,,
3770,Diana Smith,2.54712E+11,,,,
3769,Carlos Miller,2.54771E+11,,,,
3768,Grace Martinez,2.54748E+11,,,,
3767,Diana Johnson,2.54772E+11,,,,
3766,John Martinez,2.54726E+11,,,,
3765,Eve Garcia,2.54775E+11,,,,
3764,John Smith,2.54731E+11,,,,
3763,Carlos Miller,2.5479E+11,,,,
3762,Jane Martinez,2.54724E+11,,,,
3761,Alice Johnson,2.54722E+11,,,,
3760,Henry Davis,2.54714E+11,,,,
3759,Eve Smith,2.54745E+11,,,,
3758,Jane Davis,2.54733E+11,,,,
3757,Bob Johnson,2.54758E+11,,,,
3756,Grace Martinez,2.54796E+11,,,,
3755,Eve Miller,2.54774E+11,,,,
3754,Frank Rodriguez,2.54752E+11,,,,
3753,Carlos Davis,2.548E+11,,,,
3752,Henry Brown,2.54794E+11,,,,
3751,Bob Williams,2.54778E+11,,,,
3750,Henry Williams,2.54767E+11,,,,
3749,Bob Brown,2.54797E+11,,,,
3748,Alice Davis,2.54721E+11,,,,
3747,Henry Rodriguez,2.54744E+11,,,,
3746,Diana Davis,2.54795E+11,,,,
3745,Bob Smith,2.54749E+11,,,,
3744,Eve Davis,2.54757E+11,,,,
3743,Eve Martinez,2.54723E+11,,,,
3742,Diana Davis,2.54773E+11,,,,
3741,Bob Martinez,2.54744E+11,,,,
3740,Alice Rodriguez,2.54781E+11,,,,
3739,Alice Jones,2.54745E+11,,,,
3738,Diana Jones,2.54733E+11,,,,
3737,Eve Johnson,2.54746E+11,,,,
3736,Henry Jones,2.54742E+11,,,,
3735,Henry Johnson,2.54759E+11,,,,
3734,Jane Miller,2.54736E+11,,,,
3733,Diana Jones,2.5477E+11,,,,
3732,Eve Miller,2.54783E+11,,,,
3731,Eve Williams,2.54766E+11,,,,
3730,John Miller,2.54734E+11,,,,
3729,Jane Williams,2.54718E+11,,,,
3728,Bob Johnson,2.54755E+11,,,,
3727,Carlos Garcia,2.54718E+11,,,,
3726,Frank Jones,2.54727E+11,,,,
3725,Diana Brown,2.54776E+11,,,,
3724,Diana Williams,2.54745E+11,,,,
3723,Grace Johnson,2.54786E+11,,,,
3722,Diana Williams,2.5476E+11,,,,
3721,John Davis,2.54753E+11,,,,
3720,Bob Brown,2.54724E+11,,,,
3719,Jane Davis,2.5476E+11,,,,
3718,Bob Johnson,2.54767E+11,,,,
3717,Jane Jones,2.54799E+11,,,,
3716,Bob Johnson,2.5476E+11,,,,
3715,Carlos Williams,2.54728E+11,,,,
3714,Alice Garcia,2.54792E+11,,,,
3713,Carlos Rodriguez,2.54783E+11,,,,
3712,John Martinez,2.54715E+11,,,,
3711,John Miller,2.54787E+11,,,,
3710,Bob Martinez,2.54785E+11,,,,
3709,Jane Davis,2.54789E+11,,,,
3708,Eve Martinez,2.5477E+11,,,,
3707,Diana Garcia,2.54778E+11,,,,
3706,Jane Garcia,2.54783E+11,,,,
3705,Eve Johnson,2.54719E+11,,,,
3704,Alice Rodriguez,2.54714E+11,,,,
3703,Carlos Garcia,2.5476E+11,,,,
3702,Frank Martinez,2.54748E+11,,,,
3701,Alice Jones,2.54742E+11,,,,
3700,Jane Davis,2.5479E+11,,,,
3699,Grace Garcia,2.54794E+11,,,,
3698,Jane Jones,2.54794E+11,,,,
3697,John Williams,2.54764E+11,,,,
3696,John Davis,2.54757E+11,,,,
3695,John Brown,2.54741E+11,,,,
3694,Jane Martinez,2.54711E+11,,,,
3693,Henry Brown,2.54743E+11,,,,
3692,Eve Martinez,2.54778E+11,,,,
3691,Diana Miller,2.54717E+11,,,,
3690,Frank Rodriguez,2.54772E+11,,,,
3689,Diana Williams,2.54743E+11,,,,
3688,Jane Jones,2.54799E+11,,,,
3687,Alice Williams,2.54761E+11,,,,
3686,Diana Rodriguez,2.54768E+11,,,,
3685,Grace Johnson,2.54748E+11,,,,
3684,Diana Smith,2.54764E+11,,,,
3683,Bob Martinez,2.54791E+11,,,,
3682,Grace Brown,2.54769E+11,,,,
3681,Carlos Williams,2.54771E+11,,,,
3680,Bob Brown,2.54756E+11,,,,
3679,Diana Davis,2.54772E+11,,,,
3678,Jane Miller,2.54741E+11,,,,
3677,Diana Williams,2.5471E+11,,,,
3676,Diana Davis,2.54717E+11,,,,
3675,Grace Miller,2.54712E+11,,,,
3674,Frank Garcia,2.54723E+11,,,,
3673,Jane Johnson,2.54766E+11,,,,
3672,Bob Johnson,2.54729E+11,,,,
3671,Jane Williams,2.54785E+11,,,,
3670,Grace Smith,2.5476E+11,,,,
3669,Carlos Miller,2.54721E+11,,,,
3668,Alice Brown,2.54773E+11,,,,
3667,Carlos Brown,2.54748E+11,,,,
3666,Carlos Miller,2.54767E+11,,,,
3665,Eve Brown,2.54758E+11,,,,
3664,Carlos Johnson,2.54785E+11,,,,
3663,Bob Johnson,2.54734E+11,,,,
3662,Henry Davis,2.54773E+11,,,,
3661,John Smith,2.54783E+11,,,,
3660,Alice Martinez,2.54735E+11,,,,
3659,Jane Johnson,2.54712E+11,,,,
3658,Eve Johnson,2.54741E+11,,,,
3657,Alice Davis,2.54754E+11,,,,
3656,Alice Johnson,2.54725E+11,,,,
3655,John Garcia,2.54789E+11,,,,
3654,Grace Garcia,2.54768E+11,,,,
3653,Diana Williams,2.54765E+11,,,,
3652,Bob Brown,2.54752E+11,,,,
3651,Carlos Garcia,2.54717E+11,,,,
3650,Carlos Garcia,2.5477E+11,,,,
3649,Bob Jones,2.54789E+11,,,,
3648,Diana Miller,2.54764E+11,,,,
3647,Jane Davis,2.54774E+11,,,,
3646,Henry Brown,2.54728E+11,,,,
3645,Eve Jones,2.54718E+11,,,,
3644,Eve Miller,2.54733E+11,,,,
3643,Frank Johnson,2.5478E+11,,,,
3642,Carlos Johnson,2.54775E+11,,,,
3641,Diana Garcia,2.54784E+11,,,,
3640,Jane Jones,2.54762E+11,,,,
3639,John Smith,2.54751E+11,,,,
3638,Jane Davis,2.54769E+11,,,,
3637,John Martinez,2.54739E+11,,,,
3636,Diana Johnson,2.5475E+11,,,,
3635,Bob Johnson,2.54771E+11,,,,
3634,Eve Smith,2.54784E+11,,,,
3633,Frank Garcia,2.54774E+11,,,,
3632,John Martinez,2.54722E+11,,,,
3631,Henry Garcia,2.54793E+11,,,,
3630,Alice Garcia,2.5473E+11,,,,
3629,Carlos Brown,2.54745E+11,,,,
3628,Carlos Jones,2.54725E+11,,,,
3627,Alice Garcia,2.54732E+11,,,,
3626,Eve Garcia,2.54798E+11,,,,
3625,Diana Smith,2.54774E+11,,,,
3624,John Smith,2.54746E+11,,,,
3623,Alice Johnson,2.54763E+11,,,,
3622,Henry Martinez,2.54763E+11,,,,
3621,Henry Williams,2.54792E+11,,,,
3620,John Miller,2.54745E+11,,,,
3619,Eve Jones,2.54739E+11,,,,
3618,Diana Garcia,2.54746E+11,,,,
3617,Carlos Williams,2.54733E+11,,,,
3616,Eve Johnson,2.54714E+11,,,,
3615,Bob Johnson,2.54714E+11,,,,
3614,Alice Johnson,2.54744E+11,,,,
3613,Jane Martinez,2.54754E+11,,,,
3612,Frank Davis,2.54747E+11,,,,
3611,Grace Brown,2.54767E+11,,,,
3610,Henry Brown,2.54713E+11,,,,
3609,Henry Rodriguez,2.54757E+11,,,,
3608,Henry Miller,2.54787E+11,,,,
3607,Diana Smith,2.54758E+11,,,,
3606,Diana Johnson,2.54772E+11,,,,
3605,Bob Brown,2.54736E+11,,,,
3604,Carlos Garcia,2.54741E+11,,,,
3603,Jane Smith,2.54737E+11,,,,
3602,Jane Rodriguez,2.54798E+11,,,,
3601,Jane Johnson,2.54799E+11,,,,
3600,Henry Rodriguez,2.54724E+11,,,,
3599,Frank Miller,2.54749E+11,,,,
3598,Alice Jones,2.54759E+11,,,,
3597,John Garcia,2.5475E+11,,,,
3596,Grace Brown,2.54768E+11,,,,
3595,Henry Brown,2.54743E+11,,,,
3594,John Martinez,2.54716E+11,,,,
3593,Bob Johnson,2.54787E+11,,,,
3592,Henry Brown,2.54746E+11,,,,
3591,Diana Brown,2.54781E+11,,,,
3590,Bob Smith,2.5475E+11,,,,
3589,Eve Garcia,2.54768E+11,,,,
3588,John Garcia,2.54763E+11,,,,
3587,Carlos Williams,2.5473E+11,,,,
3586,Bob Martinez,2.5474E+11,,,,
3585,Jane Davis,2.54768E+11,,,,
3584,Eve Williams,2.54761E+11,,,,
3583,Frank Jones,2.54778E+11,,,,
3582,Carlos Rodriguez,2.54786E+11,,,,
3581,Carlos Miller,2.54759E+11,,,,
3580,Henry Smith,2.54779E+11,,,,
3579,Eve Smith,2.54725E+11,,,,
3578,Bob Jones,2.54757E+11,,,,
3577,Alice Johnson,2.54762E+11,,,,
3576,Alice Davis,2.54778E+11,,,,
3575,Grace Garcia,2.54723E+11,,,,
3574,Alice Martinez,2.54766E+11,,,,
3573,John Miller,2.54744E+11,,,,
3572,Grace Garcia,2.54767E+11,,,,
3571,Frank Davis,2.5479E+11,,,,
3570,Henry Jones,2.5476E+11,,,,
3569,Alice Brown,2.54728E+11,,,,
3568,Frank Johnson,2.54766E+11,,,,
3567,John Smith,2.5479E+11,,,,
3566,Bob Smith,2.54768E+11,,,,
3565,Bob Davis,2.5474E+11,,,,
3564,John Davis,2.54794E+11,,,,
3563,Diana Garcia,2.54797E+11,,,,
3562,Carlos Martinez,2.54717E+11,,,,
3561,Carlos Davis,2.54781E+11,,,,
3560,Frank Garcia,2.5479E+11,,,,
3559,Alice Johnson,2.54762E+11,,,,
3558,Bob Garcia,2.54728E+11,,,,
3557,John Martinez,2.54725E+11,,,,
3556,Eve Rodriguez,2.54734E+11,,,,
3555,Carlos Smith,2.54744E+11,,,,
3554,Frank Brown,2.54794E+11,,,,
3553,Diana Garcia,2.5479E+11,,,,
3552,Grace Williams,2.5479E+11,,,,
3551,Alice Garcia,2.54796E+11,,,,
3550,Carlos Smith,2.5476E+11,,,,
3549,John Miller,2.54764E+11,,,,
3548,Henry Williams,2.54759E+11,,,,
3547,Eve Smith,2.54798E+11,,,,
3546,Carlos Garcia,2.54771E+11,,,,
3545,Grace Johnson,2.54785E+11,,,,
3544,John Johnson,2.54711E+11,,,,
3543,Diana Davis,2.54744E+11,,,,
3542,Diana Garcia,2.54749E+11,,,,
3541,Eve Garcia,2.54793E+11,,,,
3540,Henry Garcia,2.54756E+11,,,,
3539,Frank Smith,2.54711E+11,,,,
3538,Grace Davis,2.54713E+11,,,,
3537,Grace Smith,2.54728E+11,,,,
3536,Bob Brown,2.54731E+11,,,,
3535,Carlos Rodriguez,2.54743E+11,,,,
3534,John Jones,2.54753E+11,,,,
3533,Grace Rodriguez,2.54745E+11,,,,
3532,Henry Jones,2.54732E+11,,,,
3531,Alice Garcia,2.54767E+11,,,,
3530,Bob Smith,2.54754E+11,,,,
3529,Grace Jones,2.5474E+11,,,,
3528,Bob Smith,2.54764E+11,,,,
3527,John Williams,2.54715E+11,,,,
3526,Frank Williams,2.54783E+11,,,,
3525,Bob Rodriguez,2.54783E+11,,,,
3524,Eve Johnson,2.54769E+11,,,,
3523,Alice Miller,2.54744E+11,,,,
3522,Henry Miller,2.5477E+11,,,,
3521,John Jones,2.54786E+11,,,,
3520,Diana Martinez,2.54776E+11,,,,
3519,Eve Jones,2.54777E+11,,,,
3518,Grace Brown,2.54755E+11,,,,
3517,Jane Williams,2.548E+11,,,,
3516,Bob Brown,2.54796E+11,,,,
3515,Alice Brown,2.54769E+11,,,,
3514,Grace Brown,2.54795E+11,,,,
3513,Henry Jones,2.54722E+11,,,,
3512,Jane Rodriguez,2.54741E+11,,,,
3511,John Martinez,2.54742E+11,,,,
3510,Frank Miller,2.54717E+11,,,,
3509,Henry Brown,2.54734E+11,,,,
3508,Frank Smith,2.54729E+11,,,,
3507,John Brown,2.54736E+11,,,,
3506,Eve Martinez,2.5479E+11,,,,
3505,Alice Jones,2.54784E+11,,,,
3504,Diana Brown,2.54775E+11,,,,
3503,Diana Davis,2.54797E+11,,,,
3502,Alice Davis,2.54712E+11,,,,
3501,Diana Brown,2.54797E+11,,,,
3500,Eve Brown,2.54783E+11,,,,
3499,Bob Martinez,2.54798E+11,,,,
3498,Jane Brown,2.54778E+11,,,,
3497,Jane Martinez,2.5474E+11,,,,
3496,Grace Garcia,2.54731E+11,,,,
3495,Alice Rodriguez,2.54737E+11,,,,
3494,Grace Williams,2.54732E+11,,,,
3493,Bob Davis,2.54795E+11,,,,
3492,Henry Smith,2.54797E+11,,,,
3491,Grace Smith,2.54784E+11,,,,
3490,Diana Smith,2.5471E+11,,,,
3489,Bob Rodriguez,2.54742E+11,,,,
3488,Frank Williams,2.54782E+11,,,,
3487,Eve Miller,2.54727E+11,,,,
3486,Frank Garcia,2.54767E+11,,,,
3485,Diana Williams,2.54717E+11,,,,
3484,Diana Jones,2.54729E+11,,,,
3483,Diana Rodriguez,2.54783E+11,,,,
3482,Carlos Johnson,2.54784E+11,,,,
3481,Alice Williams,2.54738E+11,,,,
3480,Alice Miller,2.54751E+11,,,,
3479,John Davis,2.54723E+11,,,,
3478,Henry Miller,2.54759E+11,,,,
3477,Grace Jones,2.54779E+11,,,,
3476,Alice Jones,2.54794E+11,,,,
3475,Bob Martinez,2.54737E+11,,,,
3474,Carlos Martinez,2.54762E+11,,,,
3473,Carlos Smith,2.54792E+11,,,,
3472,John Garcia,2.54782E+11,,,,
3471,Alice Johnson,2.54781E+11,,,,
3470,Frank Miller,2.54731E+11,,,,
3469,Grace Smith,2.54745E+11,,,,
3468,Grace Smith,2.54785E+11,,,,
3467,Jane Rodriguez,2.54763E+11,,,,
3466,Henry Williams,2.54741E+11,,,,
3465,Jane Johnson,2.54768E+11,,,,
3464,Frank Williams,2.54756E+11,,,,
3463,Jane Garcia,2.54747E+11,,,,
3462,Alice Smith,2.54752E+11,,,,
3461,Diana Miller,2.5479E+11,,,,
3460,Bob Miller,2.54747E+11,,,,
3459,Alice Garcia,2.54737E+11,,,,
3458,Henry Johnson,2.54747E+11,,,,
3457,John Garcia,2.54732E+11,,,,
3456,Frank Miller,2.54784E+11,,,,
3455,Alice Williams,2.54747E+11,,,,
3454,Eve Jones,2.54794E+11,,,,
3453,Grace Jones,2.54727E+11,,,,
3452,Bob Miller,2.5476E+11,,,,
3451,Alice Smith,2.54711E+11,,,,
3450,Jane Davis,2.54778E+11,,,,
3449,Diana Martinez,2.5473E+11,,,,
3448,Bob Jones,2.54718E+11,,,,
3447,Bob Williams,2.54787E+11,,,,
3446,Grace Brown,2.5478E+11,,,,
3445,Henry Rodriguez,2.54777E+11,,,,
3444,Frank Martinez,2.54793E+11,,,,
3443,Grace Miller,2.54768E+11,,,,
3442,Diana Rodriguez,2.54761E+11,,,,
3441,John Brown,2.54739E+11,,,,
3440,Alice Williams,2.54728E+11,,,,
3439,Diana Jones,2.54794E+11,,,,
3438,Carlos Jones,2.54719E+11,,,,
3437,Henry Davis,2.54712E+11,,,,
3436,Frank Garcia,2.54758E+11,,,,
3435,Frank Martinez,2.54714E+11,,,,
3434,Carlos Miller,2.54776E+11,,,,
3433,Bob Davis,2.5472E+11,,,,
3432,Grace Smith,2.54724E+11,,,,
3431,Eve Johnson,2.54753E+11,,,,
3430,John Miller,2.54751E+11,,,,
3429,Diana Jones,2.5471E+11,,,,
3428,Henry Jones,2.54731E+11,,,,
3427,Henry Johnson,2.54747E+11,,,,
3426,Carlos Jones,2.54742E+11,,,,
3425,Carlos Garcia,2.54744E+11,,,,
3424,Diana Rodriguez,2.54757E+11,,,,
3423,Henry Smith,2.54754E+11,,,,
3422,John Williams,2.54742E+11,,,,
3421,Frank Miller,2.54771E+11,,,,
3420,Frank Miller,2.54726E+11,,,,
3419,Alice Smith,2.54789E+11,,,,
3418,Jane Smith,2.5473E+11,,,,
3417,Alice Williams,2.54773E+11,,,,
3416,Bob Jones,2.54794E+11,,,,
3415,Diana Smith,2.54761E+11,,,,
3414,Bob Martinez,2.54779E+11,,,,
3413,Diana Martinez,2.54761E+11,,,,
3412,Frank Brown,2.54744E+11,,,,
3411,Grace Williams,2.54793E+11,,,,
3410,John Williams,2.5474E+11,,,,
3409,Carlos Johnson,2.54791E+11,,,,
3408,Henry Jones,2.54766E+11,,,,
3407,Alice Miller,2.54752E+11,,,,
3406,John Miller,2.54762E+11,,,,
3405,Eve Jones,2.54728E+11,,,,
3404,John Miller,2.54723E+11,,,,
3403,Henry Martinez,2.54796E+11,,,,
3402,Henry Brown,2.54746E+11,,,,
3401,Henry Davis,2.54762E+11,,,,
3400,Bob Miller,2.5479E+11,,,,
3399,John Brown,2.54765E+11,,,,
3398,John Miller,2.54726E+11,,,,
3397,John Brown,2.54765E+11,,,,
3396,Frank Martinez,2.54767E+11,,,,
3395,Grace Brown,2.54777E+11,,,,
3394,Grace Martinez,2.54738E+11,,,,
3393,Carlos Smith,2.54764E+11,,,,
3392,Jane Smith,2.54764E+11,,,,
3391,Henry Johnson,2.54757E+11,,,,
3390,Jane Miller,2.5479E+11,,,,
3389,Jane Miller,2.54789E+11,,,,
3388,Grace Miller,2.54739E+11,,,,
3387,Diana Garcia,2.54798E+11,,,,
3386,Grace Davis,2.54772E+11,,,,
3385,John Miller,2.54764E+11,,,,
3384,Bob Miller,2.54775E+11,,,,
3383,John Johnson,2.54744E+11,,,,
3382,Henry Williams,2.54752E+11,,,,
3381,Grace Garcia,2.54761E+11,,,,
3380,Carlos Martinez,2.54757E+11,,,,
3379,Grace Davis,2.54774E+11,,,,
3378,Bob Miller,2.54741E+11,,,,
3377,Bob Davis,2.54752E+11,,,,
3376,Eve Garcia,2.54782E+11,,,,
3375,Frank Rodriguez,2.54756E+11,,,,
3374,Jane Rodriguez,2.54768E+11,,,,
3373,Grace Rodriguez,2.54734E+11,,,,
3372,Carlos Smith,2.54788E+11,,,,
3371,Diana Miller,2.54791E+11,,,,
3370,Henry Brown,2.54781E+11,,,,
3369,Bob Williams,2.54788E+11,,,,
3368,John Johnson,2.54748E+11,,,,
3367,Frank Brown,2.5479E+11,,,,
3366,Carlos Garcia,2.54765E+11,,,,
3365,Bob Johnson,2.54717E+11,,,,
3364,Eve Jones,2.54785E+11,,,,
3363,Bob Davis,2.54791E+11,,,,
3362,John Smith,2.54777E+11,,,,
3361,Eve Miller,2.54776E+11,,,,
3360,John Jones,2.54782E+11,,,,
3359,Jane Smith,2.54764E+11,,,,
3358,Jane Rodriguez,2.54753E+11,,,,
3357,Grace Williams,2.54723E+11,,,,
3356,Diana Brown,2.54727E+11,,,,
3355,Eve Miller,2.54793E+11,,,,
3354,Henry Smith,2.54767E+11,,,,
3353,Frank Williams,2.54778E+11,,,,
3352,Carlos Jones,2.54727E+11,,,,
3351,Henry Martinez,2.54745E+11,,,,
3350,Jane Williams,2.54787E+11,,,,
3349,Bob Davis,2.54718E+11,,,,
3348,Bob Rodriguez,2.54762E+11,,,,
3347,Jane Davis,2.54766E+11,,,,
3346,Bob Johnson,2.54716E+11,,,,
3345,John Brown,2.5479E+11,,,,
3344,Alice Brown,2.54749E+11,,,,
3343,Jane Davis,2.54724E+11,,,,
3342,Frank Garcia,2.54733E+11,,,,
3341,Henry Williams,2.5476E+11,,,,
3340,Carlos Garcia,2.54794E+11,,,,
3339,Diana Davis,2.54754E+11,,,,
3338,Alice Smith,2.54745E+11,,,,
3337,Henry Smith,2.54786E+11,,,,
3336,Jane Garcia,2.54753E+11,,,,
3335,Carlos Rodriguez,2.54746E+11,,,,
3334,Frank Rodriguez,2.54773E+11,,,,
3333,John Smith,2.54777E+11,,,,
3332,Bob Garcia,2.54714E+11,,,,
3331,Jane Williams,2.54751E+11,,,,
3330,Frank Jones,2.54722E+11,,,,
3329,Carlos Johnson,2.54768E+11,,,,
3328,Grace Brown,2.54783E+11,,,,
3327,Jane Miller,2.54783E+11,,,,
3326,Henry Smith,2.5472E+11,,,,
3325,Diana Rodriguez,2.54783E+11,,,,
3324,Carlos Brown,2.54711E+11,,,,
3323,Alice Garcia,2.54738E+11,,,,
3322,Jane Johnson,2.54756E+11,,,,
3321,Diana Brown,2.54711E+11,,,,
3320,Frank Jones,2.54712E+11,,,,
3319,John Johnson,2.54772E+11,,,,
3318,John Martinez,2.5479E+11,,,,
3317,Bob Garcia,2.54752E+11,,,,
3316,Eve Williams,2.54779E+11,,,,
3315,Grace Martinez,2.54731E+11,,,,
3314,John Williams,2.54798E+11,,,,
3313,Grace Williams,2.54799E+11,,,,
3312,Alice Jones,2.54734E+11,,,,
3311,Diana Martinez,2.54753E+11,,,,
3310,Grace Miller,2.54746E+11,,,,
3309,Frank Martinez,2.54749E+11,,,,
3308,Alice Rodriguez,2.54761E+11,,,,
3307,Jane Rodriguez,2.54738E+11,,,,
3306,Eve Smith,2.5477E+11,,,,
3305,Jane Williams,2.54742E+11,,,,
3304,Frank Williams,2.5478E+11,,,,
3303,Grace Rodriguez,2.54733E+11,,,,
3302,Bob Martinez,2.54748E+11,,,,
3301,Carlos Jones,2.54794E+11,,,,
3300,Eve Jones,2.54755E+11,,,,
3299,Grace Miller,2.54712E+11,,,,
3298,Grace Smith,2.54793E+11,,,,
3297,Eve Jones,2.54724E+11,,,,
3296,Diana Rodriguez,2.54744E+11,,,,
3295,Frank Williams,2.54734E+11,,,,
3294,Carlos Garcia,2.54777E+11,,,,
3293,Carlos Jones,2.5473E+11,,,,
3292,Henry Davis,2.548E+11,,,,
3291,Henry Jones,2.54774E+11,,,,
3290,Bob Jones,2.54782E+11,,,,
3289,Frank Jones,2.5473E+11,,,,
3288,Henry Smith,2.54797E+11,,,,
3287,Eve Smith,2.54744E+11,,,,
3286,Grace Jones,2.5476E+11,,,,
3285,Jane Martinez,2.54716E+11,,,,
3284,Jane Williams,2.54736E+11,,,,
3283,Jane Martinez,2.54723E+11,,,,
3282,Jane Rodriguez,2.54758E+11,,,,
3281,John Smith,2.54767E+11,,,,
3280,Jane Davis,2.5471E+11,,,,
3279,Frank Brown,2.54762E+11,,,,
3278,Frank Rodriguez,2.54712E+11,,,,
3277,Eve Martinez,2.5473E+11,,,,
3276,Eve Smith,2.54797E+11,,,,
3275,Grace Davis,2.54796E+11,,,,
3274,Frank Brown,2.54717E+11,,,,
3273,Alice Davis,2.54731E+11,,,,
3272,Carlos Jones,2.54714E+11,,,,
3271,Diana Brown,2.54759E+11,,,,
3270,Henry Martinez,2.54779E+11,,,,
3269,Grace Williams,2.54711E+11,,,,
3268,Eve Johnson,2.54747E+11,,,,
3267,Diana Smith,2.54726E+11,,,,
3266,Grace Martinez,2.54764E+11,,,,
3265,John Rodriguez,2.54722E+11,,,,
3264,Alice Jones,2.54729E+11,,,,
3263,Diana Martinez,2.54715E+11,,,,
3262,Henry Rodriguez,2.54742E+11,,,,
3261,Eve Williams,2.54776E+11,,,,
3260,Diana Williams,2.54743E+11,,,,
3259,Henry Garcia,2.54777E+11,,,,
3258,Carlos Jones,2.54796E+11,,,,
3257,Jane Brown,2.5473E+11,,,,
3256,Bob Martinez,2.54775E+11,,,,
3255,Bob Smith,2.54758E+11,,,,
3254,Henry Rodriguez,2.54783E+11,,,,
3253,Eve Martinez,2.54729E+11,,,,
3252,Grace Garcia,2.54745E+11,,,,
3251,Henry Garcia,2.54796E+11,,,,
3250,John Smith,2.54728E+11,,,,
3249,Carlos Martinez,2.54768E+11,,,,
3248,John Martinez,2.54742E+11,,,,
3247,Alice Rodriguez,2.54761E+11,,,,
3246,Carlos Williams,2.54719E+11,,,,
3245,Bob Rodriguez,2.54736E+11,,,,
3244,Alice Garcia,2.54743E+11,,,,
3243,John Smith,2.54712E+11,,,,
3242,Henry Williams,2.5472E+11,,,,
3241,Bob Smith,2.54738E+11,,,,
3240,Carlos Brown,2.54798E+11,,,,
3239,Frank Garcia,2.54742E+11,,,,
3238,Frank Miller,2.54771E+11,,,,
3237,Alice Johnson,2.54738E+11,,,,
3236,Jane Brown,2.548E+11,,,,
3235,Grace Johnson,2.54758E+11,,,,
3234,Alice Smith,2.54767E+11,,,,
3233,John Johnson,2.54746E+11,,,,
3232,Jane Garcia,2.54712E+11,,,,
3231,Jane Jones,2.54733E+11,,,,
3230,Alice Williams,2.54791E+11,,,,
3229,Frank Davis,2.54771E+11,,,,
3228,Carlos Jones,2.54741E+11,,,,
3227,Jane Jones,2.54799E+11,,,,
3226,Henry Rodriguez,2.54752E+11,,,,
3225,Henry Garcia,2.54787E+11,,,,
3224,Carlos Garcia,2.54712E+11,,,,
3223,Alice Rodriguez,2.54734E+11,,,,
3222,Frank Garcia,2.54766E+11,,,,
3221,Carlos Johnson,2.54733E+11,,,,
3220,Eve Williams,2.54734E+11,,,,
3219,John Garcia,2.54733E+11,,,,
3218,Henry Johnson,2.54752E+11,,,,
3217,Carlos Jones,2.5479E+11,,,,
3216,Bob Martinez,2.54715E+11,,,,
3215,Diana Davis,2.54756E+11,,,,
3214,Frank Davis,2.54765E+11,,,,
3213,Diana Smith,2.54795E+11,,,,
3212,Frank Williams,2.54798E+11,,,,
3211,Alice Williams,2.54718E+11,,,,
3210,Bob Smith,2.54729E+11,,,,
3209,Eve Jones,2.54751E+11,,,,
3208,Jane Martinez,2.54738E+11,,,,
3207,Grace Brown,2.5478E+11,,,,
3206,Henry Miller,2.54722E+11,,,,
3205,Grace Davis,2.54727E+11,,,,
3204,Diana Davis,2.54753E+11,,,,
3203,Jane Williams,2.54771E+11,,,,
3202,Carlos Smith,2.54754E+11,,,,
3201,Grace Garcia,2.54784E+11,,,,
3200,Grace Rodriguez,2.54759E+11,,,,
3199,Bob Johnson,2.54798E+11,,,,
3198,Henry Brown,2.54743E+11,,,,
3197,Grace Davis,2.54746E+11,,,,
3196,Alice Jones,2.54723E+11,,,,
3195,Bob Martinez,2.54714E+11,,,,
3194,Eve Garcia,2.54781E+11,,,,
3193,Bob Davis,2.54798E+11,,,,
3192,Henry Garcia,2.54762E+11,,,,
3191,Grace Miller,2.54769E+11,,,,
3190,Frank Jones,2.54797E+11,,,,
3189,Grace Jones,2.54758E+11,,,,
3188,Carlos Williams,2.54724E+11,,,,
3187,Henry Williams,2.54767E+11,,,,
3186,Bob Williams,2.5478E+11,,,,
3185,Henry Smith,2.54727E+11,,,,
3184,Eve Martinez,2.54784E+11,,,,
3183,Carlos Jones,2.54758E+11,,,,
3182,Carlos Rodriguez,2.54757E+11,,,,
3181,Grace Garcia,2.54761E+11,,,,
3180,Jane Jones,2.54711E+11,,,,
3179,Alice Smith,2.5478E+11,,,,
3178,Carlos Martinez,2.54788E+11,,,,
3177,Grace Miller,2.54755E+11,,,,
3176,Carlos Davis,2.54779E+11,,,,
3175,Bob Jones,2.54793E+11,,,,
3174,Jane Davis,2.54719E+11,,,,
3173,Jane Miller,2.54797E+11,,,,
3172,Bob Garcia,2.54716E+11,,,,
3171,Eve Williams,2.54727E+11,,,,
3170,Carlos Johnson,2.54767E+11,,,,
3169,Henry Miller,2.5473E+11,,,,
3168,Alice Garcia,2.54753E+11,,,,
3167,Carlos Brown,2.54738E+11,,,,
3166,Henry Jones,2.54774E+11,,,,
3165,Henry Rodriguez,2.54732E+11,,,,
3164,John Davis,2.54799E+11,,,,
3163,John Williams,2.54755E+11,,,,
3162,Bob Brown,2.54745E+11,,,,
3161,Diana Williams,2.54747E+11,,,,
3160,John Miller,2.5472E+11,,,,
3159,Diana Johnson,2.54783E+11,,,,
3158,Eve Garcia,2.54782E+11,,,,
3157,Eve Williams,2.54746E+11,,,,
3156,Carlos Garcia,2.54733E+11,,,,
3155,John Smith,2.54772E+11,,,,
3154,Henry Martinez,2.54766E+11,,,,
3153,Bob Davis,2.54746E+11,,,,
3152,Eve Smith,2.54743E+11,,,,
3151,Henry Miller,2.54773E+11,,,,
3150,John Martinez,2.54781E+11,,,,
3149,Eve Jones,2.54753E+11,,,,
3148,Eve Miller,2.54774E+11,,,,
3147,Eve Johnson,2.54769E+11,,,,
3146,John Martinez,2.54758E+11,,,,
3145,Bob Smith,2.54736E+11,,,,
3144,Henry Johnson,2.54715E+11,,,,
3143,Grace Martinez,2.54787E+11,,,,
3142,Carlos Williams,2.5476E+11,,,,
3141,John Smith,2.54711E+11,,,,
3140,Eve Williams,2.548E+11,,,,
3139,Grace Johnson,2.54771E+11,,,,
3138,Frank Williams,2.54758E+11,,,,
3137,Henry Garcia,2.54751E+11,,,,
3136,Frank Rodriguez,2.54761E+11,,,,
3135,Grace Rodriguez,2.54741E+11,,,,
3134,Jane Jones,2.54791E+11,,,,
3133,John Brown,2.5476E+11,,,,
3132,John Smith,2.54718E+11,,,,
3131,Eve Rodriguez,2.54795E+11,,,,
3130,Frank Johnson,2.54777E+11,,,,
3129,Henry Williams,2.54711E+11,,,,
3128,Jane Jones,2.5474E+11,,,,
3127,Grace Garcia,2.54784E+11,,,,
3126,Bob Smith,2.54719E+11,,,,
3125,Jane Jones,2.54728E+11,,,,
3124,Diana Jones,2.54783E+11,,,,
3123,Grace Williams,2.54711E+11,,,,
3122,Diana Williams,2.54751E+11,,,,
3121,Diana Jones,2.54743E+11,,,,
3120,Frank Martinez,2.54747E+11,,,,
3119,Henry Miller,2.54721E+11,,,,
3118,Henry Garcia,2.54746E+11,,,,
3117,Jane Brown,2.54713E+11,,,,
3116,Frank Jones,2.54735E+11,,,,
3115,Frank Miller,2.54739E+11,,,,
3114,Jane Williams,2.54772E+11,,,,
3113,Frank Miller,2.5477E+11,,,,
3112,Eve Miller,2.54791E+11,,,,
3111,John Johnson,2.54773E+11,,,,
3110,Grace Rodriguez,2.54751E+11,,,,
3109,John Miller,2.54768E+11,,,,
3108,John Brown,2.54752E+11,,,,
3107,Carlos Davis,2.54777E+11,,,,
3106,Jane Jones,2.5477E+11,,,,
3105,John Garcia,2.54742E+11,,,,
3104,Grace Williams,2.54755E+11,,,,
3103,John Smith,2.54725E+11,,,,
3102,Henry Brown,2.54792E+11,,,,
3101,Jane Miller,2.54771E+11,,,,
3100,Henry Williams,2.54771E+11,,,,
3099,Alice Brown,2.54799E+11,,,,
3098,Grace Davis,2.54738E+11,,,,
3097,Carlos Garcia,2.54766E+11,,,,
3096,Frank Garcia,2.54798E+11,,,,
3095,Bob Jones,2.54779E+11,,,,
3094,John Martinez,2.54786E+11,,,,
3093,Jane Smith,2.54734E+11,,,,
3092,Henry Smith,2.54711E+11,,,,
3091,Henry Johnson,2.54728E+11,,,,
3090,Frank Johnson,2.54777E+11,,,,
3089,Eve Smith,2.54793E+11,,,,
3088,Grace Johnson,2.5477E+11,,,,
3087,Frank Rodriguez,2.54789E+11,,,,
3086,Carlos Miller,2.54737E+11,,,,
3085,Carlos Brown,2.54761E+11,,,,
3084,John Jones,2.54794E+11,,,,
3083,Frank Miller,2.54745E+11,,,,
3082,Carlos Jones,2.54782E+11,,,,
3081,Bob Johnson,2.54753E+11,,,,
3080,Diana Jones,2.54711E+11,,,,
3079,Grace Miller,2.54758E+11,,,,
3078,Eve Davis,2.5478E+11,,,,
3077,Carlos Martinez,2.54731E+11,,,,
3076,Bob Martinez,2.54774E+11,,,,
3075,Diana Smith,2.54796E+11,,,,
3074,Eve Brown,2.54755E+11,,,,
3073,Frank Davis,2.54781E+11,,,,
3072,Eve Jones,2.54711E+11,,,,
3071,Bob Rodriguez,2.5479E+11,,,,
3070,Henry Rodriguez,2.54773E+11,,,,
3069,Jane Rodriguez,2.54796E+11,,,,
3068,Diana Martinez,2.54796E+11,,,,
3067,Carlos Martinez,2.54729E+11,,,,
3066,Henry Martinez,2.54762E+11,,,,
3065,Eve Williams,2.54718E+11,,,,
3064,Carlos Garcia,2.54777E+11,,,,
3063,Bob Williams,2.54778E+11,,,,
3062,Henry Davis,2.54799E+11,,,,
3061,Grace Johnson,2.54796E+11,,,,
3060,Diana Williams,2.54719E+11,,,,
3059,Carlos Williams,2.54786E+11,,,,
3058,Frank Miller,2.54798E+11,,,,
3057,Grace Smith,2.54793E+11,,,,
3056,Grace Brown,2.54788E+11,,,,
3055,Frank Brown,2.54718E+11,,,,
3054,Alice Miller,2.54753E+11,,,,
3053,Carlos Brown,2.54748E+11,,,,
3052,Henry Rodriguez,2.54791E+11,,,,
3051,Frank Rodriguez,2.54748E+11,,,,
3050,Eve Miller,2.5474E+11,,,,
3049,Diana Martinez,2.54761E+11,,,,
3048,Alice Smith,2.54721E+11,,,,
3047,Jane Davis,2.54751E+11,,,,
3046,Alice Martinez,2.54753E+11,,,,
3045,Henry Jones,2.54719E+11,,,,
3044,Frank Rodriguez,2.54795E+11,,,,
3043,Diana Jones,2.54794E+11,,,,
3042,Jane Rodriguez,2.54754E+11,,,,
3041,Frank Smith,2.54761E+11,,,,
3040,Jane Johnson,2.54784E+11,,,,
3039,Alice Smith,2.54764E+11,,,,
3038,Eve Williams,2.54733E+11,,,,
3037,Henry Johnson,2.54776E+11,,,,
3036,Frank Miller,2.54724E+11,,,,
3035,Bob Johnson,2.5473E+11,,,,
3034,John Davis,2.548E+11,,,,
3033,Alice Johnson,2.54733E+11,,,,
3032,Jane Miller,2.54743E+11,,,,
3031,Bob Martinez,2.54789E+11,,,,
3030,Grace Jones,2.54755E+11,,,,
3029,Bob Smith,2.54763E+11,,,,
3028,John Jones,2.54735E+11,,,,
3027,John Johnson,2.54759E+11,,,,
3026,Eve Garcia,2.54764E+11,,,,
3025,Henry Johnson,2.54729E+11,,,,
3024,John Smith,2.54775E+11,,,,
3023,Carlos Rodriguez,2.54784E+11,,,,
3022,Grace Williams,2.54791E+11,,,,
3021,Bob Martinez,2.54796E+11,,,,
3020,John Brown,2.54745E+11,,,,
3019,Henry Davis,2.54714E+11,,,,
3018,Henry Miller,2.54778E+11,,,,
3017,Jane Smith,2.54779E+11,,,,
3016,Frank Miller,2.54794E+11,,,,
3015,Diana Martinez,2.5476E+11,,,,
3014,Diana Brown,2.54759E+11,,,,
3013,John Williams,2.54764E+11,,,,
3012,Eve Miller,2.54744E+11,,,,
3011,Diana Miller,2.54733E+11,,,,
3010,Grace Williams,2.54721E+11,,,,
3009,Carlos Martinez,2.5476E+11,,,,
3008,John Miller,2.54768E+11,,,,
3007,Henry Davis,2.54744E+11,,,,
3006,Eve Miller,2.54758E+11,,,,
3005,Bob Davis,2.54742E+11,,,,
3004,Jane Davis,2.54754E+11,,,,
3003,Bob Smith,2.54763E+11,,,,
3002,Alice Williams,2.54714E+11,,,,
3001,Bob Davis,2.54796E+11,,,,
3000,Bob Rodriguez,2.5476E+11,,,,
2999,Diana Williams,2.54731E+11,,,,
2998,Frank Brown,2.54742E+11,,,,
2997,Alice Miller,2.54759E+11,,,,
2996,Eve Jones,2.5478E+11,,,,
2995,Alice Johnson,2.54789E+11,,,,
2994,Grace Miller,2.54719E+11,,,,
2993,John Miller,2.54765E+11,,,,
2992,Frank Miller,2.54795E+11,,,,
2991,Eve Davis,2.54726E+11,,,,
2990,Diana Johnson,2.54757E+11,,,,
2989,Henry Martinez,2.54755E+11,,,,
2988,Diana Johnson,2.54766E+11,,,,
2987,Alice Williams,2.54784E+11,,,,
2986,John Brown,2.54759E+11,,,,
2985,Bob Rodriguez,2.54794E+11,,,,
2984,Carlos Brown,2.54727E+11,,,,
2983,Henry Jones,2.54793E+11,,,,
2982,Bob Smith,2.54794E+11,,,,
2981,Alice Davis,2.54717E+11,,,,
2980,Bob Martinez,2.54732E+11,,,,
2979,Eve Williams,2.54756E+11,,,,
2978,Diana Rodriguez,2.54786E+11,,,,
2977,Alice Garcia,2.54764E+11,,,,
2976,Carlos Davis,2.54729E+11,,,,
2975,Carlos Garcia,2.5474E+11,,,,
2974,Bob Rodriguez,2.54755E+11,,,,
2973,Frank Smith,2.54724E+11,,,,
2972,Carlos Rodriguez,2.54726E+11,,,,
2971,Eve Garcia,2.54794E+11,,,,
2970,Bob Rodriguez,2.54727E+11,,,,
2969,Grace Rodriguez,2.54715E+11,,,,
2968,John Garcia,2.54713E+11,,,,
2967,Carlos Brown,2.54791E+11,,,,
2966,Alice Rodriguez,2.54757E+11,,,,
2965,Carlos Rodriguez,2.54722E+11,,,,
2964,John Brown,2.54782E+11,,,,
2963,Frank Garcia,2.54752E+11,,,,
2962,Jane Martinez,2.54794E+11,,,,
2961,Frank Garcia,2.548E+11,,,,
2960,John Johnson,2.54734E+11,,,,
2959,John Garcia,2.54733E+11,,,,
2958,Grace Williams,2.54739E+11,,,,
2957,Alice Brown,2.54746E+11,,,,
2956,Grace Johnson,2.54784E+11,,,,
2955,Bob Miller,2.54743E+11,,,,
2954,Frank Smith,2.54724E+11,,,,
2953,Henry Brown,2.54792E+11,,,,
2952,Bob Martinez,2.54762E+11,,,,
2951,Jane Brown,2.5477E+11,,,,
2950,Carlos Rodriguez,2.54766E+11,,,,
2949,Diana Brown,2.54788E+11,,,,
2948,John Jones,2.54777E+11,,,,
2947,Jane Martinez,2.54738E+11,,,,
2946,Henry Davis,2.54723E+11,,,,
2945,John Williams,2.54758E+11,,,,
2944,Alice Miller,2.5473E+11,,,,
2943,Grace Brown,2.5476E+11,,,,
2942,Carlos Miller,2.54721E+11,,,,
2941,Diana Rodriguez,2.54755E+11,,,,
2940,Diana Davis,2.5475E+11,,,,
2939,Diana Garcia,2.54785E+11,,,,
2938,Jane Jones,2.5479E+11,,,,
2937,Eve Miller,2.54743E+11,,,,
2936,Bob Garcia,2.54757E+11,,,,
2935,John Rodriguez,2.54799E+11,,,,
2934,Diana Brown,2.54798E+11,,,,
2933,Frank Brown,2.54774E+11,,,,
2932,Henry Garcia,2.54763E+11,,,,
2931,Carlos Johnson,2.54789E+11,,,,
2930,Bob Smith,2.54761E+11,,,,
2929,Grace Martinez,2.54727E+11,,,,
2928,Carlos Brown,2.54746E+11,,,,
2927,Henry Garcia,2.54723E+11,,,,
2926,Eve Jones,2.54734E+11,,,,
2925,Jane Brown,2.548E+11,,,,
2924,Jane Rodriguez,2.54728E+11,,,,
2923,Diana Garcia,2.54734E+11,,,,
2922,Henry Rodriguez,2.54716E+11,,,,
2921,Frank Johnson,2.54758E+11,,,,
2920,Carlos Johnson,2.54785E+11,,,,
2919,Alice Smith,2.54788E+11,,,,
2918,Diana Johnson,2.54761E+11,,,,
2917,Bob Smith,2.5474E+11,,,,
2916,Alice Davis,2.5472E+11,,,,
2915,John Smith,2.54731E+11,,,,
2914,John Davis,2.54754E+11,,,,
2913,John Williams,2.54728E+11,,,,
2912,Diana Martinez,2.54746E+11,,,,
2911,Bob Brown,2.54723E+11,,,,
2910,Jane Davis,2.54744E+11,,,,
2909,Diana Rodriguez,2.54773E+11,,,,
2908,Grace Smith,2.54755E+11,,,,
2907,Eve Johnson,2.54789E+11,,,,
2906,John Johnson,2.54766E+11,,,,
2905,Carlos Davis,2.54779E+11,,,,
2904,Alice Davis,2.54776E+11,,,,
2903,Eve Johnson,2.54762E+11,,,,
2902,Henry Martinez,2.5477E+11,,,,
2901,Carlos Rodriguez,2.54767E+11,,,,
2900,Grace Johnson,2.54741E+11,,,,
2899,Frank Brown,2.54774E+11,,,,
2898,Diana Smith,2.54753E+11,,,,
2897,Eve Davis,2.54714E+11,,,,
2896,Bob Miller,2.54716E+11,,,,
2895,Alice Brown,2.54795E+11,,,,
2894,Grace Johnson,2.5474E+11,,,,
2893,Eve Brown,2.54768E+11,,,,
2892,Bob Jones,2.54799E+11,,,,
2891,Alice Smith,2.54721E+11,,,,
2890,Grace Jones,2.54777E+11,,,,
2889,Alice Jones,2.54769E+11,,,,
2888,Carlos Miller,2.54771E+11,,,,
2887,Diana Rodriguez,2.54766E+11,,,,
2886,Jane Rodriguez,2.54778E+11,,,,
2885,Alice Miller,2.54781E+11,,,,
2884,Eve Miller,2.54761E+11,,,,
2883,Frank Brown,2.5479E+11,,,,
2882,Diana Brown,2.54741E+11,,,,
2881,Henry Smith,2.54751E+11,,,,
2880,Henry Rodriguez,2.54753E+11,,,,
2879,Frank Rodriguez,2.54726E+11,,,,
2878,Jane Brown,2.54732E+11,,,,
2877,Jane Brown,2.54721E+11,,,,
2876,Frank Brown,2.54761E+11,,,,
2875,Bob Rodriguez,2.54771E+11,,,,
2874,John Williams,2.54788E+11,,,,
2873,Carlos Johnson,2.54716E+11,,,,
2872,John Smith,2.54745E+11,,,,
2871,Bob Williams,2.5478E+11,,,,
2870,Diana Jones,2.54762E+11,,,,
2869,John Miller,2.5473E+11,,,,
2868,Alice Smith,2.54736E+11,,,,
2867,Eve Rodriguez,2.54761E+11,,,,
2866,Carlos Davis,2.54722E+11,,,,
2865,Jane Jones,2.54746E+11,,,,
2864,Alice Martinez,2.54798E+11,,,,
2863,John Miller,2.54776E+11,,,,
2862,Jane Davis,2.54753E+11,,,,
2861,Bob Smith,2.54772E+11,,,,
2860,Eve Brown,2.54745E+11,,,,
2859,Bob Smith,2.54756E+11,,,,
2858,Alice Smith,2.5477E+11,,,,
2857,Jane Johnson,2.5472E+11,,,,
2856,Diana Brown,2.54785E+11,,,,
2855,Grace Martinez,2.54713E+11,,,,
2854,Alice Miller,2.54722E+11,,,,
2853,John Miller,2.54764E+11,,,,
2852,Henry Williams,2.54738E+11,,,,
2851,Alice Williams,2.54787E+11,,,,
2850,Carlos Garcia,2.54725E+11,,,,
2849,Carlos Garcia,2.54721E+11,,,,
2848,Grace Williams,2.54724E+11,,,,
2847,Alice Garcia,2.54778E+11,,,,
2846,Eve Smith,2.5477E+11,,,,
2845,Bob Rodriguez,2.5472E+11,,,,
2844,Jane Johnson,2.54787E+11,,,,
2843,John Davis,2.54784E+11,,,,
2842,John Garcia,2.54717E+11,,,,
2841,Alice Brown,2.54722E+11,,,,
2840,Diana Smith,2.54729E+11,,,,
2839,Eve Smith,2.5477E+11,,,,
2838,John Johnson,2.5477E+11,,,,
2837,Henry Garcia,2.54786E+11,,,,
2836,Bob Rodriguez,2.54768E+11,,,,
2835,Bob Johnson,2.54714E+11,,,,
2834,Frank Jones,2.5471E+11,,,,
2833,Jane Johnson,2.54719E+11,,,,
2832,Bob Williams,2.54787E+11,,,,
2831,Jane Miller,2.54767E+11,,,,
2830,Henry Smith,2.54771E+11,,,,
2829,Diana Brown,2.54751E+11,,,,
2828,Bob Smith,2.54767E+11,,,,
2827,Alice Rodriguez,2.54714E+11,,,,
2826,Carlos Garcia,2.54735E+11,,,,
2825,Grace Smith,2.54778E+11,,,,
2824,John Brown,2.5471E+11,,,,
2823,Frank Davis,2.54726E+11,,,,
2822,Diana Jones,2.54771E+11,,,,
2821,Grace Martinez,2.5472E+11,,,,
2820,Bob Williams,2.54762E+11,,,,
2819,Jane Jones,2.54775E+11,,,,
2818,Eve Johnson,2.5475E+11,,,,
2817,Diana Johnson,2.54716E+11,,,,
2816,Henry Garcia,2.54725E+11,,,,
2815,Alice Jones,2.54798E+11,,,,
2814,Bob Miller,2.54766E+11,,,,
2813,John Davis,2.5471E+11,,,,
2812,Diana Johnson,2.54764E+11,,,,
2811,Grace Jones,2.5479E+11,,,,
2810,Henry Rodriguez,2.54775E+11,,,,
2809,Grace Smith,2.54783E+11,,,,
2808,Frank Williams,2.54792E+11,,,,
2807,Frank Rodriguez,2.54741E+11,,,,
2806,Grace Davis,2.54792E+11,,,,
2805,Henry Williams,2.54784E+11,,,,
2804,Frank Rodriguez,2.54767E+11,,,,
2803,Diana Rodriguez,2.54775E+11,,,,
2802,Grace Rodriguez,2.5476E+11,,,,
2801,Henry Martinez,2.548E+11,,,,
2800,Carlos Davis,2.54748E+11,,,,
2799,Alice Davis,2.54774E+11,,,,
2798,Bob Williams,2.5479E+11,,,,
2797,Grace Garcia,2.54737E+11,,,,
2796,John Miller,2.54794E+11,,,,
2795,Frank Williams,2.54737E+11,,,,
2794,Grace Miller,2.54717E+11,,,,
2793,Grace Miller,2.54747E+11,,,,
2792,Eve Rodriguez,2.54792E+11,,,,
2791,Grace Garcia,2.54725E+11,,,,
2790,Alice Garcia,2.54743E+11,,,,
2789,Bob Smith,2.54769E+11,,,,
2788,Alice Smith,2.54763E+11,,,,
2787,Frank Jones,2.5472E+11,,,,
2786,Grace Williams,2.54767E+11,,,,
2785,Diana Johnson,2.54721E+11,,,,
2784,Alice Davis,2.5473E+11,,,,
2783,Henry Rodriguez,2.54795E+11,,,,
2782,Henry Williams,2.54718E+11,,,,
2781,Grace Jones,2.54723E+11,,,,
2780,John Davis,2.54711E+11,,,,
2779,Henry Johnson,2.54754E+11,,,,
2778,Grace Johnson,2.54735E+11,,,,
2777,Frank Johnson,2.54794E+11,,,,
2776,Jane Brown,2.5473E+11,,,,
2775,Henry Rodriguez,2.54791E+11,,,,
2774,Henry Garcia,2.54735E+11,,,,
2773,Henry Garcia,2.54757E+11,,,,
2772,Alice Rodriguez,2.54752E+11,,,,
2771,Eve Garcia,2.54728E+11,,,,
2770,Grace Garcia,2.54733E+11,,,,
2769,John Garcia,2.54793E+11,,,,
2768,Diana Jones,2.54745E+11,,,,
2767,Diana Jones,2.54716E+11,,,,
2766,Eve Davis,2.54719E+11,,,,
2765,Eve Garcia,2.54761E+11,,,,
2764,John Martinez,2.54756E+11,,,,
2763,Eve Johnson,2.5479E+11,,,,
2762,Bob Garcia,2.54756E+11,,,,
2761,Bob Johnson,2.54796E+11,,,,
2760,Eve Brown,2.54736E+11,,,,
2759,Carlos Williams,2.54717E+11,,,,
2758,Eve Brown,2.54724E+11,,,,
2757,Bob Williams,2.54762E+11,,,,
2756,John Johnson,2.54759E+11,,,,
2755,Grace Rodriguez,2.54763E+11,,,,
2754,Diana Rodriguez,2.54729E+11,,,,
2753,John Garcia,2.54722E+11,,,,
2752,Frank Brown,2.54713E+11,,,,
2751,Eve Jones,2.54775E+11,,,,
2750,Carlos Williams,2.54713E+11,,,,
2749,Frank Smith,2.54788E+11,,,,
2748,Henry Davis,2.54738E+11,,,,
2747,Grace Rodriguez,2.54729E+11,,,,
2746,Alice Williams,2.54729E+11,,,,
2745,Alice Davis,2.5474E+11,,,,
2744,Eve Davis,2.54786E+11,,,,
2743,Eve Garcia,2.5475E+11,,,,
2742,Carlos Johnson,2.54777E+11,,,,
2741,Frank Miller,2.54734E+11,,,,
2740,Alice Garcia,2.54743E+11,,,,
2739,Eve Martinez,2.54717E+11,,,,
2738,John Johnson,2.54761E+11,,,,
2737,Alice Garcia,2.54775E+11,,,,
2736,Bob Jones,2.54754E+11,,,,
2735,Bob Martinez,2.54782E+11,,,,
2734,Diana Brown,2.54734E+11,,,,
2733,Grace Rodriguez,2.54764E+11,,,,
2732,Grace Garcia,2.54762E+11,,,,
2731,Eve Johnson,2.54745E+11,,,,
2730,John Garcia,2.54715E+11,,,,
2729,Diana Brown,2.54728E+11,,,,
2728,Jane Smith,2.54786E+11,,,,
2727,Alice Williams,2.54711E+11,,,,
2726,Bob Williams,2.54713E+11,,,,
2725,Diana Jones,2.54731E+11,,,,
2724,Alice Davis,2.54772E+11,,,,
2723,Alice Smith,2.54778E+11,,,,
2722,Bob Jones,2.54767E+11,,,,
2721,Henry Garcia,2.54794E+11,,,,
2720,Alice Martinez,2.54741E+11,,,,
2719,Diana Brown,2.54749E+11,,,,
2718,Carlos Miller,2.54748E+11,,,,
2717,Jane Martinez,2.54758E+11,,,,
2716,Eve Jones,2.54774E+11,,,,
2715,Carlos Johnson,2.54768E+11,,,,
2714,Grace Smith,2.54799E+11,,,,
2713,Diana Miller,2.5479E+11,,,,
2712,Grace Brown,2.54755E+11,,,,
2711,Grace Rodriguez,2.54715E+11,,,,
2710,Grace Martinez,2.54734E+11,,,,
2709,Bob Brown,2.54746E+11,,,,
2708,Carlos Davis,2.54759E+11,,,,
2707,Carlos Martinez,2.54795E+11,,,,
2706,Frank Smith,2.54798E+11,,,,
2705,Eve Johnson,2.54732E+11,,,,
2704,Frank Garcia,2.54749E+11,,,,
2703,Alice Jones,2.54711E+11,,,,
2702,Alice Martinez,2.54742E+11,,,,
2701,Eve Garcia,2.54776E+11,,,,
2700,John Williams,2.54743E+11,,,,
2699,Bob Rodriguez,2.54747E+11,,,,
2698,Diana Jones,2.54726E+11,,,,
2697,Alice Rodriguez,2.5471E+11,,,,
2696,Bob Johnson,2.54736E+11,,,,
2695,John Garcia,2.54716E+11,,,,
2694,Grace Smith,2.54795E+11,,,,
2693,Diana Davis,2.54795E+11,,,,
2692,Bob Davis,2.54729E+11,,,,
2691,Jane Garcia,2.54729E+11,,,,
2690,Henry Jones,2.54745E+11,,,,
2689,Bob Williams,2.54745E+11,,,,
2688,Eve Smith,2.54786E+11,,,,
2687,Carlos Garcia,2.54724E+11,,,,
2686,Frank Jones,2.54729E+11,,,,
2685,Diana Smith,2.54753E+11,,,,
2684,Jane Jones,2.5475E+11,,,,
2683,John Jones,2.54745E+11,,,,
2682,Bob Miller,2.54717E+11,,,,
2681,Diana Smith,2.54747E+11,,,,
2680,Henry Garcia,2.54793E+11,,,,
2679,Grace Davis,2.54784E+11,,,,
2678,Carlos Garcia,2.54783E+11,,,,
2677,Alice Martinez,2.54736E+11,,,,
2676,Bob Martinez,2.54731E+11,,,,
2675,Bob Brown,2.54745E+11,,,,
2674,Grace Jones,2.54794E+11,,,,
2673,John Smith,2.5474E+11,,,,
2672,John Martinez,2.54794E+11,,,,
2671,John Garcia,2.5478E+11,,,,
2670,Diana Rodriguez,2.54741E+11,,,,
2669,Alice Davis,2.54739E+11,,,,
2668,Bob Davis,2.54718E+11,,,,
2667,John Smith,2.54758E+11,,,,
2666,Frank Williams,2.54742E+11,,,,
2665,Carlos Brown,2.54729E+11,,,,
2664,Carlos Jones,2.54742E+11,,,,
2663,John Miller,2.5474E+11,,,,
2662,Frank Rodriguez,2.54788E+11,,,,
2661,Carlos Brown,2.54717E+11,,,,
2660,Diana Williams,2.54742E+11,,,,
2659,Diana Martinez,2.54759E+11,,,,
2658,Grace Brown,2.54793E+11,,,,
2657,Grace Smith,2.54739E+11,,,,
2656,Alice Brown,2.54734E+11,,,,
2655,John Garcia,2.54799E+11,,,,
2654,Alice Rodriguez,2.54745E+11,,,,
2653,John Miller,2.54714E+11,,,,
2652,Alice Johnson,2.54774E+11,,,,
2651,Alice Williams,2.54713E+11,,,,
2650,Bob Garcia,2.54795E+11,,,,
2649,Eve Martinez,2.54778E+11,,,,
2648,Carlos Brown,2.54783E+11,,,,
2647,Grace Miller,2.54787E+11,,,,
2646,Diana Martinez,2.54742E+11,,,,
2645,Grace Brown,2.54732E+11,,,,
2644,Carlos Martinez,2.54767E+11,,,,
2643,Jane Miller,2.54711E+11,,,,
2642,Alice Martinez,2.54793E+11,,,,
2641,Eve Miller,2.54785E+11,,,,
2640,Henry Garcia,2.54774E+11,,,,
2639,Frank Johnson,2.54728E+11,,,,
2638,Frank Jones,2.54728E+11,,,,
2637,Grace Brown,2.54774E+11,,,,
2636,Diana Williams,2.54796E+11,,,,
2635,Frank Williams,2.54742E+11,,,,
2634,Diana Williams,2.54714E+11,,,,
2633,Diana Brown,2.54769E+11,,,,
2632,Alice Johnson,2.54778E+11,,,,
2631,Bob Rodriguez,2.54792E+11,,,,
2630,Alice Brown,2.5478E+11,,,,
2629,Jane Smith,2.54797E+11,,,,
2628,Carlos Davis,2.5474E+11,,,,
2627,Bob Brown,2.54742E+11,,,,
2626,Frank Brown,2.54775E+11,,,,
2625,Eve Davis,2.54763E+11,,,,
2624,Diana Rodriguez,2.5474E+11,,,,
2623,Carlos Davis,2.54713E+11,,,,
2622,Frank Johnson,2.54792E+11,,,,
2621,Henry Martinez,2.54763E+11,,,,
2620,Carlos Rodriguez,2.54776E+11,,,,
2619,Henry Johnson,2.54726E+11,,,,
2618,Frank Miller,2.54716E+11,,,,
2617,Carlos Johnson,2.54779E+11,,,,
2616,Bob Williams,2.54791E+11,,,,
2615,John Martinez,2.54732E+11,,,,
2614,Diana Davis,2.54788E+11,,,,
2613,Jane Martinez,2.54768E+11,,,,
2612,Carlos Miller,2.54798E+11,,,,
2611,Bob Garcia,2.54746E+11,,,,
2610,Frank Davis,2.54746E+11,,,,
2609,Diana Davis,2.54762E+11,,,,
2608,John Rodriguez,2.54754E+11,,,,
2607,Bob Martinez,2.54743E+11,,,,
2606,Alice Martinez,2.5479E+11,,,,
2605,Alice Williams,2.54731E+11,,,,
2604,Alice Rodriguez,2.54728E+11,,,,
2603,Bob Brown,2.54752E+11,,,,
2602,Eve Davis,2.54774E+11,,,,
2601,Bob Smith,2.54727E+11,,,,
2600,Eve Davis,2.54729E+11,,,,
2599,Bob Davis,2.54789E+11,,,,
2598,Frank Williams,2.54767E+11,,,,
2597,Bob Davis,2.54796E+11,,,,
2596,Frank Rodriguez,2.54742E+11,,,,
2595,Diana Martinez,2.5473E+11,,,,
2594,Henry Jones,2.54732E+11,,,,
2593,Diana Garcia,2.54713E+11,,,,
2592,Frank Martinez,2.54779E+11,,,,
2591,Henry Rodriguez,2.54743E+11,,,,
2590,Jane Miller,2.54778E+11,,,,
2589,John Martinez,2.54749E+11,,,,
2588,Henry Rodriguez,2.54777E+11,,,,
2587,John Garcia,2.54747E+11,,,,
2586,Henry Jones,2.54792E+11,,,,
2585,Grace Martinez,2.54736E+11,,,,
2584,Carlos Miller,2.54792E+11,,,,
2583,Carlos Smith,2.54716E+11,,,,
2582,Bob Rodriguez,2.54739E+11,,,,
2581,Henry Brown,2.54783E+11,,,,
2580,Jane Johnson,2.54754E+11,,,,
2579,Bob Miller,2.54724E+11,,,,
2578,Eve Johnson,2.54785E+11,,,,
2577,Diana Miller,2.54748E+11,,,,
2576,Henry Davis,2.54799E+11,,,,
2575,Carlos Rodriguez,2.54745E+11,,,,
2574,Jane Brown,2.54744E+11,,,,
2573,Jane Smith,2.54731E+11,,,,
2572,Jane Smith,2.54713E+11,,,,
2571,Frank Smith,2.54752E+11,,,,
2570,Diana Williams,2.54786E+11,,,,
2569,Henry Smith,2.5477E+11,,,,
2568,Alice Rodriguez,2.5475E+11,,,,
2567,Grace Rodriguez,2.54741E+11,,,,
2566,Carlos Miller,2.54747E+11,,,,
2565,Grace Smith,2.54744E+11,,,,
2564,Diana Williams,2.54769E+11,,,,
2563,Bob Jones,2.54778E+11,,,,
2562,Eve Brown,2.54797E+11,,,,
2561,Alice Smith,2.54754E+11,,,,
2560,Diana Miller,2.54734E+11,,,,
2559,Grace Rodriguez,2.54718E+11,,,,
2558,Carlos Williams,2.54789E+11,,,,
2557,Henry Martinez,2.54794E+11,,,,
2556,Bob Martinez,2.54796E+11,,,,
2555,Alice Garcia,2.5474E+11,,,,
2554,Jane Jones,2.54795E+11,,,,
2553,Jane Garcia,2.54725E+11,,,,
2552,Eve Miller,2.54759E+11,,,,
2551,Bob Garcia,2.5475E+11,,,,
2550,Henry Martinez,2.5477E+11,,,,
2549,Diana Rodriguez,2.54718E+11,,,,
2548,Frank Smith,2.54744E+11,,,,
2547,Grace Miller,2.54788E+11,,,,
2546,John Miller,2.54774E+11,,,,
2545,Eve Brown,2.54729E+11,,,,
2544,Carlos Martinez,2.54793E+11,,,,
2543,Alice Smith,2.54741E+11,,,,
2542,Eve Miller,2.54767E+11,,,,
2541,Carlos Garcia,2.54716E+11,,,,
2540,Bob Rodriguez,2.5477E+11,,,,
2539,Carlos Jones,2.54795E+11,,,,
2538,Alice Williams,2.54791E+11,,,,
2537,Carlos Jones,2.54792E+11,,,,
2536,Henry Davis,2.54725E+11,,,,
2535,Eve Martinez,2.54745E+11,,,,
2534,Bob Rodriguez,2.54717E+11,,,,
2533,Carlos Brown,2.54764E+11,,,,
2532,Eve Rodriguez,2.54749E+11,,,,
2531,Grace Rodriguez,2.54759E+11,,,,
2530,Henry Martinez,2.54742E+11,,,,
2529,Diana Rodriguez,2.54783E+11,,,,
2528,Bob Miller,2.54761E+11,,,,
2527,Bob Smith,2.54737E+11,,,,
2526,Bob Davis,2.54733E+11,,,,
2525,Alice Jones,2.54749E+11,,,,
2524,Jane Garcia,2.54762E+11,,,,
2523,Carlos Smith,2.54757E+11,,,,
2522,Henry Smith,2.54767E+11,,,,
2521,Bob Williams,2.54732E+11,,,,
2520,Alice Martinez,2.54757E+11,,,,
2519,Henry Garcia,2.5475E+11,,,,
2518,Henry Williams,2.5479E+11,,,,
2517,Carlos Davis,2.54785E+11,,,,
2516,Diana Martinez,2.54787E+11,,,,
2515,Bob Smith,2.54722E+11,,,,
2514,Alice Brown,2.54753E+11,,,,
2513,Jane Davis,2.5478E+11,,,,
2512,Grace Rodriguez,2.54712E+11,,,,
2511,Bob Williams,2.5474E+11,,,,
2510,Eve Davis,2.54767E+11,,,,
2509,Grace Smith,2.54716E+11,,,,
2508,Henry Rodriguez,2.5474E+11,,,,
2507,Frank Williams,2.54756E+11,,,,
2506,Henry Johnson,2.54741E+11,,,,
2505,Diana Miller,2.5478E+11,,,,
2504,John Smith,2.54718E+11,,,,
2503,Eve Jones,2.5472E+11,,,,
2502,John Smith,2.54764E+11,,,,
2501,Henry Martinez,2.54795E+11,,,,
2500,John Garcia,2.54793E+11,,,,
2499,Jane Johnson,2.54727E+11,,,,
2498,Bob Davis,2.54789E+11,,,,
2497,Henry Smith,2.54785E+11,,,,
2496,John Garcia,2.54744E+11,,,,
2495,John Jones,2.54718E+11,,,,
2494,Carlos Martinez,2.54788E+11,,,,
2493,Henry Rodriguez,2.54735E+11,,,,
2492,Henry Rodriguez,2.54786E+11,,,,
2491,Frank Rodriguez,2.54763E+11,,,,
2490,Eve Garcia,2.54751E+11,,,,
2489,Eve Rodriguez,2.54742E+11,,,,
2488,Jane Johnson,2.54762E+11,,,,
2487,Bob Martinez,2.54725E+11,,,,
2486,Jane Jones,2.54796E+11,,,,
2485,Henry Garcia,2.54744E+11,,,,
2484,Diana Williams,2.54724E+11,,,,
2483,Bob Jones,2.54758E+11,,,,
2482,Frank Brown,2.54766E+11,,,,
2481,Eve Johnson,2.54798E+11,,,,
2480,Frank Williams,2.54799E+11,,,,
2479,Bob Johnson,2.5475E+11,,,,
2478,Diana Garcia,2.5474E+11,,,,
2477,Henry Davis,2.54763E+11,,,,
2476,Diana Davis,2.54732E+11,,,,
2475,Frank Garcia,2.54776E+11,,,,
2474,Diana Brown,2.54768E+11,,,,
2473,John Johnson,2.54719E+11,,,,
2472,Grace Martinez,2.54796E+11,,,,
2471,Diana Jones,2.54766E+11,,,,
2470,Grace Smith,2.54795E+11,,,,
2469,Diana Smith,2.5478E+11,,,,
2468,Eve Smith,2.5474E+11,,,,
2467,Carlos Miller,2.54734E+11,,,,
2466,Jane Miller,2.5471E+11,,,,
2465,Henry Brown,2.54747E+11,,,,
2464,Carlos Rodriguez,2.54748E+11,,,,
2463,Diana Johnson,2.54759E+11,,,,
2462,Eve Davis,2.5477E+11,,,,
2461,Diana Davis,2.54782E+11,,,,
2460,Alice Jones,2.54796E+11,,,,
2459,Diana Davis,2.54721E+11,,,,
2458,Bob Williams,2.54788E+11,,,,
2457,Bob Miller,2.54742E+11,,,,
2456,Eve Johnson,2.54748E+11,,,,
2455,Diana Rodriguez,2.54775E+11,,,,
2454,Diana Brown,2.54784E+11,,,,
2453,Diana Johnson,2.54716E+11,,,,
2452,Henry Miller,2.54754E+11,,,,
2451,Eve Rodriguez,2.54772E+11,,,,
2450,Bob Brown,2.54764E+11,,,,
2449,Eve Brown,2.54768E+11,,,,
2448,Eve Smith,2.54759E+11,,,,
2447,Carlos Johnson,2.5478E+11,,,,
2446,John Brown,2.54775E+11,,,,
2445,John Rodriguez,2.54796E+11,,,,
2444,Frank Miller,2.54766E+11,,,,
2443,Jane Davis,2.54729E+11,,,,
2442,Jane Rodriguez,2.54735E+11,,,,
2441,Frank Brown,2.54776E+11,,,,
2440,Alice Williams,2.54751E+11,,,,
2439,Henry Williams,2.54799E+11,,,,
2438,Henry Miller,2.54718E+11,,,,
2437,Eve Brown,2.54747E+11,,,,
2436,Frank Brown,2.5479E+11,,,,
2435,Eve Martinez,2.54744E+11,,,,
2434,Bob Martinez,2.54728E+11,,,,
2433,Grace Rodriguez,2.54744E+11,,,,
2432,Frank Martinez,2.54748E+11,,,,
2431,Henry Martinez,2.54779E+11,,,,
2430,Alice Smith,2.54766E+11,,,,
2429,Alice Brown,2.54742E+11,,,,
2428,Grace Rodriguez,2.54723E+11,,,,
2427,Diana Jones,2.54774E+11,,,,
2426,Eve Rodriguez,2.5474E+11,,,,
2425,Diana Martinez,2.54718E+11,,,,
2424,Frank Williams,2.5478E+11,,,,
2423,Grace Williams,2.54727E+11,,,,
2422,John Johnson,2.54753E+11,,,,
2421,Bob Jones,2.54732E+11,,,,
2420,Carlos Rodriguez,2.54716E+11,,,,
2419,Frank Martinez,2.54725E+11,,,,
2418,Diana Miller,2.54789E+11,,,,
2417,Diana Garcia,2.54766E+11,,,,
2416,Jane Miller,2.54747E+11,,,,
2415,Eve Garcia,2.54748E+11,,,,
2414,Carlos Martinez,2.54778E+11,,,,
2413,Grace Smith,2.54758E+11,,,,
2412,Grace Williams,2.54771E+11,,,,
2411,Grace Garcia,2.5476E+11,,,,
2410,John Miller,2.54774E+11,,,,
2409,Grace Williams,2.54757E+11,,,,
2408,Diana Brown,2.5474E+11,,,,
2407,John Miller,2.54739E+11,,,,
2406,John Davis,2.54799E+11,,,,
2405,Henry Brown,2.5473E+11,,,,
2404,Henry Rodriguez,2.54783E+11,,,,
2403,Diana Johnson,2.54721E+11,,,,
2402,Frank Smith,2.54794E+11,,,,
2401,Eve Davis,2.54763E+11,,,,
2400,Carlos Rodriguez,2.54719E+11,,,,
2399,Bob Jones,2.54787E+11,,,,
2398,Alice Rodriguez,2.54775E+11,,,,
2397,Carlos Miller,2.54736E+11,,,,
2396,Eve Smith,2.54766E+11,,,,
2395,Eve Davis,2.54796E+11,,,,
2394,Grace Brown,2.54741E+11,,,,
2393,Diana Davis,2.54745E+11,,,,
2392,Alice Williams,2.54741E+11,,,,
2391,Frank Johnson,2.54769E+11,,,,
2390,Bob Miller,2.54789E+11,,,,
2389,Eve Rodriguez,2.54733E+11,,,,
2388,Diana Johnson,2.54721E+11,,,,
2387,Carlos Miller,2.54761E+11,,,,
2386,Frank Rodriguez,2.54794E+11,,,,
2385,Alice Brown,2.54778E+11,,,,
2384,Henry Miller,2.54738E+11,,,,
2383,Eve Johnson,2.54752E+11,,,,
2382,Diana Smith,2.54746E+11,,,,
2381,Henry Davis,2.54769E+11,,,,
2380,Bob Jones,2.54767E+11,,,,
2379,Bob Williams,2.54742E+11,,,,
2378,Alice Smith,2.54747E+11,,,,
2377,Diana Williams,2.54737E+11,,,,
2376,Bob Miller,2.54736E+11,,,,
2375,Carlos Miller,2.54773E+11,,,,
2374,Alice Garcia,2.54767E+11,,,,
2373,Henry Johnson,2.54758E+11,,,,
2372,Grace Smith,2.54738E+11,,,,
2371,Eve Miller,2.54718E+11,,,,
2370,Grace Johnson,2.54771E+11,,,,
2369,Jane Johnson,2.54788E+11,,,,
2368,John Miller,2.54724E+11,,,,
2367,Frank Smith,2.54791E+11,,,,
2366,Bob Johnson,2.54792E+11,,,,
2365,Eve Brown,2.54794E+11,,,,
2364,Bob Miller,2.54765E+11,,,,
2363,Bob Smith,2.5475E+11,,,,
2362,Frank Martinez,2.54742E+11,,,,
2361,Jane Williams,2.5472E+11,,,,
2360,Eve Williams,2.54788E+11,,,,
2359,Bob Martinez,2.54731E+11,,,,
2358,Eve Garcia,2.548E+11,,,,
2357,Carlos Brown,2.54751E+11,,,,
2356,Bob Jones,2.54789E+11,,,,
2355,John Martinez,2.54754E+11,,,,
2354,Bob Rodriguez,2.54731E+11,,,,
2353,Henry Miller,2.54791E+11,,,,
2352,John Jones,2.54797E+11,,,,
2351,Alice Miller,2.54712E+11,,,,
2350,Henry Williams,2.54766E+11,,,,
2349,Alice Martinez,2.5477E+11,,,,
2348,Diana Martinez,2.54774E+11,,,,
2347,Diana Smith,2.54727E+11,,,,
2346,Grace Williams,2.54786E+11,,,,
2345,Henry Johnson,2.54792E+11,,,,
2344,Diana Brown,2.54715E+11,,,,
2343,Diana Garcia,2.54731E+11,,,,
2342,Frank Garcia,2.54797E+11,,,,
2341,Carlos Davis,2.54772E+11,,,,
2340,Eve Miller,2.54765E+11,,,,
2339,Alice Williams,2.54788E+11,,,,
2338,Bob Jones,2.54791E+11,,,,
2337,Henry Garcia,2.54717E+11,,,,
2336,Eve Williams,2.54739E+11,,,,
2335,Bob Miller,2.54798E+11,,,,
2334,Henry Martinez,2.54725E+11,,,,
2333,Alice Miller,2.54768E+11,,,,
2332,Carlos Martinez,2.5474E+11,,,,
2331,John Garcia,2.5478E+11,,,,
2330,Eve Smith,2.54785E+11,,,,
2329,Grace Smith,2.54718E+11,,,,
2328,John Williams,2.54715E+11,,,,
2327,Alice Williams,2.548E+11,,,,
2326,Alice Johnson,2.54782E+11,,,,
2325,Diana Smith,2.54725E+11,,,,
2324,Henry Rodriguez,2.54758E+11,,,,
2323,Diana Davis,2.54758E+11,,,,
2322,Grace Miller,2.54732E+11,,,,
2321,Carlos Johnson,2.5479E+11,,,,
2320,John Miller,2.54717E+11,,,,
2319,Bob Rodriguez,2.54725E+11,,,,
2318,Jane Miller,2.54746E+11,,,,
2317,Diana Brown,2.54792E+11,,,,
2316,Grace Davis,2.54722E+11,,,,
2315,Diana Martinez,2.54769E+11,,,,
2314,Henry Martinez,2.54754E+11,,,,
2313,Frank Williams,2.54729E+11,,,,
2312,Bob Rodriguez,2.5474E+11,,,,
2311,John Smith,2.54711E+11,,,,
2310,Diana Rodriguez,2.54798E+11,,,,
2309,Alice Rodriguez,2.54714E+11,,,,
2308,Frank Smith,2.54793E+11,,,,
2307,Henry Williams,2.54715E+11,,,,
2306,Jane Miller,2.54717E+11,,,,
2305,Alice Davis,2.54715E+11,,,,
2304,Eve Martinez,2.54739E+11,,,,
2303,Jane Smith,2.54729E+11,,,,
2302,Bob Brown,2.54751E+11,,,,
2301,John Brown,2.54778E+11,,,,
2300,Grace Smith,2.54711E+11,,,,
2299,John Johnson,2.54758E+11,,,,
2298,Eve Miller,2.54732E+11,,,,
2297,Carlos Davis,2.54725E+11,,,,
2296,Jane Johnson,2.54766E+11,,,,
2295,John Jones,2.54715E+11,,,,
2294,Bob Garcia,2.54732E+11,,,,
2293,Diana Johnson,2.54777E+11,,,,
2292,John Miller,2.54738E+11,,,,
2291,Grace Williams,2.54735E+11,,,,
2290,Eve Brown,2.5475E+11,,,,
2289,Carlos Williams,2.54761E+11,,,,
2288,John Brown,2.54745E+11,,,,
2287,Carlos Williams,2.548E+11,,,,
2286,Henry Brown,2.54773E+11,,,,
2285,Eve Martinez,2.54775E+11,,,,
2284,Jane Martinez,2.5472E+11,,,,
2283,Diana Smith,2.54742E+11,,,,
2282,Grace Garcia,2.54782E+11,,,,
2281,Carlos Williams,2.54714E+11,,,,
2280,Jane Martinez,2.54788E+11,,,,
2279,Henry Garcia,2.54722E+11,,,,
2278,Henry Rodriguez,2.54766E+11,,,,
2277,Frank Miller,2.54794E+11,,,,
2276,Eve Martinez,2.54753E+11,,,,
2275,Grace Smith,2.54733E+11,,,,
2274,Frank Williams,2.54769E+11,,,,
2273,John Jones,2.54768E+11,,,,
2272,Diana Smith,2.54788E+11,,,,
2271,Grace Smith,2.5477E+11,,,,
2270,Eve Davis,2.54778E+11,,,,
2269,Alice Martinez,2.54766E+11,,,,
2268,Grace Rodriguez,2.54786E+11,,,,
2267,John Garcia,2.54739E+11,,,,
2266,Grace Johnson,2.54716E+11,,,,
2265,Bob Martinez,2.54728E+11,,,,
2264,Diana Smith,2.54736E+11,,,,
2263,Carlos Garcia,2.54755E+11,,,,
2262,John Garcia,2.54739E+11,,,,
2261,Henry Rodriguez,2.54758E+11,,,,
2260,Jane Miller,2.5475E+11,,,,
2259,John Martinez,2.54739E+11,,,,
2258,Frank Martinez,2.54736E+11,,,,
2257,Carlos Johnson,2.5478E+11,,,,
2256,Henry Brown,2.54764E+11,,,,
2255,Carlos Garcia,2.54765E+11,,,,
2254,Grace Williams,2.54754E+11,,,,
2253,Jane Smith,2.54752E+11,,,,
2252,Grace Smith,2.54788E+11,,,,
2251,Bob Brown,2.5479E+11,,,,
2250,Carlos Miller,2.54733E+11,,,,
2249,Henry Garcia,2.54731E+11,,,,
2248,Alice Martinez,2.54742E+11,,,,
2247,Frank Davis,2.5477E+11,,,,
2246,Diana Jones,2.54788E+11,,,,
2245,John Jones,2.54774E+11,,,,
2244,Carlos Garcia,2.54754E+11,,,,
2243,Henry Brown,2.54715E+11,,,,
2242,Diana Miller,2.54721E+11,,,,
2241,John Johnson,2.54772E+11,,,,
2240,Alice Brown,2.54771E+11,,,,
2239,Jane Smith,2.54752E+11,,,,
2238,John Smith,2.54713E+11,,,,
2237,Eve Williams,2.54761E+11,,,,
2236,Grace Williams,2.54716E+11,,,,
2235,Eve Johnson,2.54776E+11,,,,
2234,Bob Williams,2.54779E+11,,,,
2233,Diana Johnson,2.54711E+11,,,,
2232,Henry Miller,2.5478E+11,,,,
2231,Bob Rodriguez,2.54747E+11,,,,
2230,Henry Davis,2.54799E+11,,,,
2229,Bob Smith,2.54789E+11,,,,
2228,Alice Davis,2.54723E+11,,,,
2227,Carlos Davis,2.54734E+11,,,,
2226,Grace Smith,2.54732E+11,,,,
2225,Henry Davis,2.54743E+11,,,,
2224,John Garcia,2.54749E+11,,,,
2223,Eve Jones,2.54719E+11,,,,
2222,Eve Smith,2.54776E+11,,,,
2221,Grace Garcia,2.54752E+11,,,,
2220,Carlos Johnson,2.54765E+11,,,,
2219,Eve Brown,2.54785E+11,,,,
2218,Carlos Miller,2.54738E+11,,,,
2217,Jane Garcia,2.54768E+11,,,,
2216,Diana Williams,2.54756E+11,,,,
2215,John Rodriguez,2.54776E+11,,,,
2214,Jane Williams,2.54773E+11,,,,
2213,Carlos Martinez,2.54774E+11,,,,
2212,Grace Miller,2.54726E+11,,,,
2211,Diana Jones,2.54713E+11,,,,
2210,Jane Williams,2.54795E+11,,,,
2209,Eve Smith,2.54713E+11,,,,
2208,Grace Rodriguez,2.54752E+11,,,,
2207,Alice Johnson,2.54771E+11,,,,
2206,Jane Jones,2.54732E+11,,,,
2205,Bob Jones,2.54796E+11,,,,
2204,Henry Garcia,2.54791E+11,,,,
2203,Henry Brown,2.54743E+11,,,,
2202,Diana Martinez,2.54784E+11,,,,
2201,Eve Smith,2.54752E+11,,,,
2200,Frank Williams,2.54782E+11,,,,
2199,Bob Martinez,2.54791E+11,,,,
2198,Frank Miller,2.5473E+11,,,,
2197,Eve Jones,2.5472E+11,,,,
2196,Carlos Davis,2.54767E+11,,,,
2195,Diana Davis,2.54772E+11,,,,
2194,Bob Brown,2.54782E+11,,,,
2193,Frank Johnson,2.54725E+11,,,,
2192,Diana Williams,2.54765E+11,,,,
2191,John Garcia,2.5476E+11,,,,
2190,Alice Rodriguez,2.54747E+11,,,,
2189,Alice Smith,2.54717E+11,,,,
2188,Bob Rodriguez,2.54762E+11,,,,
2187,Frank Miller,2.54781E+11,,,,
2186,Frank Garcia,2.54751E+11,,,,
2185,Diana Garcia,2.5472E+11,,,,
2184,Bob Davis,2.54717E+11,,,,
2183,Eve Martinez,2.54748E+11,,,,
2182,Alice Smith,2.54716E+11,,,,
2181,Bob Martinez,2.54734E+11,,,,
2180,Bob Jones,2.54779E+11,,,,
2179,Henry Johnson,2.54783E+11,,,,
2178,John Williams,2.54763E+11,,,,
2177,Carlos Miller,2.54756E+11,,,,
2176,Frank Davis,2.54796E+11,,,,
2175,John Martinez,2.54746E+11,,,,
2174,Alice Johnson,2.54743E+11,,,,
2173,Diana Martinez,2.54721E+11,,,,
2172,Bob Jones,2.54759E+11,,,,
2171,Diana Smith,2.54782E+11,,,,
2170,Diana Williams,2.54771E+11,,,,
2169,Carlos Jones,2.54746E+11,,,,
2168,Frank Smith,2.54717E+11,,,,
2167,Eve Davis,2.54715E+11,,,,
2166,Eve Garcia,2.54798E+11,,,,
2165,Bob Smith,2.54763E+11,,,,
2164,Grace Garcia,2.5472E+11,,,,
2163,Eve Garcia,2.54729E+11,,,,
2162,Jane Johnson,2.54746E+11,,,,
2161,Grace Rodriguez,2.54714E+11,,,,
2160,Jane Smith,2.54786E+11,,,,
2159,Frank Smith,2.54717E+11,,,,
2158,Frank Williams,2.54754E+11,,,,
2157,Frank Smith,2.54768E+11,,,,
2156,Jane Davis,2.54797E+11,,,,
2155,Henry Brown,2.54742E+11,,,,
2154,Bob Johnson,2.54724E+11,,,,
2153,Bob Williams,2.54752E+11,,,,
2152,Henry Johnson,2.54778E+11,,,,
2151,Bob Rodriguez,2.54784E+11,,,,
2150,Jane Davis,2.54795E+11,,,,
2149,Jane Rodriguez,2.54778E+11,,,,
2148,Frank Smith,2.54751E+11,,,,
2147,Diana Brown,2.54796E+11,,,,
2146,Bob Martinez,2.54757E+11,,,,
2145,Jane Rodriguez,2.54799E+11,,,,
2144,Carlos Johnson,2.54789E+11,,,,
2143,John Martinez,2.54776E+11,,,,
2142,John Jones,2.54744E+11,,,,
2141,Frank Brown,2.54748E+11,,,,
2140,John Davis,2.54732E+11,,,,
2139,Alice Miller,2.54768E+11,,,,
2138,John Martinez,2.54784E+11,,,,
2137,Eve Johnson,2.5477E+11,,,,
2136,Frank Jones,2.5474E+11,,,,
2135,Bob Brown,2.54797E+11,,,,
2134,John Miller,2.54731E+11,,,,
2133,Alice Rodriguez,2.54769E+11,,,,
2132,Diana Miller,2.54784E+11,,,,
2131,Frank Jones,2.54745E+11,,,,
2130,Carlos Brown,2.54758E+11,,,,
2129,Frank Garcia,2.54784E+11,,,,
2128,Eve Davis,2.54788E+11,,,,
2127,Diana Brown,2.54778E+11,,,,
2126,Bob Smith,2.54793E+11,,,,
2125,Henry Rodriguez,2.54755E+11,,,,
2124,Grace Smith,2.54712E+11,,,,
2123,Bob Johnson,2.5472E+11,,,,
2122,Jane Davis,2.54787E+11,,,,
2121,Frank Garcia,2.54762E+11,,,,
2120,Bob Martinez,2.54735E+11,,,,
2119,John Miller,2.54712E+11,,,,
2118,Carlos Smith,2.54738E+11,,,,
2117,Jane Brown,2.54754E+11,,,,
2116,John Garcia,2.54753E+11,,,,
2115,Grace Brown,2.54717E+11,,,,
2114,Eve Davis,2.5473E+11,,,,
2113,Henry Smith,2.54736E+11,,,,
2112,Bob Brown,2.54794E+11,,,,
2111,Alice Rodriguez,2.5478E+11,,,,
2110,Jane Smith,2.54731E+11,,,,
2109,Carlos Johnson,2.54726E+11,,,,
2108,Grace Davis,2.54728E+11,,,,
2107,Frank Williams,2.54753E+11,,,,
2106,Bob Miller,2.54774E+11,,,,
2105,Diana Rodriguez,2.54718E+11,,,,
2104,Alice Johnson,2.54736E+11,,,,
2103,Eve Johnson,2.54776E+11,,,,
2102,Henry Rodriguez,2.54795E+11,,,,
2101,Grace Miller,2.54768E+11,,,,
2100,Jane Martinez,2.54797E+11,,,,
2099,Carlos Garcia,2.54787E+11,,,,
2098,Henry Johnson,2.54769E+11,,,,
2097,Grace Miller,2.54742E+11,,,,
2096,Carlos Garcia,2.54745E+11,,,,
2095,Bob Johnson,2.54772E+11,,,,
2094,Carlos Davis,2.54772E+11,,,,
2093,Frank Smith,2.54799E+11,,,,
2092,Henry Johnson,2.54794E+11,,,,
2091,Henry Garcia,2.5477E+11,,,,
2090,Alice Jones,2.54715E+11,,,,
2089,John Miller,2.54735E+11,,,,
2088,Frank Williams,2.54741E+11,,,,
2087,Eve Jones,2.5472E+11,,,,
2086,Bob Johnson,2.54722E+11,,,,
2085,Carlos Martinez,2.54784E+11,,,,
2084,Diana Davis,2.54715E+11,,,,
2083,Henry Johnson,2.5478E+11,,,,
2082,Bob Smith,2.54722E+11,,,,
2081,Frank Williams,2.54734E+11,,,,
2080,Frank Martinez,2.54786E+11,,,,
2079,Alice Brown,2.54766E+11,,,,
2078,Jane Williams,2.54791E+11,,,,
2077,Bob Davis,2.54777E+11,,,,
2076,Henry Johnson,2.54767E+11,,,,
2075,Diana Garcia,2.54791E+11,,,,
2074,Henry Davis,2.54784E+11,,,,
2073,Carlos Williams,2.54757E+11,,,,
2072,Eve Miller,2.54769E+11,,,,
2071,Alice Brown,2.54749E+11,,,,
2070,Jane Rodriguez,2.54719E+11,,,,
2069,John Brown,2.54792E+11,,,,
2068,Grace Martinez,2.5478E+11,,,,
2067,Henry Brown,2.54726E+11,,,,
2066,Jane Miller,2.54731E+11,,,,
2065,Henry Williams,2.54754E+11,,,,
2064,Henry Miller,2.54721E+11,,,,
2063,Grace Brown,2.54796E+11,,,,
2062,Carlos Williams,2.54778E+11,,,,
2061,Jane Brown,2.54753E+11,,,,
2060,Jane Rodriguez,2.54795E+11,,,,
2059,Grace Williams,2.54765E+11,,,,
2058,Bob Davis,2.54728E+11,,,,
2057,John Garcia,2.54747E+11,,,,
2056,Carlos Smith,2.54772E+11,,,,
2055,Eve Davis,2.54729E+11,,,,
2054,Eve Williams,2.54743E+11,,,,
2053,Diana Miller,2.54719E+11,,,,
2052,Eve Martinez,2.54746E+11,,,,
2051,Bob Martinez,2.54766E+11,,,,
2050,Henry Davis,2.54778E+11,,,,
2049,Eve Johnson,2.54779E+11,,,,
2048,Jane Brown,2.5474E+11,,,,
2047,John Miller,2.54741E+11,,,,
2046,Diana Rodriguez,2.54743E+11,,,,
2045,Carlos Williams,2.54752E+11,,,,
2044,Grace Jones,2.54779E+11,,,,
2043,Henry Brown,2.54756E+11,,,,
2042,Henry Williams,2.54766E+11,,,,
2041,Alice Garcia,2.54782E+11,,,,
2040,Carlos Rodriguez,2.54724E+11,,,,
2039,Henry Jones,2.54727E+11,,,,
2038,John Miller,2.54769E+11,,,,
2037,Grace Brown,2.54781E+11,,,,
2036,Bob Garcia,2.54752E+11,,,,
2035,Grace Rodriguez,2.54796E+11,,,,
2034,Bob Williams,2.54778E+11,,,,
2033,Carlos Miller,2.54715E+11,,,,
2032,Frank Martinez,2.54782E+11,,,,
2031,Grace Brown,2.5477E+11,,,,
2030,Grace Jones,2.54719E+11,,,,
2029,Bob Rodriguez,2.54735E+11,,,,
2028,Bob Jones,2.54733E+11,,,,
2027,Diana Jones,2.54758E+11,,,,
2026,Carlos Johnson,2.5478E+11,,,,
2025,John Williams,2.54783E+11,,,,
2024,Alice Miller,2.54712E+11,,,,
2023,Henry Brown,2.54745E+11,,,,
2022,Eve Jones,2.54799E+11,,,,
2021,Frank Smith,2.5477E+11,,,,
2020,Eve Johnson,2.54776E+11,,,,
2019,Alice Garcia,2.54731E+11,,,,
2018,John Rodriguez,2.54758E+11,,,,
2017,Bob Martinez,2.54766E+11,,,,
2016,Carlos Brown,2.54721E+11,,,,
2015,Henry Brown,2.54715E+11,,,,
2014,John Martinez,2.54762E+11,,,,
2013,Eve Garcia,2.54772E+11,,,,
2012,Bob Williams,2.54783E+11,,,,
2011,Diana Garcia,2.5479E+11,,,,
2010,Jane Garcia,2.54763E+11,,,,
2009,Frank Davis,2.54781E+11,,,,
2008,Jane Johnson,2.54755E+11,,,,
2007,John Smith,2.54716E+11,,,,
2006,Alice Garcia,2.54763E+11,,,,
2005,Bob Smith,2.54767E+11,,,,
2004,Alice Rodriguez,2.54732E+11,,,,
2003,Eve Johnson,2.5478E+11,,,,
2002,Bob Smith,2.5477E+11,,,,
2001,Diana Miller,2.54792E+11,,,,
2000,Bob Smith,2.54722E+11,,,,
1999,Henry Smith,2.54792E+11,,,,
1998,Bob Jones,2.54771E+11,,,,
1997,Alice Martinez,2.54778E+11,,,,
1996,Bob Martinez,2.54719E+11,,,,
1995,Diana Jones,2.54713E+11,,,,
1994,Eve Williams,2.54731E+11,,,,
1993,Henry Davis,2.5474E+11,,,,
1992,Eve Davis,2.54716E+11,,,,
1991,Alice Smith,2.54777E+11,,,,
1990,Henry Smith,2.54797E+11,,,,
1989,Grace Jones,2.54787E+11,,,,
1988,John Jones,2.54735E+11,,,,
1987,John Smith,2.54726E+11,,,,
1986,John Garcia,2.54796E+11,,,,
1985,Henry Martinez,2.54771E+11,,,,
1984,Grace Davis,2.54793E+11,,,,
1983,Frank Martinez,2.54787E+11,,,,
1982,John Miller,2.54757E+11,,,,
1981,Frank Martinez,2.54778E+11,,,,
1980,Grace Johnson,2.5471E+11,,,,
1979,Eve Johnson,2.54769E+11,,,,
1978,Alice Johnson,2.54725E+11,,,,
1977,Alice Miller,2.54738E+11,,,,
1976,Eve Martinez,2.54748E+11,,,,
1975,Carlos Miller,2.54726E+11,,,,
1974,Henry Garcia,2.54787E+11,,,,
1973,Bob Garcia,2.54779E+11,,,,
1972,Henry Martinez,2.54741E+11,,,,
1971,Henry Williams,2.54733E+11,,,,
1970,Diana Martinez,2.54751E+11,,,,
1969,Frank Brown,2.5479E+11,,,,
1968,Eve Rodriguez,2.54785E+11,,,,
1967,Jane Brown,2.5478E+11,,,,
1966,Alice Miller,2.54752E+11,,,,
1965,Bob Brown,2.54732E+11,,,,
1964,Henry Rodriguez,2.54771E+11,,,,
1963,John Martinez,2.54773E+11,,,,
1962,Carlos Smith,2.54716E+11,,,,
1961,Bob Smith,2.54784E+11,,,,
1960,Eve Brown,2.54758E+11,,,,
1959,Henry Smith,2.54744E+11,,,,
1958,Diana Williams,2.54734E+11,,,,
1957,Eve Williams,2.54713E+11,,,,
1956,Frank Williams,2.54731E+11,,,,
1955,John Davis,2.54717E+11,,,,
1954,Grace Garcia,2.54752E+11,,,,
1953,Frank Garcia,2.54781E+11,,,,
1952,Alice Brown,2.54751E+11,,,,
1951,Grace Garcia,2.54783E+11,,,,
1950,John Williams,2.54723E+11,,,,
1949,Jane Martinez,2.5471E+11,,,,
1948,Bob Smith,2.54759E+11,,,,
1947,Alice Smith,2.54744E+11,,,,
1946,Jane Brown,2.54787E+11,,,,
1945,John Martinez,2.5473E+11,,,,
1944,Alice Davis,2.54766E+11,,,,
1943,Henry Miller,2.54764E+11,,,,
1942,Eve Brown,2.5475E+11,,,,
1941,Bob Johnson,2.5476E+11,,,,
1940,Frank Miller,2.54798E+11,,,,
1939,Henry Johnson,2.54797E+11,,,,
1938,Frank Rodriguez,2.54762E+11,,,,
1937,Carlos Martinez,2.54786E+11,,,,
1936,Carlos Brown,2.54767E+11,,,,
1935,Frank Garcia,2.54743E+11,,,,
1934,Frank Garcia,2.54749E+11,,,,
1933,Diana Rodriguez,2.54718E+11,,,,
1932,John Davis,2.54731E+11,,,,
1931,Eve Jones,2.54721E+11,,,,
1930,Frank Garcia,2.54774E+11,,,,
1929,Jane Rodriguez,2.54721E+11,,,,
1928,Grace Brown,2.54724E+11,,,,
1927,Bob Davis,2.54743E+11,,,,
1926,Frank Jones,2.54788E+11,,,,
1925,John Jones,2.54757E+11,,,,
1924,Carlos Williams,2.54786E+11,,,,
1923,Grace Miller,2.54756E+11,,,,
1922,Bob Martinez,2.54761E+11,,,,
1921,Alice Miller,2.54781E+11,,,,
1920,Alice Davis,2.5475E+11,,,,
1919,Grace Johnson,2.54714E+11,,,,
1918,Bob Smith,2.5475E+11,,,,
1917,Alice Brown,2.54781E+11,,,,
1916,Eve Williams,2.54769E+11,,,,
1915,Frank Brown,2.54769E+11,,,,
1914,Bob Brown,2.54719E+11,,,,
1913,John Martinez,2.54743E+11,,,,
1912,John Brown,2.54785E+11,,,,
1911,Diana Martinez,2.5475E+11,,,,
1910,Frank Williams,2.54737E+11,,,,
1909,Jane Williams,2.5474E+11,,,,
1908,Henry Smith,2.54743E+11,,,,
1907,Diana Jones,2.54756E+11,,,,
1906,Bob Garcia,2.54755E+11,,,,
1905,Frank Johnson,2.54765E+11,,,,
1904,Frank Davis,2.54732E+11,,,,
1903,Diana Johnson,2.54778E+11,,,,
1902,Frank Johnson,2.54759E+11,,,,
1901,John Williams,2.54767E+11,,,,
1900,Jane Rodriguez,2.54797E+11,,,,
1899,Frank Miller,2.54792E+11,,,,
1898,Bob Garcia,2.5477E+11,,,,
1897,Jane Martinez,2.54716E+11,,,,
1896,Eve Garcia,2.54768E+11,,,,
1895,Jane Smith,2.54785E+11,,,,
1894,Jane Brown,2.54776E+11,,,,
1893,Frank Williams,2.5477E+11,,,,
1892,Eve Johnson,2.54738E+11,,,,
1891,Grace Jones,2.54716E+11,,,,
1890,Eve Brown,2.54772E+11,,,,
1889,Jane Jones,2.54758E+11,,,,
1888,Henry Williams,2.54764E+11,,,,
1887,Bob Smith,2.54767E+11,,,,
1886,Carlos Johnson,2.54743E+11,,,,
1885,Jane Williams,2.54749E+11,,,,
1884,Grace Garcia,2.54761E+11,,,,
1883,Jane Johnson,2.54718E+11,,,,
1882,Frank Johnson,2.54743E+11,,,,
1881,Bob Garcia,2.54762E+11,,,,
1880,Bob Davis,2.5478E+11,,,,
1879,Grace Miller,2.54781E+11,,,,
1878,Henry Brown,2.54747E+11,,,,
1877,Carlos Jones,2.5475E+11,,,,
1876,Jane Brown,2.54775E+11,,,,
1875,Henry Johnson,2.54754E+11,,,,
1874,Frank Brown,2.54773E+11,,,,
1873,Eve Johnson,2.54713E+11,,,,
1872,John Smith,2.54744E+11,,,,
1871,Bob Davis,2.54716E+11,,,,
1870,Eve Williams,2.54779E+11,,,,
1869,Jane Miller,2.54731E+11,,,,
1868,Frank Jones,2.54719E+11,,,,
1867,Frank Johnson,2.54768E+11,,,,
1866,Frank Johnson,2.54745E+11,,,,
1865,Frank Rodriguez,2.54755E+11,,,,
1864,Jane Garcia,2.54774E+11,,,,
1863,Bob Miller,2.54786E+11,,,,
1862,Carlos Johnson,2.54784E+11,,,,
1861,Bob Williams,2.54785E+11,,,,
1860,Bob Jones,2.54788E+11,,,,
1859,Frank Davis,2.54741E+11,,,,
1858,Carlos Jones,2.5474E+11,,,,
1857,Henry Rodriguez,2.54787E+11,,,,
1856,Eve Rodriguez,2.54769E+11,,,,
1855,Diana Garcia,2.54771E+11,,,,
1854,Grace Brown,2.5479E+11,,,,
1853,John Smith,2.54738E+11,,,,
1852,Bob Miller,2.54753E+11,,,,
1851,Henry Rodriguez,2.54734E+11,,,,
1850,Jane Smith,2.54723E+11,,,,
1849,Carlos Davis,2.54773E+11,,,,
1848,Diana Johnson,2.54724E+11,,,,
1847,Alice Davis,2.54777E+11,,,,
1846,Bob Smith,2.54776E+11,,,,
1845,Eve Johnson,2.54731E+11,,,,
1844,Eve Williams,2.54734E+11,,,,
1843,Eve Davis,2.54753E+11,,,,
1842,Carlos Johnson,2.54768E+11,,,,
1841,Eve Jones,2.54796E+11,,,,
1840,Carlos Davis,2.54779E+11,,,,
1839,Diana Smith,2.54743E+11,,,,
1838,Eve Rodriguez,2.54717E+11,,,,
1837,Carlos Rodriguez,2.54729E+11,,,,
1836,Grace Davis,2.54787E+11,,,,
1835,Diana Brown,2.54793E+11,,,,
1834,Grace Johnson,2.54741E+11,,,,
1833,John Johnson,2.54735E+11,,,,
1832,Diana Miller,2.54718E+11,,,,
1831,Grace Johnson,2.54756E+11,,,,
1830,Alice Brown,2.54721E+11,,,,
1829,Diana Jones,2.5474E+11,,,,
1828,Bob Williams,2.54774E+11,,,,
1827,Carlos Williams,2.54795E+11,,,,
1826,John Smith,2.54796E+11,,,,
1825,Jane Jones,2.54764E+11,,,,
1824,Diana Smith,2.54738E+11,,,,
1823,Alice Johnson,2.54734E+11,,,,
1822,Henry Jones,2.54798E+11,,,,
1821,Bob Miller,2.54776E+11,,,,
1820,Alice Rodriguez,2.54767E+11,,,,
1819,Alice Garcia,2.54781E+11,,,,
1818,Alice Jones,2.54791E+11,,,,
1817,Jane Davis,2.54763E+11,,,,
1816,Alice Garcia,2.54774E+11,,,,
1815,Eve Garcia,2.54745E+11,,,,
1814,Grace Johnson,2.54731E+11,,,,
1813,Jane Miller,2.54714E+11,,,,
1812,Diana Rodriguez,2.5473E+11,,,,
1811,Eve Rodriguez,2.54717E+11,,,,
1810,John Martinez,2.54782E+11,,,,
1809,Grace Rodriguez,2.54731E+11,,,,
1808,John Garcia,2.54721E+11,,,,
1807,Henry Johnson,2.54779E+11,,,,
1806,Jane Smith,2.5475E+11,,,,
1805,Carlos Garcia,2.54793E+11,,,,
1804,Diana Williams,2.54751E+11,,,,
1803,Jane Brown,2.5474E+11,,,,
1802,Jane Smith,2.548E+11,,,,
1801,John Smith,2.54732E+11,,,,
1800,Frank Rodriguez,2.54754E+11,,,,
1799,Alice Smith,2.54792E+11,,,,
1798,Henry Miller,2.54762E+11,,,,
1797,Carlos Johnson,2.54759E+11,,,,
1796,Alice Williams,2.54717E+11,,,,
1795,Diana Martinez,2.54751E+11,,,,
1794,Alice Garcia,2.54711E+11,,,,
1793,Jane Rodriguez,2.54765E+11,,,,
1792,Bob Brown,2.54737E+11,,,,
1791,Eve Brown,2.54755E+11,,,,
1790,Frank Smith,2.54764E+11,,,,
1789,Grace Williams,2.54717E+11,,,,
1788,Bob Davis,2.5473E+11,,,,
1787,John Rodriguez,2.54732E+11,,,,
1786,Carlos Jones,2.54717E+11,,,,
1785,Alice Garcia,2.54718E+11,,,,
1784,Carlos Rodriguez,2.54722E+11,,,,
1783,Alice Miller,2.54785E+11,,,,
1782,Alice Williams,2.54791E+11,,,,
1781,Frank Jones,2.5473E+11,,,,
1780,Eve Brown,2.54783E+11,,,,
1779,Frank Davis,2.5479E+11,,,,
1778,Alice Brown,2.54768E+11,,,,
1777,Diana Davis,2.54773E+11,,,,
1776,John Miller,2.54725E+11,,,,
1775,Diana Davis,2.54742E+11,,,,
1774,Eve Williams,2.54784E+11,,,,
1773,Diana Johnson,2.54775E+11,,,,
1772,Diana Rodriguez,2.54719E+11,,,,
1771,Carlos Brown,2.54753E+11,,,,
1770,Diana Davis,2.54785E+11,,,,
1769,Bob Johnson,2.5473E+11,,,,
1768,Carlos Rodriguez,2.54766E+11,,,,
1767,Grace Miller,2.54724E+11,,,,
1766,Grace Smith,2.54726E+11,,,,
1765,Diana Johnson,2.5478E+11,,,,
1764,Henry Martinez,2.54727E+11,,,,
1763,Eve Martinez,2.54752E+11,,,,
1762,Grace Williams,2.54799E+11,,,,
1761,John Smith,2.54776E+11,,,,
1760,Diana Brown,2.54739E+11,,,,
1759,Bob Johnson,2.54752E+11,,,,
1758,Eve Martinez,2.54776E+11,,,,
1757,Bob Johnson,2.54769E+11,,,,
1756,Eve Davis,2.54754E+11,,,,
1755,Eve Brown,2.5473E+11,,,,
1754,Alice Smith,2.54726E+11,,,,
1753,Henry Rodriguez,2.54712E+11,,,,
1752,Frank Jones,2.54725E+11,,,,
1751,John Rodriguez,2.54724E+11,,,,
1750,Jane Johnson,2.54771E+11,,,,
1749,Grace Jones,2.5472E+11,,,,
1748,Henry Williams,2.54732E+11,,,,
1747,Jane Brown,2.54755E+11,,,,
1746,Henry Williams,2.54767E+11,,,,
1745,Eve Smith,2.54727E+11,,,,
1744,Henry Martinez,2.54765E+11,,,,
1743,Frank Johnson,2.5473E+11,,,,
1742,Frank Jones,2.54727E+11,,,,
1741,Carlos Brown,2.54794E+11,,,,
1740,Diana Martinez,2.54713E+11,,,,
1739,Henry Miller,2.54795E+11,,,,
1738,Grace Davis,2.54737E+11,,,,
1737,John Jones,2.54717E+11,,,,
1736,Alice Garcia,2.5473E+11,,,,
1735,Henry Martinez,2.54739E+11,,,,
1734,Bob Rodriguez,2.5479E+11,,,,
1733,Alice Williams,2.54746E+11,,,,
1732,Alice Martinez,2.54733E+11,,,,
1731,John Garcia,2.54762E+11,,,,
1730,Henry Smith,2.54742E+11,,,,
1729,Eve Jones,2.54783E+11,,,,
1728,Diana Garcia,2.54721E+11,,,,
1727,Jane Martinez,2.54733E+11,,,,
1726,Bob Martinez,2.5474E+11,,,,
1725,Frank Martinez,2.54785E+11,,,,
1724,Henry Johnson,2.54767E+11,,,,
1723,Jane Rodriguez,2.5474E+11,,,,
1722,Frank Davis,2.54768E+11,,,,
1721,Diana Garcia,2.54733E+11,,,,
1720,Grace Williams,2.54756E+11,,,,
1719,Jane Garcia,2.5475E+11,,,,
1718,Frank Rodriguez,2.5476E+11,,,,
1717,Bob Brown,2.54715E+11,,,,
1716,Frank Miller,2.54777E+11,,,,
1715,Bob Brown,2.54756E+11,,,,
1714,Jane Martinez,2.54731E+11,,,,
1713,Bob Johnson,2.54761E+11,,,,
1712,Diana Davis,2.54727E+11,,,,
1711,Grace Davis,2.54752E+11,,,,
1710,Diana Jones,2.54757E+11,,,,
1709,Bob Jones,2.54791E+11,,,,
1708,Henry Brown,2.54751E+11,,,,
1707,Bob Jones,2.5474E+11,,,,
1706,Diana Garcia,2.5479E+11,,,,
1705,Eve Davis,2.54768E+11,,,,
1704,Carlos Miller,2.5471E+11,,,,
1703,Henry Smith,2.54757E+11,,,,
1702,Henry Martinez,2.5477E+11,,,,
1701,Jane Smith,2.54777E+11,,,,
1700,Carlos Rodriguez,2.54754E+11,,,,
1699,Carlos Williams,2.54744E+11,,,,
1698,Bob Johnson,2.54762E+11,,,,
1697,Henry Garcia,2.54772E+11,,,,
1696,Diana Martinez,2.54746E+11,,,,
1695,Carlos Brown,2.54798E+11,,,,
1694,John Smith,2.54744E+11,,,,
1693,Eve Garcia,2.54795E+11,,,,
1692,Jane Miller,2.5479E+11,,,,
1691,Eve Smith,2.54723E+11,,,,
1690,Eve Smith,2.54797E+11,,,,
1689,Diana Smith,2.54766E+11,,,,
1688,Alice Smith,2.54791E+11,,,,
1687,Carlos Smith,2.54783E+11,,,,
1686,John Davis,2.54754E+11,,,,
1685,Diana Williams,2.54745E+11,,,,
1684,Henry Rodriguez,2.54757E+11,,,,
1683,Henry Davis,2.54756E+11,,,,
1682,Alice Garcia,2.54794E+11,,,,
1681,Diana Miller,2.54769E+11,,,,
1680,Frank Johnson,2.54764E+11,,,,
1679,John Rodriguez,2.54726E+11,,,,
1678,Grace Jones,2.5478E+11,,,,
1677,John Jones,2.54799E+11,,,,
1676,Henry Brown,2.54764E+11,,,,
1675,John Brown,2.54731E+11,,,,
1674,Henry Miller,2.54715E+11,,,,
1673,Henry Smith,2.5478E+11,,,,
1672,Bob Smith,2.54771E+11,,,,
1671,John Johnson,2.54785E+11,,,,
1670,Jane Johnson,2.54755E+11,,,,
1669,Eve Garcia,2.54724E+11,,,,
1668,Frank Martinez,2.54721E+11,,,,
1667,John Martinez,2.54752E+11,,,,
1666,Grace Davis,2.5472E+11,,,,
1665,Eve Williams,2.54729E+11,,,,
1664,Diana Brown,2.5479E+11,,,,
1663,Carlos Miller,2.54774E+11,,,,
1662,Henry Miller,2.54786E+11,,,,
1661,Frank Martinez,2.5474E+11,,,,
1660,Henry Martinez,2.54752E+11,,,,
1659,John Miller,2.54735E+11,,,,
1658,John Johnson,2.54763E+11,,,,
1657,Frank Brown,2.54797E+11,,,,
1656,Eve Jones,2.54714E+11,,,,
1655,Jane Johnson,2.54741E+11,,,,
1654,John Martinez,2.54751E+11,,,,
1653,Bob Williams,2.54752E+11,,,,
1652,Bob Williams,2.54783E+11,,,,
1651,Jane Johnson,2.54718E+11,,,,
1650,Diana Jones,2.54726E+11,,,,
1649,Bob Williams,2.54738E+11,,,,
1648,Henry Davis,2.54762E+11,,,,
1647,Grace Smith,2.54751E+11,,,,
1646,Bob Jones,2.54794E+11,,,,
1645,Jane Rodriguez,2.54757E+11,,,,
1644,Carlos Garcia,2.5477E+11,,,,
1643,Diana Martinez,2.54731E+11,,,,
1642,Jane Martinez,2.54734E+11,,,,
1641,Grace Martinez,2.54737E+11,,,,
1640,Carlos Smith,2.54798E+11,,,,
1639,Frank Miller,2.54742E+11,,,,
1638,Carlos Smith,2.54741E+11,,,,
1637,Carlos Brown,2.54799E+11,,,,
1636,Carlos Brown,2.54743E+11,,,,
1635,Alice Garcia,2.54749E+11,,,,
1634,John Jones,2.5475E+11,,,,
1633,Henry Martinez,2.54729E+11,,,,
1632,John Brown,2.54736E+11,,,,
1631,Diana Brown,2.54759E+11,,,,
1630,Henry Johnson,2.54771E+11,,,,
1629,Carlos Jones,2.54741E+11,,,,
1628,Jane Davis,2.54763E+11,,,,
1627,Jane Garcia,2.54737E+11,,,,
1626,John Williams,2.5471E+11,,,,
1625,Carlos Miller,2.54722E+11,,,,
1624,Bob Williams,2.5477E+11,,,,
1623,Eve Brown,2.54722E+11,,,,
1622,Jane Davis,2.54747E+11,,,,
1621,Diana Smith,2.54767E+11,,,,
1620,Frank Miller,2.54784E+11,,,,
1619,Alice Davis,2.54786E+11,,,,
1618,Jane Smith,2.54751E+11,,,,
1617,Bob Martinez,2.54744E+11,,,,
1616,Alice Rodriguez,2.54786E+11,,,,
1615,Frank Johnson,2.54745E+11,,,,
1614,Henry Johnson,2.54795E+11,,,,
1613,Henry Martinez,2.54787E+11,,,,
1612,Carlos Davis,2.5479E+11,,,,
1611,Grace Garcia,2.54794E+11,,,,
1610,Diana Brown,2.54799E+11,,,,
1609,Grace Jones,2.54716E+11,,,,
1608,Bob Brown,2.54764E+11,,,,
1607,Carlos Brown,2.54727E+11,,,,
1606,Eve Jones,2.54725E+11,,,,
1605,Diana Williams,2.54761E+11,,,,
1604,Alice Martinez,2.5475E+11,,,,
1603,Diana Davis,2.54789E+11,,,,
1602,Carlos Johnson,2.54712E+11,,,,
1601,Eve Davis,2.5476E+11,,,,
1600,Henry Garcia,2.5474E+11,,,,
1599,Bob Davis,2.54763E+11,,,,
1598,Diana Martinez,2.54788E+11,,,,
1597,Bob Miller,2.5474E+11,,,,
1596,Frank Davis,2.54752E+11,,,,
1595,Frank Brown,2.54785E+11,,,,
1594,Diana Brown,2.5477E+11,,,,
1593,Carlos Smith,2.54797E+11,,,,
1592,Frank Smith,2.54754E+11,,,,
1591,Diana Jones,2.54735E+11,,,,
1590,Grace Miller,2.5474E+11,,,,
1589,Grace Rodriguez,2.5473E+11,,,,
1588,Grace Miller,2.54779E+11,,,,
1587,Jane Garcia,2.54743E+11,,,,
1586,Jane Williams,2.5473E+11,,,,
1585,Jane Davis,2.54773E+11,,,,
1584,Eve Brown,2.54719E+11,,,,
1583,Henry Williams,2.54716E+11,,,,
1582,Jane Brown,2.54782E+11,,,,
1581,Jane Brown,2.54739E+11,,,,
1580,Eve Davis,2.54753E+11,,,,
1579,Henry Jones,2.54794E+11,,,,
1578,Frank Johnson,2.54774E+11,,,,
1577,Carlos Garcia,2.54793E+11,,,,
1576,Eve Rodriguez,2.54736E+11,,,,
1575,Grace Miller,2.54748E+11,,,,
1574,Jane Garcia,2.54794E+11,,,,
1573,John Miller,2.54732E+11,,,,
1572,Henry Rodriguez,2.54761E+11,,,,
1571,Bob Jones,2.54745E+11,,,,
1570,John Miller,2.54741E+11,,,,
1569,Henry Jones,2.54716E+11,,,,
1568,Diana Brown,2.54776E+11,,,,
1567,Carlos Smith,2.54794E+11,,,,
1566,Bob Johnson,2.54743E+11,,,,
1565,Frank Davis,2.54766E+11,,,,
1564,Jane Rodriguez,2.5474E+11,,,,
1563,Henry Johnson,2.5475E+11,,,,
1562,Bob Brown,2.54714E+11,,,,
1561,Carlos Rodriguez,2.54738E+11,,,,
1560,Alice Rodriguez,2.54729E+11,,,,
1559,Diana Johnson,2.54788E+11,,,,
1558,Alice Johnson,2.54728E+11,,,,
1557,Frank Johnson,2.54762E+11,,,,
1556,Bob Jones,2.54789E+11,,,,
1555,Frank Johnson,2.54733E+11,,,,
1554,Grace Davis,2.54795E+11,,,,
1553,Diana Garcia,2.54721E+11,,,,
1552,John Martinez,2.54717E+11,,,,
1551,Bob Williams,2.54763E+11,,,,
1550,Grace Martinez,2.54751E+11,,,,
1549,Bob Smith,2.54734E+11,,,,
1548,Jane Jones,2.5477E+11,,,,
1547,Alice Garcia,2.54784E+11,,,,
1546,John Martinez,2.54789E+11,,,,
1545,Carlos Davis,2.54774E+11,,,,
1544,Frank Williams,2.54776E+11,,,,
1543,Frank Brown,2.54722E+11,,,,
1542,John Rodriguez,2.54766E+11,,,,
1541,Grace Williams,2.54744E+11,,,,
1540,John Rodriguez,2.54797E+11,,,,
1539,Henry Rodriguez,2.5476E+11,,,,
1538,Henry Smith,2.54787E+11,,,,
1537,Diana Brown,2.54763E+11,,,,
1536,Grace Rodriguez,2.54729E+11,,,,
1535,John Jones,2.5477E+11,,,,
1534,Carlos Williams,2.54725E+11,,,,
1533,Bob Davis,2.54761E+11,,,,
1532,Carlos Williams,2.54745E+11,,,,
1531,Carlos Martinez,2.54777E+11,,,,
1530,Bob Rodriguez,2.54766E+11,,,,
1529,Henry Williams,2.5471E+11,,,,
1528,Grace Garcia,2.54762E+11,,,,
1527,Eve Johnson,2.54799E+11,,,,
1526,Eve Williams,2.54797E+11,,,,
1525,Eve Jones,2.54715E+11,,,,
1524,Grace Martinez,2.54743E+11,,,,
1523,Henry Jones,2.54719E+11,,,,
1522,Carlos Garcia,2.5472E+11,,,,
1521,Eve Garcia,2.54752E+11,,,,
1520,Carlos Jones,2.54754E+11,,,,
1519,Diana Jones,2.54715E+11,,,,
1518,Grace Davis,2.54789E+11,,,,
1517,Carlos Rodriguez,2.54714E+11,,,,
1516,Bob Martinez,2.54769E+11,,,,
1515,Frank Rodriguez,2.54727E+11,,,,
1514,Diana Martinez,2.54797E+11,,,,
1513,Henry Johnson,2.54735E+11,,,,
1512,Carlos Rodriguez,2.54772E+11,,,,
1511,Bob Garcia,2.5475E+11,,,,
1510,Eve Smith,2.54728E+11,,,,
1509,Diana Williams,2.54736E+11,,,,
1508,Grace Williams,2.54786E+11,,,,
1507,Bob Smith,2.54797E+11,,,,
1506,Alice Martinez,2.54713E+11,,,,
1505,Bob Brown,2.54799E+11,,,,
1504,John Johnson,2.54754E+11,,,,
1503,Carlos Miller,2.5479E+11,,,,
1502,Diana Brown,2.54729E+11,,,,
1501,Diana Garcia,2.54756E+11,,,,
1500,Diana Jones,2.54788E+11,,,,
1499,Alice Brown,2.54739E+11,,,,
1498,Diana Johnson,2.54786E+11,,,,
1497,Henry Garcia,2.54791E+11,,,,
1496,Eve Smith,2.54736E+11,,,,
1495,Henry Smith,2.54778E+11,,,,
1494,Grace Jones,2.54764E+11,,,,
1493,Alice Williams,2.54799E+11,,,,
1492,John Garcia,2.5475E+11,,,,
1491,Diana Miller,2.54755E+11,,,,
1490,Alice Rodriguez,2.54725E+11,,,,
1489,John Rodriguez,2.54765E+11,,,,
1488,Carlos Williams,2.54715E+11,,,,
1487,John Rodriguez,2.54759E+11,,,,
1486,Eve Miller,2.54713E+11,,,,
1485,Bob Martinez,2.548E+11,,,,
1484,Henry Rodriguez,2.5477E+11,,,,
1483,Bob Williams,2.54766E+11,,,,
1482,Henry Williams,2.5475E+11,,,,
1481,Eve Johnson,2.54752E+11,,,,
1480,Grace Brown,2.54786E+11,,,,
1479,John Rodriguez,2.54749E+11,,,,
1478,John Martinez,2.54768E+11,,,,
1477,Diana Miller,2.5474E+11,,,,
1476,Eve Johnson,2.54749E+11,,,,
1475,Eve Brown,2.54732E+11,,,,
1474,Jane Jones,2.54741E+11,,,,
1473,Carlos Rodriguez,2.54717E+11,,,,
1472,Carlos Garcia,2.54735E+11,,,,
1471,Alice Rodriguez,2.54771E+11,,,,
1470,Diana Williams,2.54753E+11,,,,
1469,Henry Garcia,2.54782E+11,,,,
1468,Henry Rodriguez,2.54798E+11,,,,
1467,Alice Smith,2.5478E+11,,,,
1466,Bob Smith,2.54728E+11,,,,
1465,Carlos Garcia,2.54785E+11,,,,
1464,Bob Rodriguez,2.54716E+11,,,,
1463,Carlos Rodriguez,2.54731E+11,,,,
1462,John Smith,2.54717E+11,,,,
1461,Jane Davis,2.54776E+11,,,,
1460,Grace Brown,2.54741E+11,,,,
1459,Grace Jones,2.54713E+11,,,,
1458,Frank Brown,2.54764E+11,,,,
1457,Jane Rodriguez,2.54744E+11,,,,
1456,Diana Garcia,2.54755E+11,,,,
1455,Eve Jones,2.54725E+11,,,,
1454,Henry Williams,2.54792E+11,,,,
1453,John Garcia,2.54751E+11,,,,
1452,Henry Johnson,2.54794E+11,,,,
1451,John Miller,2.54776E+11,,,,
1450,Carlos Smith,2.54781E+11,,,,
1449,Carlos Garcia,2.5472E+11,,,,
1448,Grace Rodriguez,2.54793E+11,,,,
1447,Jane Garcia,2.54727E+11,,,,
1446,Alice Williams,2.54791E+11,,,,
1445,Jane Garcia,2.54786E+11,,,,
1444,John Davis,2.54796E+11,,,,
1443,Carlos Williams,2.54796E+11,,,,
1442,Henry Smith,2.54733E+11,,,,
1441,John Davis,2.54775E+11,,,,
1440,Frank Brown,2.54737E+11,,,,
1439,Carlos Martinez,2.54723E+11,,,,
1438,Diana Davis,2.54795E+11,,,,
1437,John Miller,2.54779E+11,,,,
1436,John Jones,2.54795E+11,,,,
1435,Alice Miller,2.54772E+11,,,,
1434,Eve Martinez,2.54724E+11,,,,
1433,Bob Johnson,2.54769E+11,,,,
1432,Frank Smith,2.54767E+11,,,,
1431,Grace Martinez,2.54759E+11,,,,
1430,Frank Jones,2.54743E+11,,,,
1429,Frank Johnson,2.54765E+11,,,,
1428,John Davis,2.54735E+11,,,,
1427,Bob Garcia,2.54738E+11,,,,
1426,Grace Martinez,2.54788E+11,,,,
1425,Carlos Davis,2.54765E+11,,,,
1424,Eve Brown,2.54758E+11,,,,
1423,Diana Davis,2.54711E+11,,,,
1422,Carlos Martinez,2.54751E+11,,,,
1421,Bob Martinez,2.5478E+11,,,,
1420,Henry Rodriguez,2.54769E+11,,,,
1419,Eve Williams,2.54719E+11,,,,
1418,John Rodriguez,2.54752E+11,,,,
1417,Eve Johnson,2.54716E+11,,,,
1416,Henry Miller,2.54769E+11,,,,
1415,Frank Miller,2.54783E+11,,,,
1414,Diana Smith,2.54796E+11,,,,
1413,Eve Martinez,2.54727E+11,,,,
1412,Frank Miller,2.54765E+11,,,,
1411,Jane Smith,2.54773E+11,,,,
1410,Diana Rodriguez,2.54731E+11,,,,
1409,Frank Jones,2.54779E+11,,,,
1408,Carlos Martinez,2.54735E+11,,,,
1407,John Brown,2.54745E+11,,,,
1406,Diana Brown,2.54761E+11,,,,
1405,Jane Williams,2.5478E+11,,,,
1404,Bob Miller,2.54799E+11,,,,
1403,Alice Garcia,2.5477E+11,,,,
1402,Frank Miller,2.54725E+11,,,,
1401,Frank Martinez,2.54728E+11,,,,
1400,Jane Martinez,2.54774E+11,,,,
1399,Eve Rodriguez,2.54779E+11,,,,
1398,Jane Davis,2.54749E+11,,,,
1397,Alice Jones,2.54799E+11,,,,
1396,Diana Rodriguez,2.54752E+11,,,,
1395,Alice Brown,2.54793E+11,,,,
1394,Jane Jones,2.54749E+11,,,,
1393,Alice Johnson,2.54725E+11,,,,
1392,Carlos Martinez,2.54789E+11,,,,
1391,Diana Brown,2.54724E+11,,,,
1390,Diana Brown,2.54768E+11,,,,
1389,Alice Davis,2.54737E+11,,,,
1388,Bob Rodriguez,2.54716E+11,,,,
1387,Jane Johnson,2.54739E+11,,,,
1386,Carlos Williams,2.54794E+11,,,,
1385,Eve Miller,2.54726E+11,,,,
1384,Carlos Miller,2.54778E+11,,,,
1383,John Brown,2.54746E+11,,,,
1382,Alice Miller,2.5478E+11,,,,
1381,Jane Miller,2.54772E+11,,,,
1380,Carlos Williams,2.54767E+11,,,,
1379,John Williams,2.54717E+11,,,,
1378,Diana Jones,2.54779E+11,,,,
1377,Bob Martinez,2.54714E+11,,,,
1376,Jane Jones,2.54793E+11,,,,
1375,Bob Smith,2.54753E+11,,,,
1374,Frank Miller,2.54739E+11,,,,
1373,Eve Jones,2.54723E+11,,,,
1372,Diana Williams,2.54739E+11,,,,
1371,Bob Jones,2.54736E+11,,,,
1370,Carlos Garcia,2.54774E+11,,,,
1369,Bob Brown,2.54739E+11,,,,
1368,Diana Miller,2.54711E+11,,,,
1367,John Jones,2.548E+11,,,,
1366,Eve Jones,2.54732E+11,,,,
1365,Alice Williams,2.54728E+11,,,,
1364,Bob Williams,2.54721E+11,,,,
1363,John Johnson,2.54752E+11,,,,
1362,John Williams,2.5478E+11,,,,
1361,Jane Davis,2.54789E+11,,,,
1360,Alice Martinez,2.54733E+11,,,,
1359,Jane Rodriguez,2.54775E+11,,,,
1358,Bob Martinez,2.54751E+11,,,,
1357,Grace Rodriguez,2.54743E+11,,,,
1356,Henry Johnson,2.54744E+11,,,,
1355,Henry Brown,2.548E+11,,,,
1354,Carlos Miller,2.54771E+11,,,,
1353,Grace Garcia,2.54735E+11,,,,
1352,Grace Smith,2.54795E+11,,,,
1351,Jane Garcia,2.54714E+11,,,,
1350,Henry Williams,2.5474E+11,,,,
1349,Eve Johnson,2.54772E+11,,,,
1348,Henry Garcia,2.54731E+11,,,,
1347,Diana Jones,2.5477E+11,,,,
1346,Alice Davis,2.54737E+11,,,,
1345,Henry Garcia,2.54745E+11,,,,
1344,Bob Miller,2.54797E+11,,,,
1343,Alice Garcia,2.54757E+11,,,,
1342,Henry Garcia,2.54726E+11,,,,
1341,John Rodriguez,2.54732E+11,,,,
1340,Bob Brown,2.54724E+11,,,,
1339,Grace Jones,2.54724E+11,,,,
1338,Bob Smith,2.54733E+11,,,,
1337,Eve Brown,2.54788E+11,,,,
1336,Frank Jones,2.54734E+11,,,,
1335,Frank Miller,2.54739E+11,,,,
1334,Henry Garcia,2.5478E+11,,,,
1333,Alice Davis,2.54763E+11,,,,
1332,Carlos Garcia,2.54753E+11,,,,
1331,Jane Davis,2.54757E+11,,,,
1330,Frank Rodriguez,2.54743E+11,,,,
1329,Diana Martinez,2.54763E+11,,,,
1328,Eve Brown,2.54744E+11,,,,
1327,John Garcia,2.5478E+11,,,,
1326,Carlos Garcia,2.54786E+11,,,,
1325,Carlos Brown,2.54739E+11,,,,
1324,Eve Brown,2.54783E+11,,,,
1323,Jane Johnson,2.54774E+11,,,,
1322,Diana Smith,2.54723E+11,,,,
1321,Henry Johnson,2.54729E+11,,,,
1320,Grace Martinez,2.54794E+11,,,,
1319,John Garcia,2.54786E+11,,,,
1318,Henry Jones,2.54762E+11,,,,
1317,Bob Davis,2.54759E+11,,,,
1316,Carlos Jones,2.54767E+11,,,,
1315,Henry Johnson,2.54718E+11,,,,
1314,Bob Smith,2.54738E+11,,,,
1313,Alice Rodriguez,2.54771E+11,,,,
1312,Alice Jones,2.5472E+11,,,,
1311,Jane Rodriguez,2.54766E+11,,,,
1310,Frank Smith,2.54719E+11,,,,
1309,Carlos Martinez,2.54746E+11,,,,
1308,Bob Jones,2.54776E+11,,,,
1307,Jane Smith,2.54788E+11,,,,
1306,Eve Johnson,2.54735E+11,,,,
1305,Henry Miller,2.5477E+11,,,,
1304,John Garcia,2.54726E+11,,,,
1303,Carlos Brown,2.54787E+11,,,,
1302,Eve Garcia,2.54799E+11,,,,
1301,Henry Brown,2.54755E+11,,,,
1300,Alice Johnson,2.54776E+11,,,,
1299,John Davis,2.54772E+11,,,,
1298,Frank Rodriguez,2.54771E+11,,,,
1297,Diana Johnson,2.54723E+11,,,,
1296,Alice Rodriguez,2.54798E+11,,,,
1295,Diana Smith,2.54749E+11,,,,
1294,Bob Rodriguez,2.54781E+11,,,,
1293,John Davis,2.54756E+11,,,,
1292,Henry Williams,2.54762E+11,,,,
1291,John Smith,2.54716E+11,,,,
1290,Carlos Johnson,2.54784E+11,,,,
1289,Jane Rodriguez,2.54785E+11,,,,
1288,Bob Garcia,2.5475E+11,,,,
1287,Jane Davis,2.54789E+11,,,,
1286,Frank Smith,2.54755E+11,,,,
1285,Jane Martinez,2.54764E+11,,,,
1284,Eve Williams,2.54715E+11,,,,
1283,Bob Johnson,2.54792E+11,,,,
1282,Bob Garcia,2.54734E+11,,,,
1281,Bob Jones,2.54775E+11,,,,
1280,Eve Brown,2.54717E+11,,,,
1279,Carlos Jones,2.54787E+11,,,,
1278,Frank Rodriguez,2.54715E+11,,,,
1277,Carlos Davis,2.54796E+11,,,,
1276,Henry Davis,2.54733E+11,,,,
1275,Alice Smith,2.54711E+11,,,,
1274,Bob Jones,2.54731E+11,,,,
1273,Alice Williams,2.54761E+11,,,,
1272,Diana Davis,2.54752E+11,,,,
1271,Grace Jones,2.5477E+11,,,,
1270,Bob Johnson,2.54787E+11,,,,
1269,Diana Williams,2.54734E+11,,,,
1268,Grace Jones,2.54721E+11,,,,
1267,John Garcia,2.54761E+11,,,,
1266,Alice Williams,2.54724E+11,,,,
1265,Frank Martinez,2.54745E+11,,,,
1264,Grace Rodriguez,2.54778E+11,,,,
1263,John Garcia,2.54779E+11,,,,
1262,Jane Williams,2.54733E+11,,,,
1261,Diana Martinez,2.54734E+11,,,,
1260,Bob Johnson,2.54792E+11,,,,
1259,Frank Miller,2.54769E+11,,,,
1258,Grace Davis,2.54726E+11,,,,
1257,Grace Garcia,2.54798E+11,,,,
1256,Bob Rodriguez,2.54728E+11,,,,
1255,Henry Rodriguez,2.54732E+11,,,,
1254,Alice Rodriguez,2.54715E+11,,,,
1253,Grace Davis,2.54727E+11,,,,
1252,Bob Garcia,2.54774E+11,,,,
1251,Grace Johnson,2.54777E+11,,,,
1250,Diana Miller,2.54768E+11,,,,
1249,Henry Williams,2.54744E+11,,,,
1248,Bob Williams,2.54764E+11,,,,
1247,John Johnson,2.54739E+11,,,,
1246,Henry Johnson,2.54712E+11,,,,
1245,John Garcia,2.54733E+11,,,,
1244,Alice Johnson,2.54795E+11,,,,
1243,Jane Rodriguez,2.54727E+11,,,,
1242,John Martinez,2.54764E+11,,,,
1241,Jane Johnson,2.54747E+11,,,,
1240,Frank Davis,2.54787E+11,,,,
1239,Carlos Martinez,2.54788E+11,,,,
1238,Carlos Garcia,2.54741E+11,,,,
1237,Jane Davis,2.54733E+11,,,,
1236,Grace Martinez,2.54787E+11,,,,
1235,Alice Smith,2.54778E+11,,,,
1234,Grace Davis,2.54736E+11,,,,
1233,Frank Garcia,2.54725E+11,,,,
1232,Jane Jones,2.5475E+11,,,,
1231,Bob Williams,2.5479E+11,,,,
1230,Henry Jones,2.54729E+11,,,,
1229,John Rodriguez,2.54796E+11,,,,
1228,Carlos Jones,2.54711E+11,,,,
1227,Grace Rodriguez,2.54716E+11,,,,
1226,Frank Rodriguez,2.5477E+11,,,,
1225,Henry Rodriguez,2.54754E+11,,,,
1224,John Brown,2.54792E+11,,,,
1223,Jane Johnson,2.54714E+11,,,,
1222,Henry Brown,2.5473E+11,,,,
1221,Henry Jones,2.54769E+11,,,,
1220,John Garcia,2.54784E+11,,,,
1219,John Williams,2.54725E+11,,,,
1218,Eve Brown,2.54791E+11,,,,
1217,Frank Williams,2.54754E+11,,,,
1216,Grace Martinez,2.54745E+11,,,,
1215,Eve Garcia,2.54721E+11,,,,
1214,Grace Martinez,2.54796E+11,,,,
1213,Henry Smith,2.54769E+11,,,,
1212,Alice Davis,2.54712E+11,,,,
1211,Eve Brown,2.54799E+11,,,,
1210,Carlos Smith,2.54785E+11,,,,
1209,Diana Garcia,2.54715E+11,,,,
1208,John Martinez,2.54716E+11,,,,
1207,Diana Davis,2.54759E+11,,,,
1206,Frank Garcia,2.54749E+11,,,,
1205,Henry Brown,2.54781E+11,,,,
1204,Bob Martinez,2.54724E+11,,,,
1203,Frank Rodriguez,2.54784E+11,,,,
1202,John Brown,2.54758E+11,,,,
1201,Henry Rodriguez,2.5474E+11,,,,
1200,Diana Smith,2.54778E+11,,,,
1199,Jane Brown,2.5479E+11,,,,
1198,Henry Williams,2.54766E+11,,,,
1197,Jane Rodriguez,2.54791E+11,,,,
1196,Alice Garcia,2.5472E+11,,,,
1195,Carlos Brown,2.5479E+11,,,,
1194,Bob Smith,2.5478E+11,,,,
1193,Diana Miller,2.5473E+11,,,,
1192,Alice Rodriguez,2.54737E+11,,,,
1191,Bob Brown,2.54743E+11,,,,
1190,Carlos Brown,2.54797E+11,,,,
1189,Jane Smith,2.54741E+11,,,,
1188,Diana Smith,2.54765E+11,,,,
1187,Grace Rodriguez,2.54781E+11,,,,
1186,Alice Williams,2.54756E+11,,,,
1185,Diana Garcia,2.54792E+11,,,,
1184,John Johnson,2.54724E+11,,,,
1183,John Jones,2.54741E+11,,,,
1182,Henry Brown,2.54785E+11,,,,
1181,Bob Martinez,2.54754E+11,,,,
1180,Jane Brown,2.54773E+11,,,,
1179,Carlos Garcia,2.54799E+11,,,,
1178,Bob Garcia,2.54748E+11,,,,
1177,Diana Williams,2.5474E+11,,,,
1176,Frank Jones,2.54784E+11,,,,
1175,Diana Smith,2.54781E+11,,,,
1174,Jane Miller,2.54716E+11,,,,
1173,Frank Martinez,2.5473E+11,,,,
1172,Henry Brown,2.54731E+11,,,,
1171,Henry Garcia,2.54745E+11,,,,
1170,Frank Williams,2.54744E+11,,,,
1169,Carlos Jones,2.54774E+11,,,,
1168,Frank Smith,2.54747E+11,,,,
1167,Frank Garcia,2.54787E+11,,,,
1166,John Miller,2.54751E+11,,,,
1165,Jane Martinez,2.54751E+11,,,,
1164,Bob Rodriguez,2.54748E+11,,,,
1163,Diana Martinez,2.54776E+11,,,,
1162,Bob Williams,2.54796E+11,,,,
1161,Henry Brown,2.5471E+11,,,,
1160,Grace Garcia,2.54718E+11,,,,
1159,Alice Johnson,2.54738E+11,,,,
1158,Alice Rodriguez,2.54732E+11,,,,
1157,Carlos Jones,2.54765E+11,,,,
1156,Carlos Smith,2.54737E+11,,,,
1155,Henry Davis,2.54727E+11,,,,
1154,Jane Brown,2.54795E+11,,,,
1153,Bob Smith,2.54752E+11,,,,
1152,Frank Johnson,2.54766E+11,,,,
1151,Bob Davis,2.54717E+11,,,,
1150,Alice Smith,2.54766E+11,,,,
1149,Jane Martinez,2.54719E+11,,,,
1148,Carlos Jones,2.54728E+11,,,,
1147,Frank Williams,2.54783E+11,,,,
1146,John Smith,2.54784E+11,,,,
1145,Frank Smith,2.54718E+11,,,,
1144,John Williams,2.54785E+11,,,,
1143,Bob Garcia,2.54773E+11,,,,
1142,Bob Williams,2.54732E+11,,,,
1141,Diana Martinez,2.54791E+11,,,,
1140,Bob Brown,2.54739E+11,,,,
1139,Henry Miller,2.54713E+11,,,,
1138,Alice Brown,2.54734E+11,,,,
1137,Bob Martinez,2.54724E+11,,,,
1136,Grace Martinez,2.54721E+11,,,,
1135,Frank Brown,2.5479E+11,,,,
1134,John Miller,2.54773E+11,,,,
1133,Jane Garcia,2.54797E+11,,,,
1132,Diana Smith,2.54726E+11,,,,
1131,Frank Jones,2.54726E+11,,,,
1130,Diana Rodriguez,2.54772E+11,,,,
1129,Henry Williams,2.54772E+11,,,,
1128,Bob Miller,2.548E+11,,,,
1127,Henry Brown,2.54797E+11,,,,
1126,Grace Jones,2.54714E+11,,,,
1125,Diana Garcia,2.5478E+11,,,,
1124,Jane Brown,2.54718E+11,,,,
1123,Alice Brown,2.54798E+11,,,,
1122,Diana Williams,2.5477E+11,,,,
1121,John Rodriguez,2.5471E+11,,,,
1120,Frank Martinez,2.54756E+11,,,,
1119,Alice Martinez,2.54748E+11,,,,
1118,Frank Smith,2.54737E+11,,,,
1117,Frank Williams,2.54786E+11,,,,
1116,Jane Rodriguez,2.54777E+11,,,,
1115,Henry Miller,2.54713E+11,,,,
1114,Jane Miller,2.54755E+11,,,,
1113,Bob Martinez,2.54725E+11,,,,
1112,Alice Jones,2.54783E+11,,,,
1111,Frank Rodriguez,2.54743E+11,,,,
1110,Bob Garcia,2.54792E+11,,,,
1109,Diana Miller,2.54724E+11,,,,
1108,Grace Williams,2.54767E+11,,,,
1107,Alice Davis,2.54742E+11,,,,
1106,Frank Miller,2.54772E+11,,,,
1105,Henry Jones,2.54755E+11,,,,
1104,Frank Williams,2.54766E+11,,,,
1103,Henry Garcia,2.54716E+11,,,,
1102,Henry Brown,2.54736E+11,,,,
1101,Grace Martinez,2.54779E+11,,,,
1100,Bob Jones,2.54762E+11,,,,
1099,John Rodriguez,2.54784E+11,,,,
1098,Alice Rodriguez,2.54749E+11,,,,
1097,Carlos Williams,2.54721E+11,,,,
1096,Bob Williams,2.54777E+11,,,,
1095,Alice Johnson,2.54748E+11,,,,
1094,Eve Garcia,2.54739E+11,,,,
1093,Diana Smith,2.54729E+11,,,,
1092,John Brown,2.5473E+11,,,,
1091,Grace Davis,2.54776E+11,,,,
1090,Carlos Brown,2.54723E+11,,,,
1089,Bob Rodriguez,2.54744E+11,,,,
1088,Henry Jones,2.54759E+11,,,,
1087,Bob Garcia,2.54752E+11,,,,
1086,Alice Williams,2.54783E+11,,,,
1085,Frank Smith,2.54714E+11,,,,
1084,Jane Rodriguez,2.5476E+11,,,,
1083,Henry Miller,2.54733E+11,,,,
1082,Eve Martinez,2.54794E+11,,,,
1081,Jane Williams,2.54747E+11,,,,
1080,John Smith,2.54754E+11,,,,
1079,John Miller,2.5479E+11,,,,
1078,Carlos Martinez,2.54714E+11,,,,
1077,Eve Johnson,2.54741E+11,,,,
1076,Eve Smith,2.54744E+11,,,,
1075,Eve Smith,2.54795E+11,,,,
1074,Eve Rodriguez,2.54719E+11,,,,
1073,Frank Garcia,2.54765E+11,,,,
1072,Diana Jones,2.54766E+11,,,,
1071,Alice Johnson,2.54756E+11,,,,
1070,Bob Miller,2.5473E+11,,,,
1069,Bob Miller,2.54729E+11,,,,
1068,Grace Rodriguez,2.54786E+11,,,,
1067,Diana Johnson,2.54734E+11,,,,
1066,Carlos Garcia,2.5477E+11,,,,
1065,Eve Johnson,2.54722E+11,,,,
1064,Eve Brown,2.54713E+11,,,,
1063,Frank Garcia,2.5478E+11,,,,
1062,Alice Rodriguez,2.54715E+11,,,,
1061,Frank Davis,2.54732E+11,,,,
1060,Eve Miller,2.54791E+11,,,,
1059,Jane Jones,2.54715E+11,,,,
1058,Bob Miller,2.54787E+11,,,,
1057,Henry Davis,2.54748E+11,,,,
1056,Henry Jones,2.54749E+11,,,,
1055,Eve Smith,2.54738E+11,,,,
1054,Eve Davis,2.54724E+11,,,,
1053,Carlos Martinez,2.54715E+11,,,,
1052,Alice Williams,2.54786E+11,,,,
1051,Jane Davis,2.54715E+11,,,,
1050,Eve Rodriguez,2.54762E+11,,,,
1049,Jane Johnson,2.54769E+11,,,,
1048,Frank Williams,2.54763E+11,,,,
1047,Diana Williams,2.54742E+11,,,,
1046,Diana Brown,2.54765E+11,,,,
1045,Diana Davis,2.54783E+11,,,,
1044,Carlos Garcia,2.54781E+11,,,,
1043,Jane Davis,2.54746E+11,,,,
1042,Diana Davis,2.54798E+11,,,,
1041,Grace Martinez,2.54738E+11,,,,
1040,Bob Johnson,2.54785E+11,,,,
1039,John Martinez,2.54736E+11,,,,
1038,John Miller,2.54751E+11,,,,
1037,John Brown,2.54767E+11,,,,
1036,Henry Miller,2.54728E+11,,,,
1035,Grace Rodriguez,2.54718E+11,,,,
1034,Jane Brown,2.54787E+11,,,,
1033,Grace Johnson,2.54763E+11,,,,
1032,Bob Rodriguez,2.54764E+11,,,,
1031,John Rodriguez,2.54722E+11,,,,
1030,Grace Jones,2.54728E+11,,,,
1029,Frank Garcia,2.54729E+11,,,,
1028,Alice Jones,2.54741E+11,,,,
1027,Jane Johnson,2.54759E+11,,,,
1026,Diana Jones,2.54734E+11,,,,
1025,Alice Jones,2.54799E+11,,,,
1024,Bob Johnson,2.54791E+11,,,,
1023,Henry Rodriguez,2.54715E+11,,,,
1022,Alice Brown,2.54735E+11,,,,
1021,Eve Davis,2.54731E+11,,,,
1020,Carlos Williams,2.54784E+11,,,,
1019,Frank Miller,2.54715E+11,,,,
1018,Eve Rodriguez,2.54793E+11,,,,
1017,Carlos Miller,2.54779E+11,,,,
1016,Carlos Davis,2.54783E+11,,,,
1015,Bob Davis,2.54788E+11,,,,
1014,Frank Garcia,2.54762E+11,,,,
1013,Henry Rodriguez,2.54789E+11,,,,
1012,Grace Martinez,2.54717E+11,,,,
1011,Carlos Brown,2.54738E+11,,,,
1010,John Miller,2.5478E+11,,,,
1009,Henry Miller,2.5475E+11,,,,
1008,Frank Smith,2.54799E+11,,,,
1007,Diana Rodriguez,2.54755E+11,,,,
1006,John Rodriguez,2.54797E+11,,,,
1005,Frank Garcia,2.54745E+11,,,,
1004,Frank Brown,2.54788E+11,,,,
1003,Alice Brown,2.5479E+11,,,,
1002,Diana Garcia,2.54752E+11,,,,
1001,Carlos Garcia,2.54738E+11,,,,
1000,John Smith,2.54725E+11,,,,
999,Jane Davis,2.54761E+11,,,,
998,Alice Smith,2.54776E+11,,,,
997,Henry Smith,2.54753E+11,,,,
996,Diana Rodriguez,2.5478E+11,,,,
995,Alice Garcia,2.5478E+11,,,,
994,Carlos Martinez,2.54785E+11,,,,
993,Carlos Brown,2.54792E+11,,,,
992,Eve Garcia,2.5477E+11,,,,
991,Bob Rodriguez,2.5478E+11,,,,
990,Jane Smith,2.54724E+11,,,,
989,Eve Brown,2.54791E+11,,,,
988,Bob Jones,2.54775E+11,,,,
987,John Smith,2.54784E+11,,,,
986,Diana Miller,2.54748E+11,,,,
985,Diana Garcia,2.54762E+11,,,,
984,Alice Martinez,2.5479E+11,,,,
983,Eve Johnson,2.54755E+11,,,,
982,Henry Johnson,2.54793E+11,,,,
981,Henry Brown,2.54792E+11,,,,
980,Grace Jones,2.54752E+11,,,,
979,Grace Davis,2.54734E+11,,,,
978,Alice Smith,2.54799E+11,,,,
977,Frank Williams,2.54788E+11,,,,
976,Jane Jones,2.54781E+11,,,,
975,Bob Martinez,2.54733E+11,,,,
974,Grace Davis,2.54774E+11,,,,
973,Alice Garcia,2.54782E+11,,,,
972,Diana Jones,2.54715E+11,,,,
971,Carlos Rodriguez,2.54735E+11,,,,
970,Frank Brown,2.54797E+11,,,,
969,Henry Williams,2.54724E+11,,,,
968,Carlos Brown,2.54749E+11,,,,
967,Frank Davis,2.54726E+11,,,,
966,Henry Davis,2.54767E+11,,,,
965,Bob Davis,2.54743E+11,,,,
964,Carlos Johnson,2.54747E+11,,,,
963,John Smith,2.54743E+11,,,,
962,Carlos Rodriguez,2.54713E+11,,,,
961,Grace Smith,2.54714E+11,,,,
960,Eve Williams,2.5475E+11,,,,
959,John Martinez,2.54762E+11,,,,
958,Diana Smith,2.54778E+11,,,,
957,Bob Miller,2.54746E+11,,,,
956,Frank Rodriguez,2.54779E+11,,,,
955,Henry Smith,2.54796E+11,,,,
954,Diana Johnson,2.54759E+11,,,,
953,Eve Williams,2.54793E+11,,,,
952,Henry Jones,2.54758E+11,,,,
951,Carlos Garcia,2.54743E+11,,,,
950,Bob Smith,2.54765E+11,,,,
949,Diana Brown,2.54732E+11,,,,
948,Carlos Smith,2.54725E+11,,,,
947,Jane Smith,2.54789E+11,,,,
946,Jane Johnson,2.54715E+11,,,,
945,Eve Jones,2.54748E+11,,,,
944,Frank Jones,2.54797E+11,,,,
943,Diana Garcia,2.54766E+11,,,,
942,Grace Williams,2.5477E+11,,,,
941,Diana Miller,2.54732E+11,,,,
940,Grace Garcia,2.548E+11,,,,
939,Alice Williams,2.54784E+11,,,,
938,Frank Garcia,2.54785E+11,,,,
937,Carlos Smith,2.54797E+11,,,,
936,Jane Martinez,2.54722E+11,,,,
935,Bob Garcia,2.54716E+11,,,,
934,Alice Rodriguez,2.54786E+11,,,,
933,Jane Rodriguez,2.54731E+11,,,,
932,John Smith,2.54753E+11,,,,
931,Diana Smith,2.5479E+11,,,,
930,Carlos Smith,2.54741E+11,,,,
929,Alice Davis,2.5473E+11,,,,
928,Grace Williams,2.54796E+11,,,,
927,Frank Brown,2.54759E+11,,,,
926,Frank Martinez,2.54715E+11,,,,
925,Frank Miller,2.54719E+11,,,,
924,Eve Davis,2.54724E+11,,,,
923,Grace Smith,2.54716E+11,,,,
922,Bob Martinez,2.54779E+11,,,,
921,Frank Williams,2.54768E+11,,,,
920,John Martinez,2.54752E+11,,,,
919,Diana Brown,2.5476E+11,,,,
918,Eve Johnson,2.54764E+11,,,,
917,Carlos Williams,2.54731E+11,,,,
916,Eve Jones,2.54746E+11,,,,
915,Henry Garcia,2.54775E+11,,,,
914,Jane Johnson,2.54752E+11,,,,
913,Eve Martinez,2.54795E+11,,,,
912,Henry Miller,2.54732E+11,,,,
911,Alice Miller,2.54775E+11,,,,
910,Henry Miller,2.54781E+11,,,,
909,Diana Smith,2.54713E+11,,,,
908,Frank Rodriguez,2.54791E+11,,,,
907,Alice Jones,2.54722E+11,,,,
906,Bob Johnson,2.54757E+11,,,,
905,Eve Williams,2.54762E+11,,,,
904,John Miller,2.54798E+11,,,,
903,Frank Garcia,2.54739E+11,,,,
902,Frank Garcia,2.54743E+11,,,,
901,Eve Garcia,2.54748E+11,,,,
900,Bob Davis,2.54727E+11,,,,
899,Henry Johnson,2.54796E+11,,,,
898,Bob Davis,2.5473E+11,,,,
897,Henry Jones,2.54737E+11,,,,
896,Frank Johnson,2.54793E+11,,,,
895,John Johnson,2.54781E+11,,,,
894,Jane Smith,2.54711E+11,,,,
893,Alice Garcia,2.54739E+11,,,,
892,Henry Brown,2.54721E+11,,,,
891,John Rodriguez,2.54776E+11,,,,
890,Bob Garcia,2.54759E+11,,,,
889,Alice Johnson,2.54765E+11,,,,
888,Frank Johnson,2.54746E+11,,,,
887,John Davis,2.54724E+11,,,,
886,John Williams,2.54789E+11,,,,
885,Jane Williams,2.54728E+11,,,,
884,Henry Martinez,2.54745E+11,,,,
883,Carlos Jones,2.54746E+11,,,,
882,Grace Williams,2.54771E+11,,,,
881,Grace Martinez,2.54735E+11,,,,
880,Jane Brown,2.5474E+11,,,,
879,Bob Williams,2.54766E+11,,,,
878,Grace Jones,2.54716E+11,,,,
877,Diana Johnson,2.54757E+11,,,,
876,Carlos Smith,2.54799E+11,,,,
875,Bob Martinez,2.54782E+11,,,,
874,Jane Williams,2.54757E+11,,,,
873,Carlos Smith,2.54786E+11,,,,
872,Henry Rodriguez,2.54772E+11,,,,
871,Henry Davis,2.54714E+11,,,,
870,Carlos Rodriguez,2.54722E+11,,,,
869,Alice Brown,2.54734E+11,,,,
868,Diana Davis,2.54778E+11,,,,
867,Frank Johnson,2.54723E+11,,,,
866,Carlos Johnson,2.54723E+11,,,,
865,Frank Martinez,2.5472E+11,,,,
864,Grace Rodriguez,2.54715E+11,,,,
863,Henry Miller,2.54744E+11,,,,
862,Bob Miller,2.54764E+11,,,,
861,Grace Miller,2.54748E+11,,,,
860,Carlos Johnson,2.54789E+11,,,,
859,John Brown,2.54759E+11,,,,
858,Frank Garcia,2.54743E+11,,,,
857,Carlos Johnson,2.54768E+11,,,,
856,Alice Williams,2.54716E+11,,,,
855,Bob Johnson,2.54733E+11,,,,
854,Carlos Rodriguez,2.54746E+11,,,,
853,Henry Williams,2.54756E+11,,,,
852,Henry Johnson,2.54741E+11,,,,
851,Alice Brown,2.54756E+11,,,,
850,John Davis,2.54726E+11,,,,
849,Grace Martinez,2.54735E+11,,,,
848,Jane Williams,2.54795E+11,,,,
847,Henry Rodriguez,2.54749E+11,,,,
846,Diana Miller,2.54751E+11,,,,
845,Henry Brown,2.54716E+11,,,,
844,Bob Martinez,2.54752E+11,,,,
843,John Martinez,2.54747E+11,,,,
842,Jane Brown,2.54735E+11,,,,
841,Diana Brown,2.54764E+11,,,,
840,Eve Davis,2.54799E+11,,,,
839,Eve Brown,2.54738E+11,,,,
838,Bob Smith,2.54723E+11,,,,
837,Jane Miller,2.54721E+11,,,,
836,Henry Smith,2.54747E+11,,,,
835,Diana Jones,2.54715E+11,,,,
834,John Johnson,2.54762E+11,,,,
833,Diana Williams,2.54755E+11,,,,
832,Grace Williams,2.54717E+11,,,,
831,Eve Johnson,2.54749E+11,,,,
830,Alice Miller,2.5478E+11,,,,
829,Carlos Miller,2.54776E+11,,,,
828,Alice Williams,2.54769E+11,,,,
827,Grace Jones,2.5472E+11,,,,
826,John Smith,2.54771E+11,,,,
825,Bob Johnson,2.54763E+11,,,,
824,Henry Martinez,2.54726E+11,,,,
823,Carlos Smith,2.54797E+11,,,,
822,Eve Martinez,2.54722E+11,,,,
821,Bob Johnson,2.54755E+11,,,,
820,Bob Garcia,2.54754E+11,,,,
819,Eve Brown,2.54767E+11,,,,
818,Bob Williams,2.54747E+11,,,,
817,Carlos Martinez,2.54779E+11,,,,
816,Bob Rodriguez,2.54783E+11,,,,
815,Frank Rodriguez,2.54732E+11,,,,
814,Diana Davis,2.54794E+11,,,,
813,Frank Jones,2.54799E+11,,,,
812,Frank Williams,2.54762E+11,,,,
811,Henry Garcia,2.54762E+11,,,,
810,Diana Brown,2.54734E+11,,,,
809,Frank Jones,2.54773E+11,,,,
808,Frank Johnson,2.54763E+11,,,,
807,Carlos Rodriguez,2.54731E+11,,,,
806,Eve Rodriguez,2.54742E+11,,,,
805,Bob Williams,2.54739E+11,,,,
804,Alice Brown,2.54743E+11,,,,
803,Bob Brown,2.54736E+11,,,,
802,Frank Smith,2.54798E+11,,,,
801,Alice Davis,2.54738E+11,,,,
800,Bob Brown,2.54775E+11,,,,
799,Alice Johnson,2.54713E+11,,,,
798,Carlos Davis,2.54758E+11,,,,
797,Alice Johnson,2.54765E+11,,,,
796,Diana Brown,2.54769E+11,,,,
795,Alice Johnson,2.54711E+11,,,,
794,Grace Garcia,2.54797E+11,,,,
793,Grace Williams,2.54737E+11,,,,
792,Jane Garcia,2.54751E+11,,,,
791,John Miller,2.54744E+11,,,,
790,Grace Martinez,2.54715E+11,,,,
789,Bob Miller,2.54756E+11,,,,
788,Bob Davis,2.54715E+11,,,,
787,Henry Martinez,2.54743E+11,,,,
786,Grace Miller,2.54787E+11,,,,
785,Frank Miller,2.54765E+11,,,,
784,Alice Brown,2.54768E+11,,,,
783,Bob Davis,2.54724E+11,,,,
782,Frank Miller,2.54751E+11,,,,
781,Jane Martinez,2.54769E+11,,,,
780,Alice Williams,2.54757E+11,,,,
779,Eve Smith,2.54788E+11,,,,
778,Frank Smith,2.54797E+11,,,,
777,Bob Miller,2.54798E+11,,,,
776,John Johnson,2.5473E+11,,,,
775,Henry Rodriguez,2.54791E+11,,,,
774,Frank Davis,2.54776E+11,,,,
773,Bob Davis,2.5473E+11,,,,
772,John Brown,2.54785E+11,,,,
771,Frank Davis,2.54749E+11,,,,
770,Bob Johnson,2.54785E+11,,,,
769,Jane Garcia,2.54746E+11,,,,
768,Bob Brown,2.54771E+11,,,,
767,Diana Martinez,2.54734E+11,,,,
766,Carlos Brown,2.54784E+11,,,,
765,Alice Davis,2.54746E+11,,,,
764,Bob Garcia,2.54719E+11,,,,
763,Bob Rodriguez,2.54787E+11,,,,
762,Henry Garcia,2.54772E+11,,,,
761,Alice Martinez,2.54765E+11,,,,
760,Eve Miller,2.54765E+11,,,,
759,Alice Davis,2.54761E+11,,,,
758,John Martinez,2.54722E+11,,,,
757,Eve Davis,2.54789E+11,,,,
756,Carlos Brown,2.54732E+11,,,,
755,Bob Rodriguez,2.54738E+11,,,,
754,Henry Davis,2.54798E+11,,,,
753,Grace Williams,2.54768E+11,,,,
752,John Martinez,2.54725E+11,,,,
751,Carlos Smith,2.54733E+11,,,,
750,Grace Rodriguez,2.5471E+11,,,,
749,Frank Miller,2.54745E+11,,,,
748,Diana Williams,2.54757E+11,,,,
747,Alice Jones,2.54791E+11,,,,
746,Diana Miller,2.54785E+11,,,,
745,Carlos Brown,2.54736E+11,,,,
744,Diana Davis,2.54763E+11,,,,
743,Frank Smith,2.54746E+11,,,,
742,Grace Johnson,2.54732E+11,,,,
741,Frank Miller,2.54724E+11,,,,
740,Grace Johnson,2.54714E+11,,,,
739,Bob Williams,2.54717E+11,,,,
738,Jane Rodriguez,2.54764E+11,,,,
737,Frank Brown,2.54763E+11,,,,
736,John Miller,2.54772E+11,,,,
735,John Williams,2.54732E+11,,,,
734,Frank Rodriguez,2.54766E+11,,,,
733,Grace Martinez,2.54748E+11,,,,
732,Frank Davis,2.54729E+11,,,,
731,Henry Williams,2.54729E+11,,,,
730,Henry Williams,2.54739E+11,,,,
729,Jane Garcia,2.54743E+11,,,,
728,Alice Brown,2.54743E+11,,,,
727,Alice Smith,2.54768E+11,,,,
726,Diana Davis,2.54739E+11,,,,
725,Alice Garcia,2.54796E+11,,,,
724,Bob Johnson,2.54735E+11,,,,
723,Carlos Smith,2.54715E+11,,,,
722,Henry Rodriguez,2.54733E+11,,,,
721,Diana Johnson,2.54774E+11,,,,
720,John Martinez,2.54718E+11,,,,
719,Henry Rodriguez,2.54766E+11,,,,
718,Carlos Miller,2.54758E+11,,,,
717,Frank Johnson,2.54759E+11,,,,
716,Alice Rodriguez,2.54783E+11,,,,
715,John Miller,2.54732E+11,,,,
714,Frank Brown,2.54741E+11,,,,
713,Eve Miller,2.54752E+11,,,,
712,Alice Davis,2.54747E+11,,,,
711,Jane Johnson,2.54785E+11,,,,
710,Carlos Jones,2.54788E+11,,,,
709,Carlos Brown,2.54752E+11,,,,
708,Bob Jones,2.54729E+11,,,,
707,Eve Martinez,2.54784E+11,,,,
706,Frank Davis,2.54778E+11,,,,
705,Frank Johnson,2.54777E+11,,,,
704,Diana Johnson,2.54751E+11,,,,
703,Henry Brown,2.54714E+11,,,,
702,Jane Williams,2.5479E+11,,,,
701,Diana Smith,2.54714E+11,,,,
700,Bob Johnson,2.54729E+11,,,,
699,Alice Davis,2.54773E+11,,,,
698,Jane Miller,2.5474E+11,,,,
697,John Smith,2.54748E+11,,,,
696,Grace Williams,2.5475E+11,,,,
695,Carlos Brown,2.54773E+11,,,,
694,Frank Brown,2.54765E+11,,,,
693,Diana Jones,2.54719E+11,,,,
692,John Brown,2.54744E+11,,,,
691,Jane Brown,2.54728E+11,,,,
690,Grace Smith,2.54724E+11,,,,
689,Bob Garcia,2.54769E+11,,,,
688,Frank Garcia,2.54722E+11,,,,
687,John Miller,2.54744E+11,,,,
686,John Jones,2.54713E+11,,,,
685,Diana Williams,2.54752E+11,,,,
684,Eve Rodriguez,2.54762E+11,,,,
683,Carlos Williams,2.54757E+11,,,,
682,Grace Davis,2.54797E+11,,,,
681,Bob Jones,2.54742E+11,,,,
680,Bob Garcia,2.54747E+11,,,,
679,Grace Garcia,2.54735E+11,,,,
678,Eve Martinez,2.54761E+11,,,,
677,Diana Garcia,2.54756E+11,,,,
676,Eve Brown,2.54759E+11,,,,
675,Carlos Johnson,2.54733E+11,,,,
674,Carlos Jones,2.54778E+11,,,,
673,Eve Martinez,2.54772E+11,,,,
672,Diana Miller,2.54774E+11,,,,
671,Frank Rodriguez,2.54779E+11,,,,
670,John Smith,2.54764E+11,,,,
669,Jane Williams,2.54764E+11,,,,
668,Grace Davis,2.54739E+11,,,,
667,John Jones,2.54791E+11,,,,
666,John Williams,2.54727E+11,,,,
665,Grace Rodriguez,2.54765E+11,,,,
664,John Smith,2.5476E+11,,,,
663,Jane Garcia,2.54784E+11,,,,
662,Carlos Johnson,2.54797E+11,,,,
661,Grace Williams,2.54766E+11,,,,
660,Henry Martinez,2.54778E+11,,,,
659,John Johnson,2.54739E+11,,,,
658,Eve Garcia,2.54722E+11,,,,
657,Diana Martinez,2.54739E+11,,,,
656,Diana Brown,2.54713E+11,,,,
655,Henry Brown,2.54764E+11,,,,
654,Jane Garcia,2.54751E+11,,,,
653,Jane Johnson,2.54754E+11,,,,
652,Eve Williams,2.54717E+11,,,,
651,Eve Miller,2.54737E+11,,,,
650,Grace Brown,2.54726E+11,,,,
649,Frank Miller,2.54782E+11,,,,
648,Diana Jones,2.54739E+11,,,,
647,Diana Johnson,2.54787E+11,,,,
646,Bob Rodriguez,2.54738E+11,,,,
645,Bob Martinez,2.54766E+11,,,,
644,Henry Garcia,2.54736E+11,,,,
643,Jane Williams,2.54798E+11,,,,
642,Jane Brown,2.54718E+11,,,,
641,Carlos Martinez,2.54735E+11,,,,
640,Carlos Martinez,2.54726E+11,,,,
639,Diana Garcia,2.54756E+11,,,,
638,Alice Davis,2.54775E+11,,,,
637,Henry Johnson,2.54749E+11,,,,
636,Grace Miller,2.54777E+11,,,,
635,Henry Jones,2.54747E+11,,,,
634,Diana Williams,2.54742E+11,,,,
633,Grace Jones,2.54779E+11,,,,
632,Grace Rodriguez,2.54748E+11,,,,
631,Grace Jones,2.54721E+11,,,,
630,Henry Martinez,2.54741E+11,,,,
629,Alice Davis,2.54791E+11,,,,
628,Alice Brown,2.54768E+11,,,,
627,Diana Miller,2.54713E+11,,,,
626,Carlos Johnson,2.54771E+11,,,,
625,Carlos Smith,2.54759E+11,,,,
624,Frank Garcia,2.54754E+11,,,,
623,Carlos Martinez,2.54744E+11,,,,
622,John Miller,2.54779E+11,,,,
621,Grace Smith,2.54798E+11,,,,
620,John Garcia,2.54755E+11,,,,
619,Alice Johnson,2.54727E+11,,,,
618,Carlos Davis,2.54748E+11,,,,
617,Bob Rodriguez,2.54768E+11,,,,
616,John Brown,2.54785E+11,,,,
615,Diana Davis,2.54767E+11,,,,
614,Carlos Garcia,2.54715E+11,,,,
613,Frank Garcia,2.54723E+11,,,,
612,Frank Davis,2.54767E+11,,,,
611,Diana Davis,2.54762E+11,,,,
610,Eve Johnson,2.54728E+11,,,,
609,Jane Martinez,2.54742E+11,,,,
608,Jane Davis,2.5476E+11,,,,
607,Jane Smith,2.54742E+11,,,,
606,Eve Johnson,2.5473E+11,,,,
605,Carlos Miller,2.54791E+11,,,,
604,Grace Williams,2.54775E+11,,,,
603,Bob Jones,2.54784E+11,,,,
602,Grace Jones,2.54738E+11,,,,
601,Carlos Garcia,2.54778E+11,,,,
600,Frank Johnson,2.5478E+11,,,,
599,John Brown,2.5477E+11,,,,
598,Henry Williams,2.54774E+11,,,,
597,John Davis,2.54733E+11,,,,
596,Alice Brown,2.54733E+11,,,,
595,Alice Davis,2.54793E+11,,,,
594,Bob Smith,2.54731E+11,,,,
593,Jane Miller,2.54727E+11,,,,
592,Frank Garcia,2.5473E+11,,,,
591,Alice Williams,2.54784E+11,,,,
590,Alice Jones,2.54796E+11,,,,
589,Diana Jones,2.54732E+11,,,,
588,Grace Johnson,2.54716E+11,,,,
587,Carlos Jones,2.5478E+11,,,,
586,Diana Garcia,2.54727E+11,,,,
585,Eve Miller,2.54776E+11,,,,
584,Alice Johnson,2.54772E+11,,,,
583,Henry Davis,2.54775E+11,,,,
582,Jane Jones,2.54782E+11,,,,
581,Bob Rodriguez,2.54748E+11,,,,
580,Grace Rodriguez,2.54783E+11,,,,
579,Grace Davis,2.54769E+11,,,,
578,Jane Rodriguez,2.54762E+11,,,,
577,Eve Miller,2.54779E+11,,,,
576,Grace Miller,2.54762E+11,,,,
575,Grace Martinez,2.54747E+11,,,,
574,John Johnson,2.54717E+11,,,,
573,Frank Garcia,2.54739E+11,,,,
572,Henry Jones,2.54751E+11,,,,
571,Carlos Williams,2.54776E+11,,,,
570,Henry Smith,2.54756E+11,,,,
569,Eve Rodriguez,2.54747E+11,,,,
568,Frank Williams,2.54738E+11,,,,
567,Grace Smith,2.54761E+11,,,,
566,Bob Williams,2.54715E+11,,,,
565,Eve Garcia,2.54714E+11,,,,
564,Jane Miller,2.54783E+11,,,,
563,Jane Smith,2.54762E+11,,,,
562,Alice Jones,2.54736E+11,,,,
561,Eve Rodriguez,2.54717E+11,,,,
560,John Rodriguez,2.54796E+11,,,,
559,Alice Jones,2.54711E+11,,,,
558,Bob Smith,2.54797E+11,,,,
557,Henry Rodriguez,2.5477E+11,,,,
556,Grace Martinez,2.54711E+11,,,,
555,Alice Miller,2.54769E+11,,,,
554,Henry Smith,2.54795E+11,,,,
553,Diana Miller,2.54792E+11,,,,
552,Diana Rodriguez,2.54764E+11,,,,
551,Carlos Rodriguez,2.54729E+11,,,,
550,Carlos Johnson,2.54754E+11,,,,
549,Henry Rodriguez,2.54781E+11,,,,
548,Eve Miller,2.54713E+11,,,,
547,Diana Johnson,2.54781E+11,,,,
546,Grace Jones,2.54772E+11,,,,
545,John Johnson,2.54741E+11,,,,
544,John Rodriguez,2.54796E+11,,,,
543,Jane Johnson,2.54778E+11,,,,
542,Frank Davis,2.54732E+11,,,,
541,Bob Miller,2.54715E+11,,,,
540,Jane Garcia,2.54725E+11,,,,
539,John Brown,2.54776E+11,,,,
538,Bob Jones,2.54749E+11,,,,
537,Diana Davis,2.54762E+11,,,,
536,Bob Davis,2.54779E+11,,,,
535,Diana Davis,2.54792E+11,,,,
534,Grace Brown,2.5474E+11,,,,
533,Grace Johnson,2.54764E+11,,,,
532,Carlos Brown,2.54757E+11,,,,
531,Grace Miller,2.54764E+11,,,,
530,Diana Jones,2.54738E+11,,,,
529,John Jones,2.54715E+11,,,,
528,Bob Martinez,2.54747E+11,,,,
527,Henry Jones,2.54714E+11,,,,
526,Eve Johnson,2.5478E+11,,,,
525,Jane Rodriguez,2.5476E+11,,,,
524,Alice Smith,2.54759E+11,,,,
523,Alice Johnson,2.54748E+11,,,,
522,Diana Jones,2.54724E+11,,,,
521,John Williams,2.54712E+11,,,,
520,Frank Garcia,2.54736E+11,,,,
519,Carlos Williams,2.54727E+11,,,,
518,Bob Martinez,2.54718E+11,,,,
517,John Miller,2.54765E+11,,,,
516,Henry Williams,2.54758E+11,,,,
515,Diana Miller,2.54763E+11,,,,
514,Grace Rodriguez,2.54799E+11,,,,
513,Grace Williams,2.54795E+11,,,,
512,Eve Davis,2.54747E+11,,,,
511,Carlos Brown,2.54755E+11,,,,
510,Diana Rodriguez,2.54773E+11,,,,
509,Alice Miller,2.54751E+11,,,,
508,Bob Martinez,2.54717E+11,,,,
507,Frank Rodriguez,2.54747E+11,,,,
506,Frank Smith,2.54759E+11,,,,
505,Jane Martinez,2.54718E+11,,,,
504,Alice Martinez,2.54787E+11,,,,
503,Jane Miller,2.54781E+11,,,,
502,Alice Rodriguez,2.54756E+11,,,,
501,John Johnson,2.54734E+11,,,,
500,Diana Davis,2.54765E+11,,,,
499,Henry Davis,2.54762E+11,,,,
498,Bob Martinez,2.54779E+11,,,,
497,John Brown,2.54799E+11,,,,
496,Grace Smith,2.54737E+11,,,,
495,Carlos Davis,2.54711E+11,,,,
494,Carlos Smith,2.54743E+11,,,,
493,Jane Jones,2.54735E+11,,,,
492,Eve Smith,2.5479E+11,,,,
491,Eve Davis,2.5477E+11,,,,
490,John Miller,2.54735E+11,,,,
489,Henry Jones,2.54791E+11,,,,
488,Frank Miller,2.54751E+11,,,,
487,Bob Williams,2.54777E+11,,,,
486,Henry Davis,2.54762E+11,,,,
485,Diana Smith,2.5473E+11,,,,
484,Grace Martinez,2.54756E+11,,,,
483,Alice Smith,2.54768E+11,,,,
482,Alice Rodriguez,2.54796E+11,,,,
481,Eve Williams,2.54747E+11,,,,
480,Frank Martinez,2.54769E+11,,,,
479,Eve Smith,2.54775E+11,,,,
478,Grace Miller,2.54747E+11,,,,
477,Jane Williams,2.54786E+11,,,,
476,Jane Rodriguez,2.54746E+11,,,,
475,Carlos Smith,2.54744E+11,,,,
474,Carlos Garcia,2.54738E+11,,,,
473,Eve Smith,2.54783E+11,,,,
472,Jane Smith,2.54737E+11,,,,
471,Alice Rodriguez,2.54738E+11,,,,
470,Jane Johnson,2.5476E+11,,,,
469,Frank Rodriguez,2.54746E+11,,,,
468,Grace Brown,2.54736E+11,,,,
467,Grace Brown,2.5472E+11,,,,
466,Grace Rodriguez,2.5472E+11,,,,
465,Grace Davis,2.54772E+11,,,,
464,Diana Johnson,2.54741E+11,,,,
463,Grace Rodriguez,2.54712E+11,,,,
462,Frank Johnson,2.54773E+11,,,,
461,Grace Johnson,2.54726E+11,,,,
460,Alice Smith,2.54733E+11,,,,
459,Alice Rodriguez,2.54799E+11,,,,
458,Diana Davis,2.54782E+11,,,,
457,Frank Smith,2.54747E+11,,,,
456,Jane Miller,2.54786E+11,,,,
455,Alice Davis,2.54799E+11,,,,
454,Jane Smith,2.54794E+11,,,,
453,Jane Brown,2.54797E+11,,,,
452,Henry Martinez,2.54729E+11,,,,
451,Bob Miller,2.54759E+11,,,,
450,Eve Davis,2.54715E+11,,,,
449,Alice Smith,2.54762E+11,,,,
448,Carlos Williams,2.54748E+11,,,,
447,Bob Smith,2.54758E+11,,,,
446,Diana Martinez,2.54741E+11,,,,
445,Frank Williams,2.54762E+11,,,,
444,Diana Miller,2.54743E+11,,,,
443,Jane Smith,2.54729E+11,,,,
442,Bob Williams,2.54728E+11,,,,
441,Eve Miller,2.54761E+11,,,,
440,Eve Garcia,2.54782E+11,,,,
439,Alice Rodriguez,2.5476E+11,,,,
438,John Garcia,2.54751E+11,,,,
437,Eve Williams,2.5474E+11,,,,
436,Frank Garcia,2.54781E+11,,,,
435,Grace Martinez,2.54781E+11,,,,
434,Jane Miller,2.54785E+11,,,,
433,Frank Brown,2.54713E+11,,,,
432,Frank Rodriguez,2.54733E+11,,,,
431,Carlos Martinez,2.54723E+11,,,,
430,Jane Brown,2.54776E+11,,,,
429,Bob Rodriguez,2.54762E+11,,,,
428,Carlos Miller,2.54788E+11,,,,
427,Grace Johnson,2.54798E+11,,,,
426,Jane Williams,2.54727E+11,,,,
425,Alice Brown,2.54744E+11,,,,
424,Jane Martinez,2.54724E+11,,,,
423,John Davis,2.54711E+11,,,,
422,Frank Garcia,2.5472E+11,,,,
421,Eve Rodriguez,2.54726E+11,,,,
420,Frank Johnson,2.54784E+11,,,,
419,Jane Martinez,2.5479E+11,,,,
418,John Williams,2.54778E+11,,,,
417,John Jones,2.54736E+11,,,,
416,Jane Rodriguez,2.54748E+11,,,,
415,Jane Johnson,2.5471E+11,,,,
414,Diana Garcia,2.54752E+11,,,,
413,Alice Brown,2.54799E+11,,,,
412,Henry Rodriguez,2.54726E+11,,,,
411,Henry Davis,2.54755E+11,,,,
410,Henry Garcia,2.54772E+11,,,,
409,Diana Martinez,2.54728E+11,,,,
408,Carlos Smith,2.54719E+11,,,,
407,Frank Garcia,2.54766E+11,,,,
406,Eve Davis,2.54724E+11,,,,
405,Diana Garcia,2.54747E+11,,,,
404,Bob Johnson,2.54739E+11,,,,
403,Alice Martinez,2.54728E+11,,,,
402,Diana Smith,2.54744E+11,,,,
401,Frank Williams,2.54785E+11,,,,
400,Jane Miller,2.54779E+11,,,,
399,Bob Williams,2.54754E+11,,,,
398,Grace Davis,2.5475E+11,,,,
397,Henry Garcia,2.54786E+11,,,,
396,Jane Miller,2.54795E+11,,,,
395,Grace Martinez,2.54731E+11,,,,
394,Jane Williams,2.54791E+11,,,,
393,Carlos Jones,2.54769E+11,,,,
392,Bob Miller,2.5472E+11,,,,
391,Grace Garcia,2.54791E+11,,,,
390,Henry Jones,2.54717E+11,,,,
389,Henry Smith,2.54729E+11,,,,
388,Alice Williams,2.54762E+11,,,,
387,Diana Johnson,2.54734E+11,,,,
386,Bob Miller,2.54757E+11,,,,
385,Eve Martinez,2.54746E+11,,,,
384,John Brown,2.54744E+11,,,,
383,Jane Smith,2.54732E+11,,,,
382,John Johnson,2.54778E+11,,,,
381,Frank Jones,2.54749E+11,,,,
380,Eve Miller,2.54717E+11,,,,
379,Grace Johnson,2.54787E+11,,,,
378,Grace Martinez,2.54732E+11,,,,
377,Carlos Johnson,2.54762E+11,,,,
376,Eve Rodriguez,2.54791E+11,,,,
375,Frank Martinez,2.54764E+11,,,,
374,Bob Garcia,2.54767E+11,,,,
373,Carlos Garcia,2.54799E+11,,,,
372,Eve Garcia,2.5472E+11,,,,
371,Grace Jones,2.54795E+11,,,,
370,Henry Martinez,2.54732E+11,,,,
369,Frank Smith,2.54796E+11,,,,
368,Diana Brown,2.54763E+11,,,,
367,Diana Martinez,2.54724E+11,,,,
366,Bob Rodriguez,2.54782E+11,,,,
365,Bob Jones,2.54738E+11,,,,
364,Eve Johnson,2.54774E+11,,,,
363,Carlos Johnson,2.54741E+11,,,,
362,Henry Davis,2.54747E+11,,,,
361,Grace Rodriguez,2.54717E+11,,,,
360,Bob Williams,2.54749E+11,,,,
359,John Williams,2.54777E+11,,,,
358,Frank Smith,2.54783E+11,,,,
357,Eve Jones,2.54746E+11,,,,
356,Bob Brown,2.54773E+11,,,,
355,Alice Rodriguez,2.54735E+11,,,,
354,Bob Johnson,2.54786E+11,,,,
353,Eve Smith,2.54777E+11,,,,
352,Jane Brown,2.5471E+11,,,,
351,Henry Martinez,2.54741E+11,,,,
350,Diana Miller,2.54726E+11,,,,
349,Frank Rodriguez,2.54733E+11,,,,
348,Carlos Brown,2.54733E+11,,,,
347,Alice Miller,2.54788E+11,,,,
346,Eve Martinez,2.5474E+11,,,,
345,Carlos Miller,2.54757E+11,,,,
344,Eve Martinez,2.54794E+11,,,,
343,Alice Davis,2.54763E+11,,,,
342,Jane Brown,2.54787E+11,,,,
341,Eve Rodriguez,2.54745E+11,,,,
340,Jane Williams,2.54744E+11,,,,
339,Diana Johnson,2.54765E+11,,,,
338,Eve Martinez,2.54789E+11,,,,
337,Eve Jones,2.54731E+11,,,,
336,Alice Davis,2.5475E+11,,,,
335,Grace Rodriguez,2.5473E+11,,,,
334,Bob Martinez,2.54779E+11,,,,
333,Jane Miller,2.54739E+11,,,,
332,Henry Rodriguez,2.54744E+11,,,,
331,Henry Martinez,2.54791E+11,,,,
330,Alice Brown,2.54727E+11,,,,
329,Bob Martinez,2.54755E+11,,,,
328,Bob Miller,2.54786E+11,,,,
327,Jane Jones,2.54768E+11,,,,
326,Alice Williams,2.54735E+11,,,,
325,John Williams,2.5472E+11,,,,
324,Eve Smith,2.54747E+11,,,,
323,Eve Jones,2.54756E+11,,,,
322,Bob Rodriguez,2.54725E+11,,,,
321,Bob Rodriguez,2.54725E+11,,,,
320,Eve Garcia,2.54711E+11,,,,
319,Carlos Jones,2.54746E+11,,,,
318,Jane Rodriguez,2.54773E+11,,,,
317,Carlos Miller,2.54782E+11,,,,
316,Diana Brown,2.54796E+11,,,,
315,Carlos Davis,2.54721E+11,,,,
314,Henry Brown,2.54747E+11,,,,
313,Grace Smith,2.54789E+11,,,,
312,Jane Williams,2.54791E+11,,,,
311,Frank Garcia,2.54771E+11,,,,
310,Frank Jones,2.54782E+11,,,,
309,Carlos Smith,2.54798E+11,,,,
308,Bob Rodriguez,2.54739E+11,,,,
307,Grace Williams,2.54782E+11,,,,
306,Jane Johnson,2.54778E+11,,,,
305,Carlos Miller,2.54757E+11,,,,
304,Jane Johnson,2.54715E+11,,,,
303,Henry Garcia,2.54781E+11,,,,
302,Alice Johnson,2.54739E+11,,,,
301,John Jones,2.5473E+11,,,,
300,Jane Miller,2.54724E+11,,,,
299,Frank Davis,2.54755E+11,,,,
298,Alice Williams,2.54773E+11,,,,
297,Jane Davis,2.54778E+11,,,,
296,Eve Martinez,2.54716E+11,,,,
295,Eve Rodriguez,2.54772E+11,,,,
294,Jane Rodriguez,2.5475E+11,,,,
293,Grace Rodriguez,2.54769E+11,,,,
292,Grace Martinez,2.54792E+11,,,,
291,Grace Martinez,2.5476E+11,,,,
290,Alice Martinez,2.54797E+11,,,,
289,Carlos Williams,2.54757E+11,,,,
288,Alice Brown,2.54722E+11,,,,
287,Carlos Brown,2.54755E+11,,,,
286,Diana Smith,2.54735E+11,,,,
285,Jane Miller,2.54746E+11,,,,
284,John Miller,2.54744E+11,,,,
283,Frank Davis,2.5473E+11,,,,
282,Jane Miller,2.54798E+11,,,,
281,Jane Miller,2.54754E+11,,,,
280,Henry Smith,2.54759E+11,,,,
279,Jane Miller,2.54796E+11,,,,
278,John Rodriguez,2.54749E+11,,,,
277,Diana Johnson,2.54717E+11,,,,
276,Bob Garcia,2.54727E+11,,,,
275,Grace Miller,2.54719E+11,,,,
274,Bob Rodriguez,2.54741E+11,,,,
273,Frank Jones,2.54768E+11,,,,
272,Diana Brown,2.54721E+11,,,,
271,Grace Jones,2.54795E+11,,,,
270,Eve Smith,2.54749E+11,,,,
269,Alice Smith,2.54742E+11,,,,
268,Diana Jones,2.54735E+11,,,,
267,Grace Brown,2.54776E+11,,,,
266,Jane Williams,2.54748E+11,,,,
265,Alice Miller,2.54773E+11,,,,
264,John Smith,2.54782E+11,,,,
263,Alice Williams,2.54799E+11,,,,
262,Eve Miller,2.54735E+11,,,,
261,Eve Brown,2.54746E+11,,,,
260,Bob Brown,2.54749E+11,,,,
259,Eve Williams,2.54711E+11,,,,
258,Bob Rodriguez,2.54774E+11,,,,
257,Bob Miller,2.54767E+11,,,,
256,Frank Brown,2.54718E+11,,,,
255,Henry Brown,2.54777E+11,,,,
254,Diana Davis,2.54791E+11,,,,
253,Frank Martinez,2.54746E+11,,,,
252,Bob Smith,2.54778E+11,,,,
251,Eve Davis,2.54777E+11,,,,
250,Bob Martinez,2.54752E+11,,,,
249,Eve Rodriguez,2.5473E+11,,,,
248,Carlos Miller,2.5476E+11,,,,
247,Bob Williams,2.54758E+11,,,,
246,Frank Williams,2.54774E+11,,,,
245,Eve Garcia,2.54714E+11,,,,
244,John Miller,2.54726E+11,,,,
243,Alice Brown,2.5472E+11,,,,
242,Grace Garcia,2.54721E+11,,,,
241,John Johnson,2.54752E+11,,,,
240,Jane Rodriguez,2.54744E+11,,,,
239,Alice Rodriguez,2.54781E+11,,,,
238,Eve Williams,2.54716E+11,,,,
237,Henry Smith,2.54716E+11,,,,
236,Diana Rodriguez,2.54796E+11,,,,
235,Eve Williams,2.54728E+11,,,,
234,Alice Williams,2.54783E+11,,,,
233,John Rodriguez,2.54725E+11,,,,
232,Jane Johnson,2.5478E+11,,,,
231,Diana Brown,2.54765E+11,,,,
230,Alice Brown,2.54777E+11,,,,
229,Jane Brown,2.54772E+11,,,,
228,Alice Martinez,2.54727E+11,,,,
227,Carlos Martinez,2.54753E+11,,,,
226,Henry Johnson,2.54789E+11,,,,
225,Alice Rodriguez,2.54743E+11,,,,
224,Bob Smith,2.54763E+11,,,,
223,Eve Davis,2.5473E+11,,,,
222,Eve Brown,2.54758E+11,,,,
221,John Martinez,2.54724E+11,,,,
220,Bob Garcia,2.54736E+11,,,,
219,Alice Williams,2.54737E+11,,,,
218,Bob Miller,2.54743E+11,,,,
217,John Davis,2.5479E+11,,,,
216,Eve Davis,2.54771E+11,,,,
215,Alice Smith,2.54754E+11,,,,
214,Alice Smith,2.54766E+11,,,,
213,Eve Davis,2.54731E+11,,,,
212,Jane Garcia,2.54756E+11,,,,
211,Jane Smith,2.54748E+11,,,,
210,Grace Brown,2.54759E+11,,,,
209,Carlos Johnson,2.54783E+11,,,,
208,Bob Davis,2.54759E+11,,,,
207,Eve Smith,2.54748E+11,,,,
206,John Davis,2.54726E+11,,,,
205,Eve Johnson,2.54773E+11,,,,
204,Diana Jones,2.54747E+11,,,,
203,Bob Williams,2.54755E+11,,,,
202,Frank Jones,2.54741E+11,,,,
201,Diana Williams,2.548E+11,,,,
200,Jane Davis,2.54775E+11,,,,
199,Grace Martinez,2.54771E+11,,,,
198,Eve Smith,2.54784E+11,,,,
197,Frank Jones,2.54786E+11,,,,
196,John Rodriguez,2.54747E+11,,,,
195,Henry Miller,2.54758E+11,,,,
194,Henry Rodriguez,2.54793E+11,,,,
193,Bob Miller,2.54759E+11,,,,
192,Diana Miller,2.54741E+11,,,,
191,Frank Davis,2.54713E+11,,,,
190,Carlos Smith,2.54722E+11,,,,
189,Diana Davis,2.54799E+11,,,,
188,Bob Martinez,2.5473E+11,,,,
187,Frank Miller,2.54753E+11,,,,
186,Jane Johnson,2.54723E+11,,,,
185,Bob Martinez,2.54741E+11,,,,
184,Frank Williams,2.54766E+11,,,,
183,Diana Davis,2.54793E+11,,,,
182,Eve Miller,2.5472E+11,,,,
181,Carlos Martinez,2.54796E+11,,,,
180,Alice Garcia,2.54747E+11,,,,
179,Eve Jones,2.54767E+11,,,,
178,Bob Rodriguez,2.54717E+11,,,,
177,Grace Brown,2.54759E+11,,,,
176,Eve Smith,2.5474E+11,,,,
175,Henry Johnson,2.54794E+11,,,,
174,Frank Jones,2.54778E+11,,,,
173,Henry Garcia,2.54763E+11,,,,
172,Diana Jones,2.54788E+11,,,,
171,Eve Miller,2.54729E+11,,,,
170,Frank Miller,2.54753E+11,,,,
169,Henry Rodriguez,2.54714E+11,,,,
168,Jane Jones,2.54741E+11,,,,
167,John Jones,2.54733E+11,,,,
166,John Martinez,2.54753E+11,,,,
165,Alice Williams,2.54731E+11,,,,
164,Eve Martinez,2.54737E+11,,,,
163,Frank Johnson,2.54781E+11,,,,
162,Diana Garcia,2.54739E+11,,,,
161,Alice Williams,2.54713E+11,,,,
160,Diana Williams,2.54718E+11,,,,
159,Diana Brown,2.54733E+11,,,,
158,Frank Rodriguez,2.54771E+11,,,,
157,Alice Rodriguez,2.54735E+11,,,,
156,Jane Rodriguez,2.54778E+11,,,,
155,Eve Smith,2.54789E+11,,,,
154,Henry Martinez,2.54735E+11,,,,
153,Jane Brown,2.5475E+11,,,,
152,Bob Smith,2.54719E+11,,,,
151,John Davis,2.54793E+11,,,,
150,Carlos Martinez,2.54725E+11,,,,
149,Carlos Garcia,2.54763E+11,,,,
148,Bob Davis,2.54719E+11,,,,
147,Alice Davis,2.5474E+11,,,,
146,Diana Davis,2.54729E+11,,,,
145,Frank Johnson,2.54754E+11,,,,
144,Carlos Martinez,2.54752E+11,,,,
143,Frank Jones,2.54746E+11,,,,
142,Frank Garcia,2.54778E+11,,,,
141,Jane Garcia,2.54718E+11,,,,
140,Eve Martinez,2.54758E+11,,,,
139,Alice Garcia,2.54794E+11,,,,
138,Eve Rodriguez,2.54773E+11,,,,
137,Eve Williams,2.54723E+11,,,,
136,Diana Smith,2.54742E+11,,,,
135,John Rodriguez,2.54751E+11,,,,
134,Grace Brown,2.54771E+11,,,,
133,Grace Martinez,2.54727E+11,,,,
132,Alice Brown,2.54717E+11,,,,
131,John Williams,2.54784E+11,,,,
130,Henry Rodriguez,2.54759E+11,,,,
129,Carlos Martinez,2.54769E+11,,,,
128,Grace Davis,2.54758E+11,,,,
127,Diana Williams,2.5471E+11,,,,
126,Grace Rodriguez,2.54722E+11,,,,
125,Jane Rodriguez,2.5474E+11,,,,
124,Henry Jones,2.54719E+11,,,,
123,Bob Garcia,2.54717E+11,,,,
122,Bob Davis,2.54729E+11,,,,
121,Henry Rodriguez,2.54712E+11,,,,
120,Diana Williams,2.54785E+11,,,,
119,Alice Davis,2.54764E+11,,,,
118,Carlos Miller,2.54778E+11,,,,
117,Grace Garcia,2.54751E+11,,,,
116,Eve Davis,2.54781E+11,,,,
115,Bob Brown,2.5472E+11,,,,
114,Grace Johnson,2.54745E+11,,,,
113,Diana Williams,2.54756E+11,,,,
112,John Rodriguez,2.54769E+11,,,,
111,Bob Williams,2.54794E+11,,,,
110,Henry Miller,2.54724E+11,,,,
109,Bob Johnson,2.54759E+11,,,,
108,Grace Garcia,2.54767E+11,,,,
107,Diana Miller,2.54733E+11,,,,
106,Alice Johnson,2.54753E+11,,,,
105,Diana Rodriguez,2.54724E+11,,,,
104,Jane Davis,2.54754E+11,,,,
103,Henry Williams,2.54743E+11,,,,
102,Carlos Miller,2.54745E+11,,,,
101,Eve Brown,2.54715E+11,,,,
100,Carlos Williams,2.54798E+11,,,,
99,Diana Smith,2.54732E+11,,,,
98,John Rodriguez,2.54715E+11,,,,
97,Eve Davis,2.54734E+11,,,,
96,John Martinez,2.54746E+11,,,,
95,Frank Miller,2.54742E+11,,,,
94,Jane Johnson,2.54752E+11,,,,
93,Alice Smith,2.54756E+11,,,,
92,Diana Martinez,2.54755E+11,,,,
91,Frank Garcia,2.54771E+11,,,,
90,John Brown,2.54749E+11,,,,
89,Eve Brown,2.54792E+11,,,,
88,Alice Miller,2.54759E+11,,,,
87,John Miller,2.54712E+11,,,,
86,Bob Miller,2.54785E+11,,,,
85,Alice Brown,2.54792E+11,,,,
84,John Miller,2.54773E+11,,,,
83,Frank Rodriguez,2.5476E+11,,,,
82,Eve Davis,2.54719E+11,,,,
81,Diana Rodriguez,2.54749E+11,,,,
80,John Garcia,2.54766E+11,,,,
79,Grace Martinez,2.54767E+11,,,,
78,Grace Smith,2.54793E+11,,,,
77,Bob Brown,2.54736E+11,,,,
76,Diana Smith,2.54744E+11,,,,
75,Grace Rodriguez,2.54781E+11,,,,
74,John Williams,2.54734E+11,,,,
73,Carlos Martinez,2.54792E+11,,,,
72,Henry Davis,2.54751E+11,,,,
71,Grace Brown,2.54717E+11,,,,
70,Carlos Jones,2.54763E+11,,,,
69,Carlos Williams,2.54727E+11,,,,
68,Frank Johnson,2.54729E+11,,,,
67,Jane Davis,2.54767E+11,,,,
66,Eve Jones,2.54739E+11,,,,
65,Grace Davis,2.54774E+11,,,,
64,Bob Garcia,2.54747E+11,,,,
63,John Brown,2.54747E+11,,,,
62,Henry Davis,2.54768E+11,,,,
61,Alice Smith,2.54725E+11,,,,
60,Grace Davis,2.54724E+11,,,,
59,Grace Martinez,2.54735E+11,,,,
58,Grace Jones,2.54746E+11,,,,
57,Frank Jones,2.54798E+11,,,,
56,Diana Davis,2.54795E+11,,,,
55,Eve Jones,2.54737E+11,,,,
54,Carlos Jones,2.54744E+11,,,,
53,Eve Miller,2.54737E+11,,,,
52,Eve Martinez,2.54714E+11,,,,
51,John Miller,2.54736E+11,,,,
50,Eve Jones,2.54782E+11,,,,
49,Bob Brown,2.54719E+11,,,,
48,Frank Brown,2.54719E+11,,,,
47,Carlos Smith,2.54762E+11,,,,
46,Jane Martinez,2.54711E+11,,,,
45,Henry Johnson,2.54771E+11,,,,
44,Frank Miller,2.548E+11,,,,
43,Diana Garcia,2.5472E+11,,,,
42,Henry Martinez,2.54758E+11,,,,
41,Henry Rodriguez,2.54732E+11,,,,
40,John Garcia,2.54798E+11,,,,
39,Alice Williams,2.54773E+11,,,,
38,Frank Garcia,2.5473E+11,,,,
37,Alice Rodriguez,2.54792E+11,,,,
36,Bob Davis,2.54799E+11,,,,
35,John Johnson,2.54763E+11,,,,
34,Grace Rodriguez,2.54784E+11,,,,
33,Jane Miller,2.54785E+11,,,,
32,Carlos Smith,2.54735E+11,,,,
31,Frank Williams,2.54734E+11,,,,
30,Eve Smith,2.54768E+11,,,,
29,Bob Martinez,2.54766E+11,,,,
28,Frank Brown,2.54737E+11,,,,
27,Diana Brown,2.54752E+11,,,,
26,Jane Miller,2.54763E+11,,,,
25,Jane Smith,2.54715E+11,,,,
24,John Miller,2.54779E+11,,,,
23,Henry Davis,2.54757E+11,,,,
22,Carlos Martinez,2.54743E+11,,,,
21,Alice Jones,2.54795E+11,,,,
20,Frank Miller,2.54715E+11,,,,
19,Frank Rodriguez,2.54788E+11,,,,
18,Frank Miller,2.54797E+11,,,,
17,Carlos Johnson,2.54744E+11,,,,
16,Grace Jones,2.54781E+11,,,,
15,Jane Rodriguez,2.54788E+11,,,,
14,Bob Garcia,2.54747E+11,,,,
13,Alice Martinez,2.54714E+11,,,,
12,John Garcia,2.54774E+11,,,,
11,Alice Johnson,2.54783E+11,,,,
10,Grace Davis,2.54778E+11,,,,
9,Carlos Miller,2.54711E+11,,,,
8,Grace Garcia,2.5478E+11,,,,
7,Jane Miller,2.54737E+11,,,,
6,Grace Miller,2.54736E+11,,,,
5,Grace Martinez,2.54762E+11,,,,
4,Bob Smith,2.54758E+11,,,,
3,🏹🎯,2.54704E+11,,,,
2,Brenda K.,2.54705E+11,,owner@example.com,,
1,kenneth,2.54716E+11,https://convoconnect.net/uploads/media/ITNWCt1DWrhDK6CWfNCGzuk84CKCT9hRuya1hZA5.png,kenmwaura90@gmail.com,,
